"dataset","method","split_id","AT","V","AP","RH"
"powerplant","uni_loo",1,-2.1530332992675,-1.16083416847538,1.50543985429333,0.453338878471077
"powerplant","uni_loo",2,-2.16473205961492,-1.1708173512652,1.47115903317495,0.452637600770647
"powerplant","uni_loo",3,-2.1708948708016,-1.16964711905516,1.51393780512685,0.458258465483366
"powerplant","uni_loo",4,-2.16956769373175,-1.15958677889245,1.47893638641704,0.460748586685466
"powerplant","uni_loo",5,-2.17649585721437,-1.17190162392092,1.49258761251176,0.438106935273634
"powerplant","uni_loo",6,-2.16825684411329,-1.15825581592116,1.50748274435696,0.462181173921484
"powerplant","uni_loo",7,-2.1737089117152,-1.1735899573611,1.49890328351784,0.473143050911
"powerplant","uni_loo",8,-2.16505610070121,-1.16111024069092,1.49014423647044,0.442251181827984
"powerplant","uni_loo",9,-2.15828714463479,-1.16972861011267,1.49972700849564,0.472814354427316
"powerplant","uni_loo",10,-2.18418871386632,-1.16905736450551,1.54994626718023,0.453573962438267
"powerplant","uni_loo",11,-2.16957804526811,-1.16397979977133,1.48352861049755,0.464530590145035
"powerplant","uni_loo",12,-2.16029447589971,-1.1689547850944,1.5290070491802,0.459293793657603
"powerplant","uni_loo",13,-2.16803119989339,-1.17101091176259,1.45680256637432,0.441690799590632
"powerplant","uni_loo",14,-2.16681651219638,-1.16520003562811,1.44129925289314,0.451775542808434
"powerplant","uni_loo",15,-2.1674499606492,-1.16225489342008,1.52744670063874,0.441410883253952
"powerplant","uni_loo",16,-2.1682130146841,-1.16636750066499,1.52575333320474,0.455837816871304
"powerplant","uni_loo",17,-2.18634935234362,-1.18567265409633,1.52064629893105,0.467867207968409
"powerplant","uni_loo",18,-2.174098411424,-1.1733977699379,1.48541415451627,0.457157575428515
"powerplant","uni_loo",19,-2.16303823792425,-1.16108729476041,1.44389596633235,0.453031846470306
"powerplant","uni_loo",20,-2.17583001058869,-1.15993526225532,1.47374508611684,0.455632013195832
"powerplant","uni_loo",21,-2.16175272323288,-1.16925970008445,1.46861796925993,0.455529272660829
"powerplant","uni_loo",22,-2.15909450399311,-1.16839146712927,1.48900730061217,0.443963587810131
"powerplant","uni_loo",23,-2.1645057165029,-1.16098134733763,1.48691439091864,0.456284028384918
"powerplant","uni_loo",24,-2.16054367277598,-1.16141096321521,1.51265415894545,0.460799548481121
"powerplant","uni_loo",25,-2.18081772873509,-1.16816365554392,1.49656163683396,0.455406342807369
"powerplant","uni_loo",26,-2.16157801241675,-1.15617025257207,1.47494768859133,0.446826575088184
"powerplant","uni_loo",27,-2.16779148692556,-1.16032377160624,1.44315991819855,0.449037378910351
"powerplant","uni_loo",28,-2.15949037406593,-1.16153800202874,1.43483827666699,0.45640108931657
"powerplant","uni_loo",29,-2.15811768704364,-1.16099125595951,1.47758712697321,0.459801401427333
"powerplant","uni_loo",30,-2.16983743293902,-1.1691167419249,1.52694645545824,0.467755113081601
"powerplant","uni_loo",31,-2.166996220373,-1.16724440136711,1.43589860470838,0.463215449449155
"powerplant","uni_loo",32,-2.17349796591701,-1.17938552836918,1.48034612956848,0.476735688970164
"powerplant","uni_loo",33,-2.1739072375504,-1.15775623803153,1.48141153031948,0.459357148274916
"powerplant","uni_loo",34,-2.17451320201527,-1.16373825201587,1.54856408086266,0.461066038817083
"powerplant","uni_loo",35,-2.17203683249654,-1.16916782552852,1.50373411113286,0.455549570901454
"powerplant","uni_loo",36,-2.16833907571144,-1.1712304136222,1.52077757982695,0.453369260713277
"powerplant","uni_loo",37,-2.18131508990622,-1.18052387030881,1.45287096613917,0.459185278024454
"powerplant","uni_loo",38,-2.17347288859743,-1.17655243966091,1.51732131059938,0.451025743474301
"powerplant","uni_loo",39,-2.17150817883578,-1.17330854499793,1.50389809674959,0.442936120800693
"powerplant","uni_loo",40,-2.161139770336,-1.16765829494394,1.48078679934836,0.463285313849349
"powerplant","uni_loo",41,-2.17562420391136,-1.18018651223835,1.54889783902006,0.465668177362701
"powerplant","uni_loo",42,-2.17382702045434,-1.16893964482935,1.47954897891759,0.475477412513998
"powerplant","uni_loo",43,-2.17744001739616,-1.17125073951197,1.48821214041924,0.461120092410019
"powerplant","uni_loo",44,-2.17303577196205,-1.17000107182226,1.46740792826197,0.471988238263855
"powerplant","uni_loo",45,-2.16585967080196,-1.17326300538072,1.49465965572409,0.466582846800305
"powerplant","uni_loo",46,-2.17575136689872,-1.17881929914093,1.49671530710287,0.457012956578401
"powerplant","uni_loo",47,-2.18175805615549,-1.16537090295266,1.52123843546938,0.443874272352742
"powerplant","uni_loo",48,-2.17565217425477,-1.17161067311307,1.50615616854464,0.453478721224816
"powerplant","uni_loo",49,-2.16186500622064,-1.16938092651702,1.47569909770825,0.452630374210997
"powerplant","uni_loo",50,-2.16327448989071,-1.159874088475,1.51012523231798,0.441310341721642
"powerplant","uni_loo",51,-2.15505438321013,-1.15632378625914,1.50900603213199,0.447883653615412
"powerplant","uni_loo",52,-2.17688724300144,-1.16994523553628,1.51127031749122,0.447162707344292
"powerplant","uni_loo",53,-2.18524419994834,-1.17407576478768,1.47924232601757,0.463426109716658
"powerplant","uni_loo",54,-2.15893180494365,-1.16203763720814,1.50763349751552,0.46339060586264
"powerplant","uni_loo",55,-2.17019669953116,-1.17056270313334,1.45530492333418,0.452765793899151
"powerplant","uni_loo",56,-2.17468696732265,-1.17081515481528,1.48929089926174,0.448433746743059
"powerplant","uni_loo",57,-2.1651468200123,-1.17253643961774,1.49487817665055,0.447199282589598
"powerplant","uni_loo",58,-2.17674309767506,-1.16779045742923,1.47354699560257,0.467881321614714
"powerplant","uni_loo",59,-2.17172068679103,-1.17435779371531,1.46687578012865,0.464806705195608
"powerplant","uni_loo",60,-2.16642732542271,-1.16854356588173,1.52059226869952,0.455190003290114
"powerplant","uni_loo",61,-2.18288297874046,-1.16556444329761,1.47402032119288,0.451283122532148
"powerplant","uni_loo",62,-2.16981031142322,-1.16185446395282,1.54126213373563,0.450123959246297
"powerplant","uni_loo",63,-2.17753590726858,-1.16880561524512,1.51953228332398,0.473851620219862
"powerplant","uni_loo",64,-2.17357510535555,-1.1731250665349,1.49663931167188,0.468809500080129
"powerplant","uni_loo",65,-2.16747774417923,-1.17103402605507,1.4606959358691,0.46677507692729
"powerplant","uni_loo",66,-2.15722393472599,-1.16492600214863,1.48994280036741,0.453891285270363
"powerplant","uni_loo",67,-2.16412080779104,-1.15438347069934,1.46629942692928,0.452097631007563
"powerplant","uni_loo",68,-2.15680398054131,-1.15864765628125,1.48574995507704,0.447333695610773
"powerplant","uni_loo",69,-2.17037032798007,-1.15032334763443,1.51077761777637,0.436033014893147
"powerplant","uni_loo",70,-2.17050888514474,-1.15921492075651,1.49803148208489,0.464953460269058
"powerplant","uni_loo",71,-2.17458537274531,-1.16963740023382,1.46184338912773,0.45361586129424
"powerplant","uni_loo",72,-2.17065257432647,-1.17112581587115,1.45564001042378,0.453589595437848
"powerplant","uni_loo",73,-2.17217947932737,-1.16540899117568,1.4835394100954,0.462861414922794
"powerplant","uni_loo",74,-2.18133736487563,-1.17437532994059,1.52921362219918,0.444324680672488
"powerplant","uni_loo",75,-2.17075494211741,-1.16205467332908,1.43459916552644,0.463700429519715
"powerplant","uni_loo",76,-2.16914041724354,-1.16365508222119,1.53234250128577,0.445710605537283
"powerplant","uni_loo",77,-2.1807639469295,-1.17243579148614,1.47216008641684,0.460004352332516
"powerplant","uni_loo",78,-2.16820170246321,-1.16993496460171,1.48277485710961,0.471069526601159
"powerplant","uni_loo",79,-2.15875413843119,-1.16346039718237,1.4667365662592,0.469118931100482
"powerplant","uni_loo",80,-2.16790064459503,-1.17582693002039,1.45952941819368,0.462800924529983
"powerplant","uni_loo",81,-2.17658980088901,-1.17637792026833,1.48853638347592,0.455639852337328
"powerplant","uni_loo",82,-2.16636096764164,-1.16540769131756,1.48976495907195,0.461049147211112
"powerplant","uni_loo",83,-2.17003698651628,-1.17378721293459,1.47510304757147,0.440307244007343
"powerplant","uni_loo",84,-2.1737778483436,-1.16775907890965,1.50121648052328,0.458530465639132
"powerplant","uni_loo",85,-2.15619719225076,-1.16360266295548,1.49451922205184,0.446488903814315
"powerplant","uni_loo",86,-2.17266644258226,-1.15860575743691,1.4795744922371,0.458108206791682
"powerplant","uni_loo",87,-2.17672801552701,-1.16916219241725,1.53154704661722,0.451844386200582
"powerplant","uni_loo",88,-2.16806679161225,-1.16705370629251,1.49222890549957,0.466723017967884
"powerplant","uni_loo",89,-2.16233295109715,-1.16836123430412,1.45251070064212,0.463119210260321
"powerplant","uni_loo",90,-2.17523249467043,-1.17188447883423,1.50983214172824,0.468064613783831
"powerplant","uni_loo",91,-2.17909845716378,-1.1675047985911,1.51537590734849,0.470647737332905
"powerplant","uni_loo",92,-2.18297234241002,-1.16946539025964,1.44362532101713,0.432290283676011
"powerplant","uni_loo",93,-2.17441623192653,-1.1694163143113,1.48509539720043,0.460109142642352
"powerplant","uni_loo",94,-2.16059889610158,-1.16459721880872,1.49194735414215,0.44654275788955
"powerplant","uni_loo",95,-2.1885659141121,-1.17931284507002,1.46564814213223,0.460076582146377
"powerplant","uni_loo",96,-2.17958913625822,-1.17007776913955,1.47770348451309,0.440915095681901
"powerplant","uni_loo",97,-2.16625187954477,-1.17758799805313,1.50772870845855,0.461820961656554
"powerplant","uni_loo",98,-2.17184245973023,-1.16910558795995,1.53633768222978,0.452059153101538
"powerplant","uni_loo",99,-2.17042285409235,-1.16097347373096,1.44658889147707,0.454126491913104
"powerplant","uni_loo",100,-2.1846710018121,-1.17254361522688,1.50196799952316,0.463572281522662
"powerplant","unilasso_loo_true",1,-1.62540360513668,-0.324270237637666,0.159180782422193,0
"powerplant","unilasso_loo_true",2,-1.6375547707706,-0.325904865241821,0.146101937824896,0
"powerplant","unilasso_loo_true",3,-1.63718326330955,-0.324367948448935,0.165521676291762,0
"powerplant","unilasso_loo_true",4,-1.62902099814095,-0.325817772228453,0.172209708669922,0
"powerplant","unilasso_loo_true",5,-1.62038950887758,-0.34100225110028,0.158248450477659,0
"powerplant","unilasso_loo_true",6,-1.64492443364925,-0.320473572789506,0.154735571849518,0
"powerplant","unilasso_loo_true",7,-1.65840525834627,-0.313987485023316,0.160563361077909,0
"powerplant","unilasso_loo_true",8,-1.62616487338338,-0.328854821466065,0.159011525664968,0
"powerplant","unilasso_loo_true",9,-1.62892363203228,-0.3245899219153,0.159345352333716,0
"powerplant","unilasso_loo_true",10,-1.63597745103461,-0.329354474296235,0.170573304078385,0
"powerplant","unilasso_loo_true",11,-1.63493299623905,-0.324841205698424,0.167070910596739,0
"powerplant","unilasso_loo_true",12,-1.61982736275185,-0.330829790850964,0.164168953918768,0
"powerplant","unilasso_loo_true",13,-1.63798436484844,-0.326694609848028,0.154388472346735,0
"powerplant","unilasso_loo_true",14,-1.63095375716775,-0.329717437758357,0.155961944492516,0
"powerplant","unilasso_loo_true",15,-1.63560542864826,-0.32112426322874,0.164870487104113,0
"powerplant","unilasso_loo_true",16,-1.63622829165431,-0.325269037765511,0.162280802276817,0
"powerplant","unilasso_loo_true",17,-1.64062068563991,-0.334583966934953,0.157326518860021,0
"powerplant","unilasso_loo_true",18,-1.65515235969751,-0.318690689177115,0.14929155261385,0
"powerplant","unilasso_loo_true",19,-1.63347834646011,-0.327063456316751,0.146419126541375,0
"powerplant","unilasso_loo_true",20,-1.64750985545282,-0.318765204562394,0.167449817682632,0
"powerplant","unilasso_loo_true",21,-1.63803017254538,-0.3261211915344,0.144592857588306,0
"powerplant","unilasso_loo_true",22,-1.62406829817583,-0.33310961311249,0.148772142670955,0
"powerplant","unilasso_loo_true",23,-1.61983810770183,-0.333830512243537,0.147167311251308,0
"powerplant","unilasso_loo_true",24,-1.61158190560305,-0.332931848295259,0.170845680049447,0
"powerplant","unilasso_loo_true",25,-1.65394228120579,-0.322854904989099,0.148523692057697,0
"powerplant","unilasso_loo_true",26,-1.61976195603062,-0.328869816097022,0.157949608071362,0
"powerplant","unilasso_loo_true",27,-1.62882237432999,-0.331690578115405,0.151124745257985,0
"powerplant","unilasso_loo_true",28,-1.64064396757619,-0.322547503824932,0.141631868832157,0
"powerplant","unilasso_loo_true",29,-1.62997364996948,-0.328846043901661,0.137125273983699,0
"powerplant","unilasso_loo_true",30,-1.63225796019997,-0.326058205719898,0.163865056499014,0
"powerplant","unilasso_loo_true",31,-1.62494801827492,-0.334246489428284,0.15065357197521,0
"powerplant","unilasso_loo_true",32,-1.64620442564721,-0.325678452096018,0.150967087624771,0
"powerplant","unilasso_loo_true",33,-1.64704483505871,-0.323399087562245,0.154620379137442,0
"powerplant","unilasso_loo_true",34,-1.63920636886676,-0.319860334032344,0.177046113872028,0
"powerplant","unilasso_loo_true",35,-1.64278777406982,-0.325914438427369,0.152427642093841,0
"powerplant","unilasso_loo_true",36,-1.63547227777012,-0.32457109680043,0.180398268586347,0
"powerplant","unilasso_loo_true",37,-1.66862333011424,-0.315002098035693,0.149522589368679,0
"powerplant","unilasso_loo_true",38,-1.62150895797944,-0.33686039376076,0.160255478017841,0
"powerplant","unilasso_loo_true",39,-1.62624607601451,-0.331113977439701,0.166604021542852,0
"powerplant","unilasso_loo_true",40,-1.63101594118363,-0.326101060488474,0.153883350911808,0
"powerplant","unilasso_loo_true",41,-1.62359521800471,-0.335891067303909,0.169905063883896,0
"powerplant","unilasso_loo_true",42,-1.64867496420982,-0.323061814149057,0.138399753756039,0
"powerplant","unilasso_loo_true",43,-1.67034267254937,-0.315371041859376,0.136428567827784,0
"powerplant","unilasso_loo_true",44,-1.6612667145631,-0.311097094937976,0.159571089230971,0
"powerplant","unilasso_loo_true",45,-1.63102248261457,-0.327638855748403,0.158561759556185,0
"powerplant","unilasso_loo_true",46,-1.62817268371744,-0.335127772071554,0.158554705522042,0
"powerplant","unilasso_loo_true",47,-1.64992796433926,-0.318034015862537,0.168848888708287,0
"powerplant","unilasso_loo_true",48,-1.63727545082759,-0.327234161613399,0.16544921545287,0
"powerplant","unilasso_loo_true",49,-1.63704111799958,-0.325657228934603,0.151565955629792,0
"powerplant","unilasso_loo_true",50,-1.63175485288777,-0.328630332285647,0.148540354592812,0
"powerplant","unilasso_loo_true",51,-1.62831746591998,-0.321494549023447,0.160119635279926,0
"powerplant","unilasso_loo_true",52,-1.62997600995115,-0.332174485868961,0.156315010036939,0
"powerplant","unilasso_loo_true",53,-1.65190397770517,-0.330325794888586,0.14426401605809,0
"powerplant","unilasso_loo_true",54,-1.60814830176299,-0.333046434272324,0.17538889799651,0
"powerplant","unilasso_loo_true",55,-1.63012354083705,-0.33324346488808,0.152514114938752,0
"powerplant","unilasso_loo_true",56,-1.62041938962685,-0.338705938926352,0.153210806709867,0
"powerplant","unilasso_loo_true",57,-1.62758450775316,-0.331924832318518,0.151762899012807,0
"powerplant","unilasso_loo_true",58,-1.64646106748107,-0.321082972423514,0.157329326566892,0
"powerplant","unilasso_loo_true",59,-1.64121413307912,-0.328968194799109,0.144446353754312,0
"powerplant","unilasso_loo_true",60,-1.61436842933286,-0.336509208173751,0.159439789390644,0
"powerplant","unilasso_loo_true",61,-1.63869082064815,-0.33585561926723,0.137330267861169,0
"powerplant","unilasso_loo_true",62,-1.59581835313253,-0.341811289052452,0.184030752929373,0
"powerplant","unilasso_loo_true",63,-1.65087577089619,-0.319004052948587,0.157375407975744,0
"powerplant","unilasso_loo_true",64,-1.65943458523591,-0.313835676756367,0.157744494396062,0
"powerplant","unilasso_loo_true",65,-1.64689681968002,-0.319399577299535,0.153537874085556,0
"powerplant","unilasso_loo_true",66,-1.63003159398846,-0.32562939533654,0.145807506326791,0
"powerplant","unilasso_loo_true",67,-1.62301351035434,-0.329302286890767,0.161779713030528,0
"powerplant","unilasso_loo_true",68,-1.59788818583986,-0.34090970324727,0.166614346456909,0
"powerplant","unilasso_loo_true",69,-1.63340941573953,-0.326280790698358,0.155698363548585,0
"powerplant","unilasso_loo_true",70,-1.64151553569396,-0.319594373868627,0.160404301586563,0
"powerplant","unilasso_loo_true",71,-1.65553501994035,-0.319378019199169,0.145820438720705,0
"powerplant","unilasso_loo_true",72,-1.62651972997701,-0.336289076572526,0.154909314743696,0
"powerplant","unilasso_loo_true",73,-1.6427637143463,-0.323967886678885,0.153096376070307,0
"powerplant","unilasso_loo_true",74,-1.65113288184888,-0.324382533143784,0.161207027538933,0
"powerplant","unilasso_loo_true",75,-1.63640495027676,-0.329547374119572,0.143755137669762,0
"powerplant","unilasso_loo_true",76,-1.62662556150118,-0.327114024845487,0.1645467512006,0
"powerplant","unilasso_loo_true",77,-1.6509478485489,-0.32536009326259,0.149374396729881,0
"powerplant","unilasso_loo_true",78,-1.62743481270048,-0.332296204277458,0.163972803600567,0
"powerplant","unilasso_loo_true",79,-1.62337506397827,-0.328475542811052,0.156133157313277,0
"powerplant","unilasso_loo_true",80,-1.62679117115785,-0.340136946113272,0.141604499843382,0
"powerplant","unilasso_loo_true",81,-1.64158437170034,-0.33022152357527,0.154344155650609,0
"powerplant","unilasso_loo_true",82,-1.648557294641,-0.319954830679913,0.144998828607796,0
"powerplant","unilasso_loo_true",83,-1.61774386533164,-0.339269416761622,0.167658744949322,0
"powerplant","unilasso_loo_true",84,-1.63759100498799,-0.323675421162444,0.155472937886355,0
"powerplant","unilasso_loo_true",85,-1.60843161991727,-0.333884172950916,0.168135216342106,0
"powerplant","unilasso_loo_true",86,-1.64994807412583,-0.321072898371941,0.146230882412787,0
"powerplant","unilasso_loo_true",87,-1.63206549981809,-0.330935903833448,0.158695145663434,0
"powerplant","unilasso_loo_true",88,-1.64902039276146,-0.318401796389871,0.149674327475173,0
"powerplant","unilasso_loo_true",89,-1.64576684633809,-0.320818030359895,0.149253348106387,0
"powerplant","unilasso_loo_true",90,-1.64680574050339,-0.325417870175764,0.14550918292341,0
"powerplant","unilasso_loo_true",91,-1.63547362520839,-0.327786029465,0.169249736461373,0
"powerplant","unilasso_loo_true",92,-1.64855874321416,-0.331568436241261,0.141036067277511,0
"powerplant","unilasso_loo_true",93,-1.63520263900204,-0.328596458715477,0.156250041016311,0
"powerplant","unilasso_loo_true",94,-1.62023629844828,-0.330047518709352,0.158022619695194,0
"powerplant","unilasso_loo_true",95,-1.66148290178184,-0.324137589433989,0.152725777731392,0
"powerplant","unilasso_loo_true",96,-1.62873768056652,-0.337334237100383,0.169164274185498,0
"powerplant","unilasso_loo_true",97,-1.62504991581803,-0.330982835976804,0.161868710331711,0
"powerplant","unilasso_loo_true",98,-1.62252575076785,-0.329805994256856,0.168054328746405,0
"powerplant","unilasso_loo_true",99,-1.63301945911095,-0.329644167716038,0.145237360441182,0
"powerplant","unilasso_loo_true",100,-1.65515863006844,-0.319301070313449,0.159859398468552,0
"powerplant","unilasso_loo_false",1,-1.62524901127575,-0.32431546877671,0.15939772322838,0
"powerplant","unilasso_loo_false",2,-1.63740890266886,-0.325949355774587,0.146323663026603,0
"powerplant","unilasso_loo_false",3,-1.6370425452487,-0.324405741826136,0.165732869241744,0
"powerplant","unilasso_loo_false",4,-1.62885322629767,-0.325867874173307,0.172431361953454,0
"powerplant","unilasso_loo_false",5,-1.62023504573181,-0.341046470798599,0.158467214558852,0
"powerplant","unilasso_loo_false",6,-1.64476685400942,-0.320520932775,0.154957832085722,0
"powerplant","unilasso_loo_false",7,-1.65826606733585,-0.314025485317807,0.160778837910511,0
"powerplant","unilasso_loo_false",8,-1.62603683950929,-0.328890584458438,0.15922258965255,0
"powerplant","unilasso_loo_false",9,-1.62879489765547,-0.324625675480664,0.159554425383737,0
"powerplant","unilasso_loo_false",10,-1.63584123981776,-0.329391101659785,0.170770410664989,0
"powerplant","unilasso_loo_false",11,-1.63478534601783,-0.32488374168817,0.167282247704895,0
"powerplant","unilasso_loo_false",12,-1.61969848296282,-0.330864757915487,0.164366298378885,0
"powerplant","unilasso_loo_false",13,-1.63782757839095,-0.326738016493517,0.154616951052334,0
"powerplant","unilasso_loo_false",14,-1.63080572237381,-0.329760407858169,0.156190171601742,0
"powerplant","unilasso_loo_false",15,-1.63547229128938,-0.321161302631457,0.165077217892479,0
"powerplant","unilasso_loo_false",16,-1.63608414767475,-0.325309997166792,0.16248589509098,0
"powerplant","unilasso_loo_false",17,-1.64048628972345,-0.334621210549131,0.157535780985184,0
"powerplant","unilasso_loo_false",18,-1.65497732433489,-0.318751941651166,0.149566618669554,0
"powerplant","unilasso_loo_false",19,-1.63333227776872,-0.327105595010942,0.146640898774553,0
"powerplant","unilasso_loo_false",20,-1.64736140612988,-0.318805076696917,0.167661248184363,0
"powerplant","unilasso_loo_false",21,-1.63790598723743,-0.326154321934499,0.144807416073879,0
"powerplant","unilasso_loo_false",22,-1.62393365751433,-0.333146937365175,0.148978790817365,0
"powerplant","unilasso_loo_false",23,-1.61970504609461,-0.33386866406746,0.147377151706225,0
"powerplant","unilasso_loo_false",24,-1.61144269467884,-0.332969878450294,0.171062714084105,0
"powerplant","unilasso_loo_false",25,-1.65380038878657,-0.322895637194435,0.148735576967598,0
"powerplant","unilasso_loo_false",26,-1.61961549019243,-0.328908845568956,0.158165309666426,0
"powerplant","unilasso_loo_false",27,-1.62866840467757,-0.331734735740738,0.151335446835308,0
"powerplant","unilasso_loo_false",28,-1.64048768195708,-0.32259544911047,0.141864379147176,0
"powerplant","unilasso_loo_false",29,-1.62983635923421,-0.328884264987402,0.137355153922853,0
"powerplant","unilasso_loo_false",30,-1.6321123269519,-0.326103685020591,0.164067997894948,0
"powerplant","unilasso_loo_false",31,-1.62480503485034,-0.334286687873325,0.150863281818085,0
"powerplant","unilasso_loo_false",32,-1.64604016112817,-0.325727377907,0.15119239694689,0
"powerplant","unilasso_loo_false",33,-1.64689409545097,-0.323440779433903,0.154833041347695,0
"powerplant","unilasso_loo_false",34,-1.6390566495392,-0.319902733268809,0.177252319694642,0
"powerplant","unilasso_loo_false",35,-1.64263805785959,-0.325959229603522,0.152638513819363,0
"powerplant","unilasso_loo_false",36,-1.63532423634072,-0.324611876136497,0.180611075483284,0
"powerplant","unilasso_loo_false",37,-1.66846818492347,-0.315047403127735,0.149743561769551,0
"powerplant","unilasso_loo_false",38,-1.62136230368147,-0.336902098120623,0.160475144316215,0
"powerplant","unilasso_loo_false",39,-1.62608938878458,-0.33115641208932,0.166826566529237,0
"powerplant","unilasso_loo_false",40,-1.63087237912146,-0.326142826700872,0.154099440428591,0
"powerplant","unilasso_loo_false",41,-1.62345766425275,-0.335930737395813,0.170094953881691,0
"powerplant","unilasso_loo_false",42,-1.64853608271704,-0.323103987916227,0.13861867817795,0
"powerplant","unilasso_loo_false",43,-1.6701922146499,-0.315417425952266,0.136653425241247,0
"powerplant","unilasso_loo_false",44,-1.6611105275809,-0.311144028246537,0.159784245059526,0
"powerplant","unilasso_loo_false",45,-1.6308954011156,-0.327669314374358,0.158777576376286,0
"powerplant","unilasso_loo_false",46,-1.62803175716053,-0.335167377299249,0.158767189722537,0
"powerplant","unilasso_loo_false",47,-1.64977999112758,-0.318075077257481,0.169063048266837,0
"powerplant","unilasso_loo_false",48,-1.63713443368247,-0.327273147686386,0.165664796914214,0
"powerplant","unilasso_loo_false",49,-1.63689560130222,-0.325699378392061,0.151790625349422,0
"powerplant","unilasso_loo_false",50,-1.63161337515489,-0.328672912982503,0.148752199967171,0
"powerplant","unilasso_loo_false",51,-1.62815227855288,-0.321545471124892,0.160343700396885,0
"powerplant","unilasso_loo_false",52,-1.62983535701475,-0.332216074813032,0.156526182163102,0
"powerplant","unilasso_loo_false",53,-1.6517555422145,-0.330369765375918,0.14447753631499,0
"powerplant","unilasso_loo_false",54,-1.60800104391742,-0.333088174288578,0.175603774773471,0
"powerplant","unilasso_loo_false",55,-1.62998035758795,-0.333283141520965,0.152739332728865,0
"powerplant","unilasso_loo_false",56,-1.62026861206669,-0.338748857649489,0.153428883415127,0
"powerplant","unilasso_loo_false",57,-1.62743673306034,-0.331967896672956,0.151982079570408,0
"powerplant","unilasso_loo_false",58,-1.64631281026148,-0.321127265764054,0.157542686502932,0
"powerplant","unilasso_loo_false",59,-1.64106346352615,-0.329012922453155,0.144670734670878,0
"powerplant","unilasso_loo_false",60,-1.61423749488625,-0.336548147419088,0.159643699755224,0
"powerplant","unilasso_loo_false",61,-1.63854457136129,-0.335900385822062,0.137544446317703,0
"powerplant","unilasso_loo_false",62,-1.5956670176061,-0.341851000231667,0.184253013775964,0
"powerplant","unilasso_loo_false",63,-1.65073589935327,-0.319043682243022,0.157587623271582,0
"powerplant","unilasso_loo_false",64,-1.65929763657391,-0.313876285309849,0.157946650448009,0
"powerplant","unilasso_loo_false",65,-1.64674489303996,-0.319445816164895,0.153758948096091,0
"powerplant","unilasso_loo_false",66,-1.62987502417536,-0.325679484845312,0.146033746661411,0
"powerplant","unilasso_loo_false",67,-1.62286355689931,-0.329345407949464,0.161997681311419,0
"powerplant","unilasso_loo_false",68,-1.59774287729222,-0.340949644731556,0.166834808573188,0
"powerplant","unilasso_loo_false",69,-1.63326567123707,-0.326322503376891,0.155904987442,0
"powerplant","unilasso_loo_false",70,-1.64135998238645,-0.31963808217813,0.160628285114242,0
"powerplant","unilasso_loo_false",71,-1.65539389524246,-0.319420484086507,0.146022869032632,0
"powerplant","unilasso_loo_false",72,-1.62637154568995,-0.336327359124332,0.155135208665407,0
"powerplant","unilasso_loo_false",73,-1.64262468641718,-0.324009759256097,0.153315612689345,0
"powerplant","unilasso_loo_false",74,-1.65097481194331,-0.324429074544045,0.161423155658423,0
"powerplant","unilasso_loo_false",75,-1.63624583509464,-0.329595274097796,0.143973892449465,0
"powerplant","unilasso_loo_false",76,-1.62646448745125,-0.327161482860505,0.164772011886385,0
"powerplant","unilasso_loo_false",77,-1.65081067109692,-0.325399558922436,0.1495858469231,0
"powerplant","unilasso_loo_false",78,-1.62729419580454,-0.332334386422823,0.164179783616281,0
"powerplant","unilasso_loo_false",79,-1.62323933593956,-0.328510451264412,0.156349403791376,0
"powerplant","unilasso_loo_false",80,-1.62666061506969,-0.340173670587666,0.141823570799207,0
"powerplant","unilasso_loo_false",81,-1.6414446363004,-0.330261941149105,0.154552227481864,0
"powerplant","unilasso_loo_false",82,-1.6484347386018,-0.319988535291336,0.145209502584867,0
"powerplant","unilasso_loo_false",83,-1.6175869737466,-0.339313812714966,0.167884045407176,0
"powerplant","unilasso_loo_false",84,-1.63745767156009,-0.323713229660582,0.155695318997609,0
"powerplant","unilasso_loo_false",85,-1.60828133616162,-0.333923987101635,0.168346290870144,0
"powerplant","unilasso_loo_false",86,-1.64979792225883,-0.321118097465029,0.146444897481772,0
"powerplant","unilasso_loo_false",87,-1.6319295383092,-0.330971487575016,0.15890786606696,0
"powerplant","unilasso_loo_false",88,-1.64888306486034,-0.318443048430088,0.149880975578461,0
"powerplant","unilasso_loo_false",89,-1.64562729170414,-0.320858207385593,0.149465952319052,0
"powerplant","unilasso_loo_false",90,-1.6466679465564,-0.325460945514127,0.145716950942495,0
"powerplant","unilasso_loo_false",91,-1.63533198113542,-0.32782713458036,0.1694469412094,0
"powerplant","unilasso_loo_false",92,-1.64841709875149,-0.331606277630161,0.141257197340096,0
"powerplant","unilasso_loo_false",93,-1.63505620361163,-0.328638379365464,0.156467756896493,0
"powerplant","unilasso_loo_false",94,-1.62008841585866,-0.330088826165993,0.158237164147156,0
"powerplant","unilasso_loo_false",95,-1.66133267393786,-0.324179483461803,0.152950874643448,0
"powerplant","unilasso_loo_false",96,-1.6285872272753,-0.337371200307004,0.169401131218775,0
"powerplant","unilasso_loo_false",97,-1.62492096401484,-0.331015504591641,0.162083539057039,0
"powerplant","unilasso_loo_false",98,-1.62239015478093,-0.329845776953865,0.168260277223602,0
"powerplant","unilasso_loo_false",99,-1.6328741833411,-0.329687050399557,0.145449027492939,0
"powerplant","unilasso_loo_false",100,-1.65501541719391,-0.319342590985258,0.160066236569069,0
"powerplant","polish_unilasso",1,-1.9682532804327,-0.232433707139936,0.0593284772501711,-0.159111826499793
"powerplant","polish_unilasso",2,-1.99030283643689,-0.227858085831894,0.0482167068821512,-0.162174857610841
"powerplant","polish_unilasso",3,-1.97515246153413,-0.233641465404825,0.0667557748342031,-0.160187086006312
"powerplant","polish_unilasso",4,-1.96705170834354,-0.233107410030926,0.0801610652968017,-0.157932173321876
"powerplant","polish_unilasso",5,-1.96648263869511,-0.242151068899789,0.0650282653112723,-0.161523160725798
"powerplant","polish_unilasso",6,-1.9816067293981,-0.232128872703546,0.0636849640578145,-0.160937371151015
"powerplant","polish_unilasso",7,-1.98009638468302,-0.227760828834595,0.0683618125550789,-0.153085912212849
"powerplant","polish_unilasso",8,-1.98568025028556,-0.227629724989355,0.0608217370087175,-0.163689375178642
"powerplant","polish_unilasso",9,-1.9498918077133,-0.235958311202196,0.0734335063421392,-0.149612061619404
"powerplant","polish_unilasso",10,-1.97018129542963,-0.23768693192794,0.0741505545450014,-0.153221903822671
"powerplant","polish_unilasso",11,-1.97310321494327,-0.235667577500646,0.0708654191145741,-0.158790788653073
"powerplant","polish_unilasso",12,-1.97134771899764,-0.233366376799023,0.0636550019767958,-0.159601120722888
"powerplant","polish_unilasso",13,-1.98250286756199,-0.231854912294858,0.0536354816963578,-0.160867947291356
"powerplant","polish_unilasso",14,-1.96796896100331,-0.236682742020016,0.0635586960576267,-0.155718672055999
"powerplant","polish_unilasso",15,-1.98766183825362,-0.222918046217473,0.0686032214691833,-0.160220407623841
"powerplant","polish_unilasso",16,-1.97926454506217,-0.232392675863836,0.0611657313549996,-0.158474197883949
"powerplant","polish_unilasso",17,-1.97232492444696,-0.243327868199127,0.063884403054447,-0.15508168465441
"powerplant","polish_unilasso",18,-1.99154005961744,-0.225890468015167,0.0592614893576698,-0.16002404660881
"powerplant","polish_unilasso",19,-1.97400550935086,-0.234968899034517,0.0556993559473876,-0.160679594942919
"powerplant","polish_unilasso",20,-1.97484389661053,-0.230600089883126,0.0734829176585011,-0.151550470083512
"powerplant","polish_unilasso",21,-1.98453816050943,-0.231926655522025,0.0447338224341168,-0.161236139655756
"powerplant","polish_unilasso",22,-1.9582145497971,-0.238805157037324,0.0561138612558448,-0.155028762346007
"powerplant","polish_unilasso",23,-1.95765668685158,-0.242952030331807,0.0496544305402423,-0.156404817099313
"powerplant","polish_unilasso",24,-1.95167485772398,-0.242134683888692,0.0789761837598961,-0.15669052790001
"powerplant","polish_unilasso",25,-1.99805753247335,-0.230095159021341,0.0510977104985075,-0.161636572332105
"powerplant","polish_unilasso",26,-1.96289254273977,-0.233183651489143,0.0687807869402225,-0.155863402534334
"powerplant","polish_unilasso",27,-1.98244588729188,-0.234679979251701,0.053659283977952,-0.163525904177885
"powerplant","polish_unilasso",28,-1.97682505797143,-0.23018049658555,0.0540868263335036,-0.15819891632658
"powerplant","polish_unilasso",29,-1.97824492552613,-0.23670724193114,0.0380402721213895,-0.16347982569842
"powerplant","polish_unilasso",30,-1.96365035356244,-0.235622407835368,0.0723261283673891,-0.151664284159875
"powerplant","polish_unilasso",31,-1.95534793657294,-0.244059275067789,0.0600205147483996,-0.153355271662867
"powerplant","polish_unilasso",32,-1.97791129853504,-0.235737883612998,0.0613561318799239,-0.155946449669908
"powerplant","polish_unilasso",33,-1.99657141995867,-0.227602149535815,0.0595539835238945,-0.162982708579789
"powerplant","polish_unilasso",34,-1.9773993527829,-0.229216723697042,0.0805830366917744,-0.15584628028331
"powerplant","polish_unilasso",35,-1.96700773084001,-0.23607373008545,0.0662861645084048,-0.152800422971492
"powerplant","polish_unilasso",36,-1.94170154231258,-0.240554110589634,0.0939990702318175,-0.146511251698119
"powerplant","polish_unilasso",37,-2.00654545338747,-0.223021506432298,0.0566862505738245,-0.158182444317004
"powerplant","polish_unilasso",38,-1.9705431487636,-0.241551549317324,0.0624902368172034,-0.161872124682566
"powerplant","polish_unilasso",39,-1.96754105588163,-0.237717624166015,0.0719745675157717,-0.159765299678931
"powerplant","polish_unilasso",40,-1.97408765903663,-0.23465994407526,0.0544156824524827,-0.161199554141026
"powerplant","polish_unilasso",41,-1.95565778050196,-0.246412894856819,0.0782274402997253,-0.155900960501911
"powerplant","polish_unilasso",42,-1.98509356718123,-0.231008969073983,0.046846622239143,-0.155016356321648
"powerplant","polish_unilasso",43,-2.0039239749124,-0.225455564086855,0.039236127370384,-0.158557818383924
"powerplant","polish_unilasso",44,-2.00597037228762,-0.218643878419583,0.0634431165967494,-0.160704390001832
"powerplant","polish_unilasso",45,-1.96730718350671,-0.236046043557181,0.0669252998031555,-0.156960193346569
"powerplant","polish_unilasso",46,-1.97637012566869,-0.238276770449716,0.060881754486225,-0.160448153742889
"powerplant","polish_unilasso",47,-1.98472538356044,-0.225563891066442,0.0702933292895995,-0.155802454270587
"powerplant","polish_unilasso",48,-1.98149441689157,-0.232563653548589,0.0687963842992888,-0.157866844693369
"powerplant","polish_unilasso",49,-1.97563990570916,-0.233526940016071,0.0564014274177055,-0.160196011655345
"powerplant","polish_unilasso",50,-1.97056470232307,-0.235206858367732,0.055144694143856,-0.157023203244931
"powerplant","polish_unilasso",51,-1.97681194354262,-0.226125140090053,0.0616115084820558,-0.159521435295486
"powerplant","polish_unilasso",52,-1.97818888472567,-0.23747151137883,0.0556635770838978,-0.161287056313241
"powerplant","polish_unilasso",53,-1.9846123623942,-0.237389269880581,0.0577570432564197,-0.156438290485961
"powerplant","polish_unilasso",54,-1.95719236404501,-0.238253032705173,0.0784521373784583,-0.161270144520458
"powerplant","polish_unilasso",55,-1.94996286846372,-0.247175094080793,0.0613599638173788,-0.152797472092424
"powerplant","polish_unilasso",56,-1.97256585108171,-0.239027597839866,0.0537818468854314,-0.158413423260024
"powerplant","polish_unilasso",57,-1.95973530269636,-0.238573095287043,0.0581905808080674,-0.154552473849753
"powerplant","polish_unilasso",58,-1.97385536913951,-0.236176208111364,0.0661180737667108,-0.157354209539441
"powerplant","polish_unilasso",59,-1.97925764225006,-0.233919189811466,0.0537514300678458,-0.156808421407613
"powerplant","polish_unilasso",60,-1.94407941434421,-0.244010858944506,0.0710178270321782,-0.152558886092481
"powerplant","polish_unilasso",61,-2.00328380396276,-0.232102503296442,0.0445335208949,-0.165407761976625
"powerplant","polish_unilasso",62,-1.93106965880907,-0.25071000486231,0.0844850372884757,-0.154245264261784
"powerplant","polish_unilasso",63,-1.98580262736773,-0.228494738418128,0.0615967628347427,-0.156447145997175
"powerplant","polish_unilasso",64,-1.99170531167019,-0.224612309304752,0.0656272414592403,-0.158210939210899
"powerplant","polish_unilasso",65,-1.99906119721604,-0.223797691009496,0.0566660456708218,-0.167535613512195
"powerplant","polish_unilasso",66,-1.99348825500455,-0.223943992723141,0.0501220433845453,-0.16510199407661
"powerplant","polish_unilasso",67,-1.96193829584615,-0.234829057884082,0.0716766159829983,-0.155351386818403
"powerplant","polish_unilasso",68,-1.94249083498284,-0.248222586069039,0.0666823055891496,-0.159051214227726
"powerplant","polish_unilasso",69,-1.9796201059423,-0.231239630390677,0.0568362467502959,-0.161034932413874
"powerplant","polish_unilasso",70,-1.98137638500919,-0.226347684583814,0.0681281534336454,-0.1553274519705
"powerplant","polish_unilasso",71,-1.99172687002766,-0.225691710155991,0.0576986176351546,-0.15873465915793
"powerplant","polish_unilasso",72,-1.97537203932963,-0.241582594584414,0.0585852266974804,-0.162888729590391
"powerplant","polish_unilasso",73,-1.96575017825287,-0.236797977271418,0.0609558221152891,-0.149995155335444
"powerplant","polish_unilasso",74,-1.98608741850253,-0.230369070624024,0.0662628990313187,-0.156381470854029
"powerplant","polish_unilasso",75,-1.97073192136097,-0.240319971164304,0.0533241109726762,-0.157031451615013
"powerplant","polish_unilasso",76,-1.96718511124759,-0.231595171739404,0.072420386476315,-0.15313310758616
"powerplant","polish_unilasso",77,-1.97057525665131,-0.2361267055098,0.064065102601489,-0.151484211818084
"powerplant","polish_unilasso",78,-1.97861525509093,-0.237596686555159,0.0674636501004623,-0.161350734189938
"powerplant","polish_unilasso",79,-1.98330027799963,-0.229959837515489,0.0592529746152059,-0.163636459907926
"powerplant","polish_unilasso",80,-1.9719173037841,-0.24175972699561,0.0540865722267918,-0.157378875217784
"powerplant","polish_unilasso",81,-1.97311180258219,-0.237996903803467,0.0640154050121626,-0.155540800492004
"powerplant","polish_unilasso",82,-1.97062559343178,-0.232602207733751,0.0582179928489718,-0.154354811601913
"powerplant","polish_unilasso",83,-1.94691650577236,-0.243094874061203,0.0802044632157947,-0.150160893291965
"powerplant","polish_unilasso",84,-1.97367689823807,-0.232297700740737,0.0624644679777882,-0.156277648037302
"powerplant","polish_unilasso",85,-1.95370817274509,-0.237437711142087,0.0766468430223324,-0.157183840988694
"powerplant","polish_unilasso",86,-1.97353236641721,-0.232955514299624,0.0607524847899544,-0.153760797155457
"powerplant","polish_unilasso",87,-1.97409917137409,-0.23536452290177,0.0669355170481985,-0.158539411925298
"powerplant","polish_unilasso",88,-1.97192443638377,-0.231596591079418,0.0609600616151996,-0.153186597883603
"powerplant","polish_unilasso",89,-1.99151933682748,-0.226333206681709,0.0537098934023996,-0.162211442388836
"powerplant","polish_unilasso",90,-1.98107259795149,-0.233839686988143,0.0543543995789631,-0.158045129890824
"powerplant","polish_unilasso",91,-1.97369100429692,-0.238799368394304,0.0764518547743684,-0.159061727715771
"powerplant","polish_unilasso",92,-1.9803479218188,-0.238280902507299,0.052110427125083,-0.156615212338413
"powerplant","polish_unilasso",93,-1.96411732492708,-0.241094263048148,0.0639113815108012,-0.156716277700134
"powerplant","polish_unilasso",94,-1.96762471355767,-0.232544455181374,0.0624206873865808,-0.157442768835767
"powerplant","polish_unilasso",95,-2.00312928708133,-0.227822788489267,0.0614871645398309,-0.158878611592547
"powerplant","polish_unilasso",96,-1.9772018982248,-0.23917176821726,0.0722857019825214,-0.158693195670886
"powerplant","polish_unilasso",97,-1.97804935960749,-0.2351617080292,0.064877375879081,-0.164350378798433
"powerplant","polish_unilasso",98,-1.97936663204554,-0.231662310459938,0.0717144613028965,-0.163562300305006
"powerplant","polish_unilasso",99,-1.96616778954091,-0.239824771768896,0.0514273495501615,-0.15804201376693
"powerplant","polish_unilasso",100,-1.98767940450827,-0.229226062312692,0.0672640782358555,-0.155682059079364
"powerplant","lasso_cv",1,-1.94805278586406,-0.238930588289295,0.0535749807274712,-0.153221969419295
"powerplant","lasso_cv",2,-1.96960104786924,-0.234653753485861,0.0420129602839204,-0.156244443485153
"powerplant","lasso_cv",3,-1.95478247043783,-0.240274398787771,0.0606532154226814,-0.154234871330315
"powerplant","lasso_cv",4,-1.9455320613813,-0.24008687056415,0.0741694446260502,-0.151717248166785
"powerplant","lasso_cv",5,-1.94563065893206,-0.249121988852634,0.058724511997827,-0.155521763270966
"powerplant","lasso_cv",6,-1.96233463966577,-0.238173600505487,0.0569578764549906,-0.155110862278653
"powerplant","lasso_cv",7,-1.959984997493,-0.234263534038091,0.0618231657919098,-0.147163194845939
"powerplant","lasso_cv",8,-1.9646697869452,-0.234594654392449,0.0545424576033305,-0.157699846891524
"powerplant","lasso_cv",9,-1.92822395136611,-0.243137801296843,0.0675103106616313,-0.143329261565812
"powerplant","lasso_cv",10,-1.94837931771867,-0.244958878765803,0.0680952617264147,-0.147091989748468
"powerplant","lasso_cv",11,-1.95230169249383,-0.242285198611336,0.0649285359723937,-0.152757502770996
"powerplant","lasso_cv",12,-1.95006158434767,-0.240464304978803,0.0572395833933467,-0.153491914889944
"powerplant","lasso_cv",13,-1.96276610134854,-0.238291528137389,0.0473397570990825,-0.155216006706346
"powerplant","lasso_cv",14,-1.94699744461281,-0.243472880412884,0.0575467635463388,-0.14975657485051
"powerplant","lasso_cv",15,-1.96651909562289,-0.230008433094064,0.0621052014955532,-0.154295117032625
"powerplant","lasso_cv",16,-1.95893333589423,-0.23898623090751,0.0550475408702818,-0.152557872127674
"powerplant","lasso_cv",17,-1.95085477996188,-0.250498137768507,0.0575467305355249,-0.148922076937625
"powerplant","lasso_cv",18,-1.97098984371951,-0.232716990364299,0.0525967221321129,-0.154077747989904
"powerplant","lasso_cv",19,-1.95323065571512,-0.241682112344913,0.0497126209589561,-0.154689184075765
"powerplant","lasso_cv",20,-1.95438789374496,-0.237212153796507,0.0670969654493512,-0.14572834853511
"powerplant","lasso_cv",21,-1.96417628733951,-0.238552797146735,0.0386272045026138,-0.15534839682507
"powerplant","lasso_cv",22,-1.93755094050581,-0.245712627287377,0.049947179861291,-0.149095959870988
"powerplant","lasso_cv",23,-1.93680911078148,-0.249743973520372,0.0433453665880185,-0.150438379147565
"powerplant","lasso_cv",24,-1.93072670581542,-0.248924098885705,0.0724592311249547,-0.150662196151287
"powerplant","lasso_cv",25,-1.97758154562487,-0.236730010576656,0.0448925516871685,-0.155706567073556
"powerplant","lasso_cv",26,-1.94154661773122,-0.240191493338766,0.0627381478729129,-0.149825163752324
"powerplant","lasso_cv",27,-1.96167502951316,-0.241329639132451,0.0478431801188013,-0.157533304020357
"powerplant","lasso_cv",28,-1.9558706839216,-0.23705350366885,0.0476099779095521,-0.152186818098079
"powerplant","lasso_cv",29,-1.9575743931947,-0.243423430858886,0.0317882454924306,-0.15748434645938
"powerplant","lasso_cv",30,-1.9420213431786,-0.242732662386024,0.0662639355331017,-0.145480520836829
"powerplant","lasso_cv",31,-1.93351167722035,-0.251203342432066,0.0540534121696648,-0.147181272597492
"powerplant","lasso_cv",32,-1.95652395842001,-0.242719951007187,0.055263970782557,-0.149737430202179
"powerplant","lasso_cv",33,-1.97676557577866,-0.233832498118438,0.0532331390592898,-0.157014226102281
"powerplant","lasso_cv",34,-1.95681741658225,-0.235885983273253,0.0744557336994653,-0.149867481963407
"powerplant","lasso_cv",35,-1.9464760375155,-0.242833391694782,0.0597354083338914,-0.146831684555127
"powerplant","lasso_cv",36,-1.92166610682446,-0.247094614771185,0.0877245168153116,-0.140663031531629
"powerplant","lasso_cv",37,-1.98577659315202,-0.229871256292251,0.0501821520639961,-0.152343262938928
"powerplant","lasso_cv",38,-1.94992949410996,-0.248317361664253,0.0563071093956578,-0.155947788710978
"powerplant","lasso_cv",39,-1.94711350736173,-0.244504867126563,0.0655329662893386,-0.153972132259542
"powerplant","lasso_cv",40,-1.95428726916439,-0.240992278831351,0.0480120110356307,-0.15535779940872
"powerplant","lasso_cv",41,-1.93423840411492,-0.253553572542128,0.0720207366209098,-0.1497287166836
"powerplant","lasso_cv",42,-1.96237285045167,-0.238564088531224,0.040932784304982,-0.148594130979643
"powerplant","lasso_cv",43,-1.98396661003801,-0.231937890888203,0.0326800265026367,-0.152723369899387
"powerplant","lasso_cv",44,-1.98496961706813,-0.225378841500884,0.0576473321040133,-0.154621271032266
"powerplant","lasso_cv",45,-1.9458180525567,-0.243175477459668,0.060671603044449,-0.150804410916719
"powerplant","lasso_cv",46,-1.95496258661354,-0.24540413065755,0.0547783884785857,-0.154348747874496
"powerplant","lasso_cv",47,-1.9643476910167,-0.232267229262125,0.0643643282977741,-0.149966218007615
"powerplant","lasso_cv",48,-1.96038703327387,-0.239533668425481,0.0625991208799243,-0.151882961876747
"powerplant","lasso_cv",49,-1.95553982317787,-0.240068567522707,0.050246252518966,-0.154333506171171
"powerplant","lasso_cv",50,-1.9504129332664,-0.241794750726066,0.048951292165171,-0.15118844293587
"powerplant","lasso_cv",51,-1.95647593476067,-0.232756379043843,0.0553288505709712,-0.15366006858947
"powerplant","lasso_cv",52,-1.95722107367416,-0.244372870372158,0.0497435979468578,-0.155337112184157
"powerplant","lasso_cv",53,-1.96323432121796,-0.244466827016772,0.0513586882649219,-0.150229634497349
"powerplant","lasso_cv",54,-1.93647378205398,-0.244920309430445,0.0722090203335966,-0.155165214681353
"powerplant","lasso_cv",55,-1.9306387396437,-0.253375108520582,0.0545831943792416,-0.147150243003464
"powerplant","lasso_cv",56,-1.95039333097543,-0.246441075706722,0.0477406143991792,-0.152255707546296
"powerplant","lasso_cv",57,-1.93873412519537,-0.245641791452825,0.05191930550978,-0.148590699328325
"powerplant","lasso_cv",58,-1.95362400206401,-0.242614319211521,0.0596794655445528,-0.151456307703387
"powerplant","lasso_cv",59,-1.95756968890062,-0.241104448048952,0.0478387201035219,-0.150554179395282
"powerplant","lasso_cv",60,-1.92250609789742,-0.251243635108093,0.0646804602834275,-0.146390126047078
"powerplant","lasso_cv",61,-1.98111006252309,-0.23947563940309,0.0382327041634667,-0.159102840376811
"powerplant","lasso_cv",62,-1.9100562269925,-0.257622734142367,0.0780196296558922,-0.148258425150414
"powerplant","lasso_cv",63,-1.96370314433503,-0.235819381386818,0.0555423833948541,-0.150121129191276
"powerplant","lasso_cv",64,-1.97101996228421,-0.231350503994918,0.0594256476460625,-0.15217923931262
"powerplant","lasso_cv",65,-1.97884251848737,-0.230343082669758,0.0502170315942084,-0.161540606110209
"powerplant","lasso_cv",66,-1.97267450493816,-0.230801828768471,0.0435041747167043,-0.159098206558314
"powerplant","lasso_cv",67,-1.94135632843414,-0.241485841017915,0.0653485333114749,-0.149363533963328
"powerplant","lasso_cv",68,-1.92178141457031,-0.254944793413574,0.0602210773880052,-0.153158040214167
"powerplant","lasso_cv",69,-1.95950951220607,-0.237756343005689,0.0505260027542815,-0.155207380730565
"powerplant","lasso_cv",70,-1.95944614762113,-0.233491382719055,0.0624512377687555,-0.149049158329224
"powerplant","lasso_cv",71,-1.97118183232997,-0.23241428432968,0.0516498698671766,-0.152764755013646
"powerplant","lasso_cv",72,-1.95523382766418,-0.248046382676945,0.0521326658457074,-0.157036159773014
"powerplant","lasso_cv",73,-1.94461664905915,-0.243618734717276,0.0552442332629919,-0.143946354470026
"powerplant","lasso_cv",74,-1.96619433787578,-0.236945438241289,0.059732283629435,-0.15060144134014
"powerplant","lasso_cv",75,-1.94935511233317,-0.247169763102665,0.0473225277628649,-0.150916543045804
"powerplant","lasso_cv",76,-1.94535648494853,-0.238964661693259,0.0661375836678275,-0.147078284380335
"powerplant","lasso_cv",77,-1.95018482646538,-0.242840521110442,0.0574370977980586,-0.145530449430946
"powerplant","lasso_cv",78,-1.95754931706081,-0.244300325764046,0.0614821001210907,-0.155178813378197
"powerplant","lasso_cv",79,-1.96131050709835,-0.237144638195315,0.0530877792161948,-0.157336616429714
"powerplant","lasso_cv",80,-1.95035683887795,-0.248859500403058,0.0478703718138888,-0.151126492086348
"powerplant","lasso_cv",81,-1.95281311654782,-0.244682181548997,0.0575923166442869,-0.149624907847853
"powerplant","lasso_cv",82,-1.9501093531357,-0.239362278729492,0.051491566348364,-0.148380533740393
"powerplant","lasso_cv",83,-1.9252403057963,-0.250459571919667,0.0740785705533023,-0.144082161764545
"powerplant","lasso_cv",84,-1.95161373913941,-0.239650104007092,0.0568264442171058,-0.150080510961899
"powerplant","lasso_cv",85,-1.9328301948773,-0.24431910709069,0.070382513956858,-0.151226001080269
"powerplant","lasso_cv",86,-1.95252228167455,-0.239827347572155,0.0544939242428961,-0.147672483678607
"powerplant","lasso_cv",87,-1.95251806642286,-0.242612595090392,0.0607266116601668,-0.152364687452886
"powerplant","lasso_cv",88,-1.95177940772889,-0.238133276462817,0.0543355417299687,-0.147277333615022
"powerplant","lasso_cv",89,-1.97168709944534,-0.232693946562908,0.0473830240885255,-0.156323790844259
"powerplant","lasso_cv",90,-1.96053921249188,-0.240634540326435,0.0474251542499771,-0.151994834185695
"powerplant","lasso_cv",91,-1.95203395072686,-0.245822727865649,0.0703315511819924,-0.152822218731124
"powerplant","lasso_cv",92,-1.95969606403514,-0.245162216587128,0.0458263271281368,-0.15081448015298
"powerplant","lasso_cv",93,-1.94300747054862,-0.247997909301857,0.0577467161539333,-0.150681082392041
"powerplant","lasso_cv",94,-1.94699417352312,-0.239358943038265,0.0559928526559843,-0.151563915831723
"powerplant","lasso_cv",95,-1.98176351624507,-0.234918147221997,0.055306106675737,-0.15275333147466
"powerplant","lasso_cv",96,-1.95637366347904,-0.246028021627649,0.0657238353681377,-0.1528107691491
"powerplant","lasso_cv",97,-1.95696436039234,-0.242159366892915,0.0586555212318077,-0.158275204140448
"powerplant","lasso_cv",98,-1.95788187107802,-0.238834726697378,0.0654591856356564,-0.157465755602016
"powerplant","lasso_cv",99,-1.94464346967212,-0.24689117022954,0.0454022630877767,-0.151951540469207
"powerplant","lasso_cv",100,-1.96603977166401,-0.236384115621579,0.0610514186083755,-0.149571921737044
"powerplant","unireg",1,-1.62542325138203,-0.324334360817633,0.159588695200585,0
"powerplant","unireg",2,-1.63756879467176,-0.325969140961569,0.146540807778122,0
"powerplant","unireg",3,-1.63720259400546,-0.324431413617113,0.165941285274489,0
"powerplant","unireg",4,-1.62903661917644,-0.325882483301996,0.172643079624033,0
"powerplant","unireg",5,-1.62040792019235,-0.341064690382971,0.158675664636251,0
"powerplant","unireg",6,-1.64493941880145,-0.320540081190777,0.155163242327669,0
"powerplant","unireg",7,-1.65841968174353,-0.314052716653839,0.161006896204395,0
"powerplant","unireg",8,-1.6261833157926,-0.328916914102169,0.159438043732588,0
"powerplant","unireg",9,-1.62894265197638,-0.32465261598553,0.159765953428807,0
"powerplant","unireg",10,-1.63597745103461,-0.329354474296235,0.170573304078385,0
"powerplant","unireg",11,-1.63493299623905,-0.324841205698424,0.167070910596739,0
"powerplant","unireg",12,-1.61984791135327,-0.330890894812202,0.16459665016961,0
"powerplant","unireg",13,-1.63799914082556,-0.326758222719501,0.154830113755777,0
"powerplant","unireg",14,-1.63096614856959,-0.329782522009923,0.156408985243538,0
"powerplant","unireg",15,-1.63562501456035,-0.321186542350319,0.165294488633185,0
"powerplant","unireg",16,-1.63624724208668,-0.325333400748729,0.162699809171546,0
"powerplant","unireg",17,-1.64063949534243,-0.334646042051688,0.157761372332442,0
"powerplant","unireg",18,-1.65514780317418,-0.318767650313523,0.149785494479893,0
"powerplant","unireg",19,-1.63347492579837,-0.327139733273463,0.146899550536266,0
"powerplant","unireg",20,-1.64749144616477,-0.318778246614345,0.167498969198985,0
"powerplant","unireg",21,-1.63803017254538,-0.3261211915344,0.144592857588306,0
"powerplant","unireg",22,-1.62408682583599,-0.333171650952492,0.149198649992338,0
"powerplant","unireg",23,-1.61985515316063,-0.333892046389508,0.147599468808138,0
"powerplant","unireg",24,-1.61158190560305,-0.332931848295259,0.170845680049446,0
"powerplant","unireg",25,-1.6539584158253,-0.322919388212678,0.148952584888411,0
"powerplant","unireg",26,-1.61977998562569,-0.328932293192408,0.158368318700818,0
"powerplant","unireg",27,-1.6288364858992,-0.331755295724677,0.151556416634762,0
"powerplant","unireg",28,-1.64065663699359,-0.322610259756285,0.142086592833185,0
"powerplant","unireg",29,-1.62997446627944,-0.328918942001545,0.137602948261382,0
"powerplant","unireg",30,-1.63225796019998,-0.326058205719897,0.163865056499014,0
"powerplant","unireg",31,-1.62496265784523,-0.334308151733237,0.151102160631218,0
"powerplant","unireg",32,-1.64620442564721,-0.325678452096018,0.150967087624771,0
"powerplant","unireg",33,-1.64705842021477,-0.323466624912758,0.15504950806226,0
"powerplant","unireg",34,-1.63922870311423,-0.319924114303173,0.177449496859376,0
"powerplant","unireg",35,-1.64276781336104,-0.325928233559144,0.152477513728765,0
"powerplant","unireg",36,-1.63548919202578,-0.324637913868828,0.180827190683667,0
"powerplant","unireg",37,-1.66863668906258,-0.315065120287073,0.149980275161078,0
"powerplant","unireg",38,-1.62152814228009,-0.336923594003731,0.160673629693691,0
"powerplant","unireg",39,-1.62622788205164,-0.331126877074943,0.166652090209533,0
"powerplant","unireg",40,-1.6310313812031,-0.326164995415759,0.154317792665849,0
"powerplant","unireg",41,-1.62361989358923,-0.335951404283096,0.170314605726428,0
"powerplant","unireg",42,-1.64867496420982,-0.323061814149059,0.138399753756039,0
"powerplant","unireg",43,-1.67035491041748,-0.315436611370084,0.136879019008793,0
"powerplant","unireg",44,-1.66128120377414,-0.311162867661159,0.160002536387979,0
"powerplant","unireg",45,-1.63102248261457,-0.327638855748402,0.158561759556184,0
"powerplant","unireg",46,-1.62819155054496,-0.335189424482142,0.158984045920291,0
"powerplant","unireg",47,-1.64994789398893,-0.318098315195459,0.169258047697113,0
"powerplant","unireg",48,-1.63727545082759,-0.327234161613397,0.165449215452871,0
"powerplant","unireg",49,-1.63705729706747,-0.325721158643394,0.15199780518222,0
"powerplant","unireg",50,-1.63177350439237,-0.32869434336199,0.148955210100571,0
"powerplant","unireg",51,-1.62833569106384,-0.321558229940339,0.160540015628399,0
"powerplant","unireg",52,-1.62999619143524,-0.332236729776508,0.156728215046723,0
"powerplant","unireg",53,-1.65191999541682,-0.330388685483808,0.144704759430477,0
"powerplant","unireg",54,-1.60814830176298,-0.333046434272325,0.17538889799651,0
"powerplant","unireg",55,-1.63013658399392,-0.333307184587116,0.152967570965949,0
"powerplant","unireg",56,-1.62041938962685,-0.338705938926352,0.153210806709867,0
"powerplant","unireg",57,-1.6276023494459,-0.331986607168711,0.152196999727148,0
"powerplant","unireg",58,-1.64647635436736,-0.321146348690207,0.157766953722328,0
"powerplant","unireg",59,-1.64121413307912,-0.328968194799109,0.144446353754312,0
"powerplant","unireg",60,-1.61438762090169,-0.336571135481516,0.159864515029691,0
"powerplant","unireg",61,-1.63869082064815,-0.33585561926723,0.137330267861169,0
"powerplant","unireg",62,-1.59583952047703,-0.341872610188807,0.184453281177236,0
"powerplant","unireg",63,-1.65089458933288,-0.319066145861526,0.157804507853341,0
"powerplant","unireg",64,-1.65945021185053,-0.313900719877683,0.158178045793765,0
"powerplant","unireg",65,-1.64691155019107,-0.31946314531366,0.153978670302885,0
"powerplant","unireg",66,-1.63004630112245,-0.325693077146494,0.146246085874223,0
"powerplant","unireg",67,-1.62301351035434,-0.329302286890767,0.161779713030528,0
"powerplant","unireg",68,-1.59790537971195,-0.340971348555582,0.167053659338507,0
"powerplant","unireg",69,-1.63342661967679,-0.326345454337072,0.156118306836143,0
"powerplant","unireg",70,-1.64153366393375,-0.31965847856488,0.1608197124982,0
"powerplant","unireg",71,-1.65552928528525,-0.319457149214223,0.146297973614135,0
"powerplant","unireg",72,-1.62653388316742,-0.336352919593033,0.155355146994235,0
"powerplant","unireg",73,-1.64277910778374,-0.324033112352474,0.153523032671767,0
"powerplant","unireg",74,-1.65114991495319,-0.324448133498996,0.161636347579349,0
"powerplant","unireg",75,-1.63641724207764,-0.329611303912505,0.144202353821512,0
"powerplant","unireg",76,-1.62662556150118,-0.327114024845487,0.1645467512006,0
"powerplant","unireg",77,-1.65096204992089,-0.325424057117882,0.149818876424205,0
"powerplant","unireg",78,-1.62745066592917,-0.332361373941342,0.164404352828383,0
"powerplant","unireg",79,-1.62339138844921,-0.328537291308817,0.156573308562051,0
"powerplant","unireg",80,-1.62679117115785,-0.340136946113272,0.141604499843382,0
"powerplant","unireg",81,-1.64158297570098,-0.330298009208971,0.154826134132084,0
"powerplant","unireg",82,-1.64857193949703,-0.320018224908019,0.145444822341228,0
"powerplant","unireg",83,-1.61776273280394,-0.339330799546374,0.168093831364394,0
"powerplant","unireg",84,-1.63761284600879,-0.323736005566578,0.155880154567318,0
"powerplant","unireg",85,-1.60845075504951,-0.3339466860899,0.168556066333699,0
"powerplant","unireg",86,-1.64996444045158,-0.321136168892738,0.146661589313156,0
"powerplant","unireg",87,-1.63206549981809,-0.330935903833448,0.158695145663435,0
"powerplant","unireg",88,-1.6490348897469,-0.318466310394463,0.150113390897725,0
"powerplant","unireg",89,-1.64578101506507,-0.320882571105713,0.149692489212532,0
"powerplant","unireg",90,-1.64680347355809,-0.325493266916084,0.145999840269198,0
"powerplant","unireg",91,-1.63549397824829,-0.327848170596952,0.169671273735619,0
"powerplant","unireg",92,-1.64857423528881,-0.331630338159971,0.141478823919989,0
"powerplant","unireg",93,-1.63520186073626,-0.328671193719228,0.156731091501268,0
"powerplant","unireg",94,-1.62025319615431,-0.330110402255657,0.158453067502328,0
"powerplant","unireg",95,-1.66149873844739,-0.324200741315089,0.153168331603503,0
"powerplant","unireg",96,-1.62875337465728,-0.337397576697331,0.169615477728005,0
"powerplant","unireg",97,-1.62507188665978,-0.331042980115359,0.162286877206569,0
"powerplant","unireg",98,-1.62252575076785,-0.329805994256856,0.168054328746405,0
"powerplant","unireg",99,-1.63300115290635,-0.329656923595663,0.145286774564032,0
"powerplant","unireg",100,-1.655176165441,-0.319363468306192,0.160294087927936,0
"powerplant","least_squares",1,-1.97222677659911,-0.230962069317224,0.0577859046860947,-0.159835515193032
"powerplant","least_squares",2,-1.99485563038667,-0.226116507620296,0.0465054326264181,-0.16298030453986
"powerplant","least_squares",3,-1.97943260428277,-0.232033493891006,0.0651020144059974,-0.160961050459536
"powerplant","least_squares",4,-1.9710118047464,-0.231615880746016,0.0786795143155043,-0.158645166115279
"powerplant","least_squares",5,-1.97086877220344,-0.240476929080142,0.0633886352255208,-0.162310684711839
"powerplant","least_squares",6,-1.98625980067993,-0.230392391235285,0.0618530173477571,-0.16175885274092
"powerplant","least_squares",7,-1.984742017628,-0.225969125907399,0.0666014880786978,-0.15390472139964
"powerplant","least_squares",8,-1.99019755658363,-0.225925044571075,0.0591326027419529,-0.164505442352465
"powerplant","least_squares",9,-1.95362536660205,-0.234544952449331,0.0720520920478691,-0.150290539093051
"powerplant","least_squares",10,-1.97413190275625,-0.236218227595123,0.072637960344031,-0.153929881537801
"powerplant","least_squares",11,-1.9770785757022,-0.234183477107485,0.0693494643121798,-0.159503627031806
"powerplant","least_squares",12,-1.97573034248477,-0.231719714614959,0.0619777495332115,-0.160405106778786
"powerplant","least_squares",13,-1.98727360790834,-0.230026639343533,0.0518177458325209,-0.161720396092181
"powerplant","least_squares",14,-1.97196429402469,-0.235161485648871,0.0620722805687381,-0.15642821101119
"powerplant","least_squares",15,-1.99187064954054,-0.221328472918488,0.0670111417940918,-0.160956641441099
"powerplant","least_squares",16,-1.98358311249552,-0.230784971254327,0.0594677605184338,-0.159258759690556
"powerplant","least_squares",17,-1.97661008571371,-0.24169626901629,0.0622731627597975,-0.155848761071728
"powerplant","least_squares",18,-1.9958975352605,-0.224212026698325,0.0576363941137342,-0.160789470693591
"powerplant","least_squares",19,-1.97798136627562,-0.233469064644775,0.0542370926662299,-0.161391124812397
"powerplant","least_squares",20,-1.97972707160391,-0.228763806907202,0.0716278047200585,-0.152429202288282
"powerplant","least_squares",21,-1.98888051649222,-0.230285595911916,0.0430802726820359,-0.162026956318536
"powerplant","least_squares",22,-1.96208682954745,-0.237337658651517,0.0546536706981452,-0.155734484850782
"powerplant","least_squares",23,-1.96231918072502,-0.241204265411113,0.0478675941836192,-0.157238350040031
"powerplant","least_squares",24,-1.95603597583037,-0.240507989188589,0.0773249172177931,-0.157464897231907
"powerplant","least_squares",25,-2.00246895115932,-0.228437946575003,0.0494072072225886,-0.162420310537091
"powerplant","least_squares",26,-1.96727367406472,-0.231532220114812,0.0671746690429438,-0.15663687141043
"powerplant","least_squares",27,-1.9868823121267,-0.233011477509676,0.0520003631814031,-0.164327758616832
"powerplant","least_squares",28,-1.98075155978741,-0.228681116525038,0.0526515460626972,-0.158901193179934
"powerplant","least_squares",29,-1.9825988574617,-0.235089967683759,0.0363903637822836,-0.16427701928872
"powerplant","least_squares",30,-1.96759939732598,-0.234140980747086,0.0708322359867278,-0.152364981662211
"powerplant","least_squares",31,-1.95919682534179,-0.242599341331929,0.0586197023113784,-0.154051030364224
"powerplant","least_squares",32,-1.98183986293542,-0.234239286292704,0.059899463431681,-0.156647297925449
"powerplant","least_squares",33,-2.00159546105158,-0.225721640381922,0.0575961415526998,-0.163901308777736
"powerplant","least_squares",34,-1.98209194140003,-0.227480807185409,0.0787658494718478,-0.156688431429388
"powerplant","least_squares",35,-1.97088162273664,-0.23460000649071,0.0648114488625895,-0.153481714738086
"powerplant","least_squares",36,-1.94533824411907,-0.239171960452689,0.0925696513531128,-0.147159016549777
"powerplant","least_squares",37,-2.01104944365934,-0.22125707309009,0.0550641879612912,-0.158958813833487
"powerplant","least_squares",38,-1.97510300583021,-0.239823623038383,0.0607552331890913,-0.162668869050897
"powerplant","least_squares",39,-1.97197778154632,-0.236025757075051,0.0703115933104774,-0.160541082943002
"powerplant","least_squares",40,-1.97914565020327,-0.232742703188148,0.0524526600335173,-0.162109752220724
"powerplant","least_squares",41,-1.95953068813021,-0.244962763303013,0.0767725950459105,-0.156599844992553
"powerplant","least_squares",42,-1.9890370932728,-0.229522590494323,0.0454096970555072,-0.155727841339789
"powerplant","least_squares",43,-2.00821466399425,-0.223826769176647,0.0375603395341518,-0.159322181174269
"powerplant","least_squares",44,-2.01036289284076,-0.21697874652087,0.0618067495278737,-0.16149031287402
"powerplant","least_squares",45,-1.97125450390512,-0.234548221339693,0.0654702152902695,-0.15766919300071
"powerplant","least_squares",46,-1.98080664023066,-0.236586076057564,0.0592328579820897,-0.161244983205792
"powerplant","least_squares",47,-1.98945810580285,-0.223784300257501,0.0684696417833541,-0.156644043644382
"powerplant","least_squares",48,-1.98587302732389,-0.230910374413086,0.0671466514328847,-0.158650368770043
"powerplant","least_squares",49,-1.97959991846014,-0.232027451174741,0.0548985620454516,-0.160910976351329
"powerplant","least_squares",50,-1.97453164243444,-0.23372916631997,0.053612356483458,-0.157733027699915
"powerplant","least_squares",51,-1.98122721855945,-0.224474802136701,0.0599030708371014,-0.160313662823566
"powerplant","least_squares",52,-1.98269215699696,-0.235781549718146,0.0539508503646022,-0.162083479619685
"powerplant","least_squares",53,-1.9887908262536,-0.235802873779549,0.0562207576450092,-0.157197194171967
"powerplant","least_squares",54,-1.96192058564267,-0.236480420685994,0.0766408165339965,-0.162129287535681
"powerplant","least_squares",55,-1.95495952298227,-0.245241164797294,0.0594695431772937,-0.153671505721658
"powerplant","least_squares",56,-1.97678908586687,-0.237420205544187,0.0521999548000353,-0.159158619232484
"powerplant","least_squares",57,-1.96366670584272,-0.237071788850078,0.0567099296139994,-0.155256701748112
"powerplant","least_squares",58,-1.97874850004536,-0.234287416592334,0.0643311149494567,-0.158192514327546
"powerplant","least_squares",59,-1.983198540029,-0.23241640405871,0.0523100975776237,-0.157524519550892
"powerplant","least_squares",60,-1.94801974574779,-0.242516325586564,0.069540666931349,-0.153255562025273
"powerplant","least_squares",61,-2.0078557416257,-0.230376230488801,0.0428715556612692,-0.166230506305527
"powerplant","least_squares",62,-1.93581185382207,-0.248939416474932,0.0826344706426258,-0.155088696142781
"powerplant","least_squares",63,-1.98973288199651,-0.227022448199403,0.0601149491020915,-0.157159376279591
"powerplant","least_squares",64,-1.99567110123274,-0.223104633471855,0.0641303165225956,-0.158913374423769
"powerplant","least_squares",65,-2.00420483204033,-0.221822676640978,0.0547402473244211,-0.168467710710611
"powerplant","least_squares",66,-1.99814854364237,-0.222167013419478,0.0483731012046816,-0.165923042321929
"powerplant","least_squares",67,-1.96693799077251,-0.232949098146712,0.0698112328770449,-0.156260603140912
"powerplant","least_squares",68,-1.94687635143391,-0.246579500287916,0.0649901327347016,-0.159836422012826
"powerplant","least_squares",69,-1.98402801719808,-0.229605589236954,0.0551017846427532,-0.161822388488758
"powerplant","least_squares",70,-1.98535210983142,-0.224866723509813,0.0666487161662668,-0.156043537760614
"powerplant","least_squares",71,-1.9960406225947,-0.224038834515609,0.0561079320443615,-0.159496820412794
"powerplant","least_squares",72,-1.98015370001307,-0.239762766517083,0.0567801012918077,-0.16374392934629
"powerplant","least_squares",73,-1.9695947842728,-0.235357643916535,0.0594922354323448,-0.150679931909656
"powerplant","least_squares",74,-1.99041312221992,-0.228723175711593,0.064572274450752,-0.157147347038516
"powerplant","least_squares",75,-1.9746748126972,-0.238834938212645,0.0518690209732621,-0.157732329714565
"powerplant","least_squares",76,-1.97126347243872,-0.230061904666092,0.0709010571816774,-0.153850231908918
"powerplant","least_squares",77,-1.97543470542787,-0.234257597000503,0.0622512795833894,-0.152348033071471
"powerplant","least_squares",78,-1.98298114103551,-0.235961730461698,0.065811717276259,-0.162147353291275
"powerplant","least_squares",79,-1.98776486645329,-0.228277776267048,0.0576145865936629,-0.164452876752946
"powerplant","least_squares",80,-1.97589615359181,-0.240240298599299,0.0526348925342813,-0.158101967843202
"powerplant","least_squares",81,-1.97769005846799,-0.23625016235453,0.0622957428219109,-0.156365352283712
"powerplant","least_squares",82,-1.9744567605946,-0.231145745373271,0.0567653665142288,-0.155032965697196
"powerplant","least_squares",83,-1.95072996953219,-0.24162906964519,0.0788184980164294,-0.150855275150467
"powerplant","least_squares",84,-1.977684709688,-0.230792862046388,0.0610018919360695,-0.156989207535723
"powerplant","least_squares",85,-1.95810100081166,-0.235773372791849,0.0750084558107234,-0.157964205673945
"powerplant","least_squares",86,-1.9773000863572,-0.231543171030728,0.0593459053646116,-0.154437970461873
"powerplant","least_squares",87,-1.97811664061521,-0.233855438275098,0.0654387771226121,-0.159259258289751
"powerplant","least_squares",88,-1.97649927904029,-0.2298570855286,0.0592128824931495,-0.153990947708525
"powerplant","least_squares",89,-1.9964816747507,-0.224440213831601,0.0518299666685224,-0.163122958698809
"powerplant","least_squares",90,-1.98607358887092,-0.231937617179632,0.0524505045042249,-0.158944746582488
"powerplant","least_squares",91,-1.97764362030343,-0.237331828101749,0.074971602525777,-0.159771322268697
"powerplant","least_squares",92,-1.9842528136946,-0.236788239778445,0.0506826995486822,-0.15730864651505
"powerplant","least_squares",93,-1.96812682241721,-0.239562470058541,0.0624404210398232,-0.157420456680349
"powerplant","least_squares",94,-1.97246524315552,-0.230700121415194,0.0605911660469264,-0.158297701025487
"powerplant","least_squares",95,-2.007448544377,-0.226167610490232,0.0599210032891988,-0.15966191318349
"powerplant","least_squares",96,-1.98158939683869,-0.237504468832006,0.0706259848264371,-0.159484050716238
"powerplant","least_squares",97,-1.98249804320941,-0.233476077082298,0.0632364794016629,-0.165152840565034
"powerplant","least_squares",98,-1.98398568034015,-0.229922738993774,0.0699959954524188,-0.164373015520361
"powerplant","least_squares",99,-1.97007536298918,-0.238351437509063,0.0499842939304257,-0.158744814534413
"powerplant","least_squares",100,-1.99178311075966,-0.227649995829824,0.0657691882956716,-0.156394771918734
