"dataset","method","split_id","frequency","attack.angle","chord.length","free.stream.velocity","suction.side.displacement.thickness"
"airfoil","uni_loo",1,-0.000837319880270485,-0.174550699257136,-20.0442940981248,0.0476970425368626,-158.558492078526
"airfoil","uni_loo",2,-0.000860707046623564,-0.166394586747498,-17.7664513931437,0.0445200679163297,-157.387832239408
"airfoil","uni_loo",3,-0.000954752533835672,-0.184067071582041,-17.0052315144211,0.0447699855369737,-156.718230980349
"airfoil","uni_loo",4,-0.000887137598844896,-0.173044048310928,-14.0700080192383,0.0532236142624476,-160.134420133377
"airfoil","uni_loo",5,-0.000828515445911718,-0.209238611032903,-16.7834552547873,0.0597345059381603,-190.290522610072
"airfoil","uni_loo",6,-0.000851563664490027,-0.196172791108001,-18.8730677120888,0.0627106139922412,-158.058327431215
"airfoil","uni_loo",7,-0.00090973314041261,-0.236635337099081,-15.4005949195224,0.0227432773791094,-185.29735078764
"airfoil","uni_loo",8,-0.00092301330693618,-0.199035416810913,-17.1637461810176,0.047291883336575,-171.425831979337
"airfoil","uni_loo",9,-0.000864066761732824,-0.166337864583576,-18.6791307422449,0.066775738226698,-154.691396199546
"airfoil","uni_loo",10,-0.000744301426529664,-0.190995585895775,-15.6435588647054,0.0570246305962747,-164.924450018967
"airfoil","uni_loo",11,-0.000719176989639623,-0.198783901873852,-17.7932920414978,0.0725114884586895,-168.322195629393
"airfoil","uni_loo",12,-0.000932374996448567,-0.206811667293441,-15.6532194153813,0.0482741718129947,-188.864943524681
"airfoil","uni_loo",13,-0.000892047286852634,-0.241615413263548,-14.6438336612806,0.0555806494009981,-174.030858900834
"airfoil","uni_loo",14,-0.000851406482687488,-0.159710771099677,-15.0255026724969,0.0447904191141596,-153.775972277084
"airfoil","uni_loo",15,-0.000756088336105072,-0.168240547006082,-17.5731251522203,0.0478088795226793,-163.536377791887
"airfoil","uni_loo",16,-0.000884130264007666,-0.128684398433159,-16.5618871326003,0.0358297325524413,-137.853102438345
"airfoil","uni_loo",17,-0.000838050262551172,-0.181291264102572,-17.441178683686,0.0388090967133221,-171.515849470973
"airfoil","uni_loo",18,-0.000850147031265529,-0.1718610695867,-17.3426879006978,0.0523710752268481,-164.640876918415
"airfoil","uni_loo",19,-0.000783274099004559,-0.200857275573971,-16.0549031124188,0.0565026761892144,-158.081042300467
"airfoil","uni_loo",20,-0.000868176858441665,-0.180569431798211,-17.4333422554899,0.0784319919987729,-154.833490695059
"airfoil","uni_loo",21,-0.000878113659558194,-0.180025056938849,-17.8996812360151,0.0636060316045508,-176.592795039937
"airfoil","uni_loo",22,-0.000865097093924163,-0.167614538698089,-17.9916927243199,0.0448362742342736,-160.704736126475
"airfoil","uni_loo",23,-0.000798229717037183,-0.199418662079981,-14.1733091417974,0.0549889451018318,-186.89183270971
"airfoil","uni_loo",24,-0.000841052570157132,-0.188575190432717,-17.2105784147699,0.0330456295779477,-168.879234138217
"airfoil","uni_loo",25,-0.000844246383037176,-0.142982007877906,-17.2460752443602,0.0498701221413084,-129.994271864913
"airfoil","uni_loo",26,-0.000833988713246741,-0.162193883427328,-16.3947358294237,0.0475719944559561,-151.63365161146
"airfoil","uni_loo",27,-0.000947074925856425,-0.186595754166734,-17.0426445412674,0.0364925246810527,-170.854837833222
"airfoil","uni_loo",28,-0.000808343847931171,-0.161254286411924,-17.8045068545694,0.0505893871461237,-151.268341213687
"airfoil","uni_loo",29,-0.00082191961259702,-0.205557222837965,-19.9518098313066,0.0773992121262074,-165.062204821731
"airfoil","uni_loo",30,-0.00093658143928738,-0.168072395508257,-21.0003266404243,0.0504494901672686,-151.472668242411
"airfoil","uni_loo",31,-0.000856721138893912,-0.148563861409293,-18.5804061444852,0.0433859547386293,-143.075846237041
"airfoil","uni_loo",32,-0.000975712730694063,-0.175014013944818,-19.9514895786922,0.0451362062311017,-166.350444420212
"airfoil","uni_loo",33,-0.000824150562471891,-0.194524990703594,-17.3633841180286,0.0575087169276426,-174.331245124831
"airfoil","uni_loo",34,-0.000797595339889882,-0.225724387134294,-16.1819463371138,0.0407065733787132,-177.779947696102
"airfoil","uni_loo",35,-0.000861905230972479,-0.185330449112303,-16.1247201120822,0.055143591893942,-172.238459474054
"airfoil","uni_loo",36,-0.000804901747244332,-0.18541648749864,-15.561787546005,0.0472694433944548,-168.812602809569
"airfoil","uni_loo",37,-0.000815455831329901,-0.217303956122334,-16.6365692045648,0.0361476339258628,-168.415995755044
"airfoil","uni_loo",38,-0.000758303363992461,-0.249433068675217,-16.7023926156523,0.0609670229404535,-178.06558610989
"airfoil","uni_loo",39,-0.000841512219289023,-0.17712419638372,-17.0092344153504,0.057762636282238,-149.167909489661
"airfoil","uni_loo",40,-0.000909066582122035,-0.181576782525643,-17.2903031376094,0.056586632574945,-166.609229147044
"airfoil","uni_loo",41,-0.000814123137630603,-0.181603319964743,-17.6185615189555,0.0528452565779812,-163.338223601438
"airfoil","uni_loo",42,-0.000819748287164902,-0.219601640983168,-14.1000310362684,0.0537858652895251,-170.684921809786
"airfoil","uni_loo",43,-0.000971164068578573,-0.182369329349426,-18.599986660215,0.0536627239299416,-177.234057418608
"airfoil","uni_loo",44,-0.000856379277878611,-0.13246631615539,-17.7454162835871,0.0660406034871265,-138.680747684573
"airfoil","uni_loo",45,-0.0007291629940149,-0.203684898923896,-16.9439861184724,0.0583618716950298,-164.348812314063
"airfoil","uni_loo",46,-0.000838172701684117,-0.20808221654295,-15.2816737811752,0.0572969782380225,-165.97380718491
"airfoil","uni_loo",47,-0.000897688858571912,-0.242503912676493,-12.7205733986798,0.0777946071227478,-169.682147973366
"airfoil","uni_loo",48,-0.000861458762534345,-0.158881150372959,-19.5184788836454,0.0599818481603992,-168.172556017924
"airfoil","uni_loo",49,-0.000801301809795862,-0.203343020748416,-17.4840102554967,0.0650891650441827,-158.509554548922
"airfoil","uni_loo",50,-0.000888639871220691,-0.201958242982834,-16.9607286931717,0.0674218731661942,-176.315923715846
"airfoil","uni_loo",51,-0.000891884742128191,-0.176733599180573,-17.7006155116714,0.0506272849640035,-173.882556081187
"airfoil","uni_loo",52,-0.000882751479037033,-0.107849455092425,-18.1859267294676,0.0523012657397712,-126.65541425589
"airfoil","uni_loo",53,-0.000987641443320799,-0.166471897224427,-18.2952751382009,0.0548667730962468,-154.849306921638
"airfoil","uni_loo",54,-0.000900083455187875,-0.20540756685343,-16.0407455948121,0.0465764542693497,-170.796923211045
"airfoil","uni_loo",55,-0.000878018327281298,-0.191916687176899,-17.1021442620535,0.0733108917509163,-155.993936205134
"airfoil","uni_loo",56,-0.000800131497234477,-0.177858697271609,-16.2196245399023,0.0641618999143679,-163.172505009574
"airfoil","uni_loo",57,-0.000778439357066508,-0.150060363672356,-18.0437872191347,0.058046822683742,-136.020818350689
"airfoil","uni_loo",58,-0.00088994650578385,-0.195582961655918,-15.2622327018576,0.0530276216045837,-147.834151656468
"airfoil","uni_loo",59,-0.00075255764704261,-0.169942765024686,-17.5842182847683,0.0648117979894158,-166.919118916423
"airfoil","uni_loo",60,-0.00087358516009674,-0.132080940971992,-18.439042214071,0.0517777377205911,-144.718238175164
"airfoil","uni_loo",61,-0.000816140342618286,-0.176234672360334,-15.3060917186206,0.0294407340897231,-144.276686249432
"airfoil","uni_loo",62,-0.000865230321387695,-0.178380101044718,-17.6317953739324,0.0442688745538976,-147.987245597107
"airfoil","uni_loo",63,-0.000822069844099065,-0.13077964301971,-18.5526228394264,0.0572318044087519,-161.105106020488
"airfoil","uni_loo",64,-0.000819831923154765,-0.200274546960722,-17.4239469134068,0.0519286638600317,-164.811275935117
"airfoil","uni_loo",65,-0.000824163561615888,-0.153057642170118,-16.9732992466485,0.0285358256698056,-151.552165089788
"airfoil","uni_loo",66,-0.000830954217953938,-0.126566868680999,-19.4887030899409,0.0635538050839728,-140.51192843859
"airfoil","uni_loo",67,-0.00075466752121016,-0.211320157991187,-16.2569761337504,0.046654921019242,-169.97991736922
"airfoil","uni_loo",68,-0.000859712612290605,-0.192483971875709,-17.2545955446053,0.0393421340683674,-177.256279093948
"airfoil","uni_loo",69,-0.000787456186912117,-0.163969627801172,-17.7352327598614,0.0674364384352328,-161.598824908953
"airfoil","uni_loo",70,-0.000746243379543001,-0.229150953084331,-16.0360858372353,0.0566913006851647,-171.759285430787
"airfoil","uni_loo",71,-0.000820947483682731,-0.190186624390636,-17.4264725854292,0.054969201207482,-159.891545576577
"airfoil","uni_loo",72,-0.000845735042125641,-0.145940466483967,-16.9053230427912,0.0545575245066042,-151.678831565112
"airfoil","uni_loo",73,-0.000892383207056609,-0.204792338207728,-15.8996827166226,0.0466120433837346,-184.213349173496
"airfoil","uni_loo",74,-0.00088825955188553,-0.185540780499194,-16.7311695540269,0.0792094819750739,-162.184315326916
"airfoil","uni_loo",75,-0.000791481959951209,-0.240380907065183,-12.1689408340738,0.0791975421556771,-191.400821371436
"airfoil","uni_loo",76,-0.000946296689110923,-0.176006151874513,-16.2881542221688,0.0554640698179847,-172.184392960068
"airfoil","uni_loo",77,-0.000858900473962845,-0.164674138767783,-17.4911172579134,0.0440787101711305,-153.871380457352
"airfoil","uni_loo",78,-0.00090090891995916,-0.168868663214381,-16.9109243819049,0.0241988614866172,-152.36870707921
"airfoil","uni_loo",79,-0.000795830249385554,-0.219366107516554,-16.8365262364129,0.0391788981707705,-177.642443832547
"airfoil","uni_loo",80,-0.000893061915545063,-0.133507826755629,-18.1094762710856,0.0700787093521473,-144.647550471083
"airfoil","uni_loo",81,-0.000816719849387948,-0.227031908633734,-15.0106151925666,0.0484094962885349,-190.815424977934
"airfoil","uni_loo",82,-0.000872701209634197,-0.192790916036476,-16.866676946066,0.0479815859838185,-173.319770728401
"airfoil","uni_loo",83,-0.000730027787825972,-0.159527850003241,-17.9392608263935,0.0473212757479468,-169.34822823881
"airfoil","uni_loo",84,-0.000813304927074666,-0.178883254580905,-16.9748518348853,0.0446302899134104,-149.545631698667
"airfoil","uni_loo",85,-0.000716474862176469,-0.226143290558202,-15.2785155766966,0.0666740398931261,-169.343339336379
"airfoil","uni_loo",86,-0.00101292606006893,-0.202610657050902,-16.5436040870379,0.0357696787034056,-178.99681763306
"airfoil","uni_loo",87,-0.000960446300132001,-0.191031403682593,-16.0733114901413,0.0502237607271073,-159.950940653764
"airfoil","uni_loo",88,-0.000927105851891554,-0.132575745332428,-18.8303586010037,0.0604720748355106,-143.02466247074
"airfoil","uni_loo",89,-0.000785165587799622,-0.168627541522757,-15.2516042388057,0.0440261768505804,-173.021942458166
"airfoil","uni_loo",90,-0.000858423408708712,-0.174926043904543,-17.0195610779479,0.036999035394405,-139.025426060996
"airfoil","uni_loo",91,-0.000897535984585494,-0.191056017385541,-16.4362293536439,0.0434991853566465,-162.778092554988
"airfoil","uni_loo",92,-0.000774595640466618,-0.171975631239056,-17.5424509299841,0.0649452884919009,-166.674878864836
"airfoil","uni_loo",93,-0.000842939930958793,-0.225285441547748,-16.7061034625286,0.0529350072341356,-186.132241649899
"airfoil","uni_loo",94,-0.000757459944445308,-0.195551443242383,-16.41640691842,0.0471513748474881,-154.720825544602
"airfoil","uni_loo",95,-0.000876648777850117,-0.216604911397824,-17.4944894275995,0.0609011614438228,-181.167782455426
"airfoil","uni_loo",96,-0.000862576303831567,-0.200529340513255,-17.0232256805213,0.068227640086974,-182.566961792168
"airfoil","uni_loo",97,-0.000778541659236332,-0.206160456969866,-19.5393209030912,0.0372055456254121,-172.8115669767
"airfoil","uni_loo",98,-0.000832849044754195,-0.181536203491307,-16.9236991058498,0.0483184176687979,-147.891329144349
"airfoil","uni_loo",99,-0.000954340801150502,-0.176002294753476,-20.2292554822773,0.034030189905692,-170.20741344706
"airfoil","uni_loo",100,-0.000826449592474227,-0.217454990191393,-17.2396672836576,0.0473340880511477,-161.612405751303
"airfoil","unilasso_loo_true",1,-0.00120828985545132,-0.4011469544096,-36.1543196006849,0.0905293036258277,-148.508138847012
"airfoil","unilasso_loo_true",2,-0.00130202044668955,-0.385664456857549,-34.8228812995887,0.0889117295529367,-155.054447398342
"airfoil","unilasso_loo_true",3,-0.00133856413241525,-0.327187550188421,-32.5060138123417,0.0857571371925226,-165.976413665113
"airfoil","unilasso_loo_true",4,-0.00125250136773551,-0.289009693297565,-29.06160585183,0.0913946721198836,-171.794911829631
"airfoil","unilasso_loo_true",5,-0.00124727486149655,-0.355203384025375,-35.0410369390881,0.0907879918707579,-186.303892658963
"airfoil","unilasso_loo_true",6,-0.00125654559748342,-0.454933879422263,-37.505414605611,0.0982478015559452,-138.647844577646
"airfoil","unilasso_loo_true",7,-0.00129578270584727,-0.388667315932133,-32.6571270616314,0.0689901618559051,-173.044704812564
"airfoil","unilasso_loo_true",8,-0.00132997831740523,-0.387411919210261,-35.164658080892,0.0959681185593353,-168.183826751564
"airfoil","unilasso_loo_true",9,-0.00128544031759387,-0.434106883374244,-36.1790881259919,0.102522159360036,-143.115432310989
"airfoil","unilasso_loo_true",10,-0.00118638135057708,-0.376277954919901,-33.1526898966389,0.0837567392602658,-154.146422286632
"airfoil","unilasso_loo_true",11,-0.00116588158449575,-0.430675595549176,-36.4204932437663,0.101178486044034,-140.718638823027
"airfoil","unilasso_loo_true",12,-0.00134707827807334,-0.383415935028621,-34.9104798672637,0.0945941757308499,-176.122229834219
"airfoil","unilasso_loo_true",13,-0.00135396737011137,-0.458804717287155,-35.6899978541327,0.0923925221348189,-143.962404233992
"airfoil","unilasso_loo_true",14,-0.00122861689581373,-0.373604973951454,-32.5084580760606,0.088004266774175,-150.297006843519
"airfoil","unilasso_loo_true",15,-0.001173879545065,-0.370166135356214,-35.0813447659711,0.0810786306311136,-154.674492070644
"airfoil","unilasso_loo_true",16,-0.00126474428969462,-0.350588356216683,-33.7756842387415,0.0765336234629782,-155.831291640601
"airfoil","unilasso_loo_true",17,-0.00123358597131606,-0.365529084387304,-35.3302178232148,0.0878499937259014,-170.139167497153
"airfoil","unilasso_loo_true",18,-0.00125400588465287,-0.335732061989705,-34.364955511442,0.0918766569450118,-175.878259363786
"airfoil","unilasso_loo_true",19,-0.00123753892751034,-0.431687785185842,-34.6277383611896,0.0934729140238664,-138.809286035913
"airfoil","unilasso_loo_true",20,-0.00130410100138055,-0.424516967357142,-35.4957373916663,0.0995191925024996,-138.233040622165
"airfoil","unilasso_loo_true",21,-0.00130674291723208,-0.391268363750256,-36.470803881897,0.105484496292207,-173.679694907805
"airfoil","unilasso_loo_true",22,-0.00129707067291681,-0.430084217178779,-36.0153338078391,0.0901510832765862,-146.5668767401
"airfoil","unilasso_loo_true",23,-0.00118052669421051,-0.303415057985279,-32.250396273154,0.0891391863274094,-189.490857106486
"airfoil","unilasso_loo_true",24,-0.00123767502197963,-0.38986692386227,-34.3061930415581,0.0828844416316558,-156.705520823403
"airfoil","unilasso_loo_true",25,-0.00128008204012605,-0.366257192483681,-33.0033123556312,0.091363929794555,-136.61249727476
"airfoil","unilasso_loo_true",26,-0.00124520013752112,-0.408000320183591,-33.3955278028296,0.0947858683180151,-146.110258707019
"airfoil","unilasso_loo_true",27,-0.00132594215861585,-0.346398022781173,-33.8983666922445,0.087476210787879,-175.697527291904
"airfoil","unilasso_loo_true",28,-0.00125861503194364,-0.383036342712844,-35.7292364635229,0.0879568047955833,-149.794482350983
"airfoil","unilasso_loo_true",29,-0.00120798069941386,-0.418509920866356,-36.5147043701926,0.100448899552497,-143.237777171847
"airfoil","unilasso_loo_true",30,-0.00132698982832264,-0.405481291864413,-37.4612427264698,0.0898797176543637,-152.447338444183
"airfoil","unilasso_loo_true",31,-0.00126279017545117,-0.374797514235096,-35.7521258527231,0.0894504955750908,-145.912392072214
"airfoil","unilasso_loo_true",32,-0.00135343535971733,-0.37777098118667,-38.0574184623345,0.0897900442221152,-166.829739763038
"airfoil","unilasso_loo_true",33,-0.00126634671634213,-0.37465711100848,-36.0496038566511,0.0914483224829948,-164.734453002499
"airfoil","unilasso_loo_true",34,-0.00126246481390003,-0.460173702563891,-36.1172784069838,0.0781229196631946,-139.758963007041
"airfoil","unilasso_loo_true",35,-0.0012920762619429,-0.334632646336545,-33.7019336184252,0.0945340504871088,-181.557187525353
"airfoil","unilasso_loo_true",36,-0.00124670711154562,-0.378647065670758,-35.0993340337078,0.0791421740110029,-163.899174530401
"airfoil","unilasso_loo_true",37,-0.00126783211528705,-0.450345631373877,-36.2576278736572,0.0844997573267498,-146.15603242461
"airfoil","unilasso_loo_true",38,-0.00123311939997225,-0.456927938313636,-36.483743126352,0.101801454635155,-140.233716801296
"airfoil","unilasso_loo_true",39,-0.00123003149487702,-0.454700512235036,-34.0967617105405,0.109740494858207,-114.215082238616
"airfoil","unilasso_loo_true",40,-0.00128498858198068,-0.415117351607461,-35.0348228599008,0.0994745470532475,-150.891905557059
"airfoil","unilasso_loo_true",41,-0.00125823957426443,-0.377284282947401,-35.3796834309106,0.0985056380061776,-159.157230259987
"airfoil","unilasso_loo_true",42,-0.00122893260265751,-0.368101833585115,-32.3147362434941,0.094462072420217,-156.1060580171
"airfoil","unilasso_loo_true",43,-0.00134871702850548,-0.34256173888952,-35.8917544514071,0.0930094078936849,-182.671209766852
"airfoil","unilasso_loo_true",44,-0.00128963525936261,-0.400276997531664,-35.4461000157897,0.101437836563438,-142.124204600148
"airfoil","unilasso_loo_true",45,-0.00118449362672088,-0.463478906837985,-36.2959441525976,0.0990468143389844,-135.959659206357
"airfoil","unilasso_loo_true",46,-0.00123444114084064,-0.391342041621357,-33.1439022576402,0.0857744072704462,-148.611440444872
"airfoil","unilasso_loo_true",47,-0.00134377202929841,-0.421304989726635,-33.4783201982318,0.100254682859049,-147.57641548094
"airfoil","unilasso_loo_true",48,-0.00127690058498788,-0.337529711006319,-35.2636920865563,0.0908448726761902,-174.8915463295
"airfoil","unilasso_loo_true",49,-0.00126057826994024,-0.491828656978407,-35.8493180346852,0.0987723583496077,-123.074577901423
"airfoil","unilasso_loo_true",50,-0.00128464072359073,-0.34551007602961,-33.2563556504573,0.110115796617839,-173.680521631094
"airfoil","unilasso_loo_true",51,-0.00130790977195603,-0.412808560035128,-36.2148099696574,0.0982130579501134,-170.152171827176
"airfoil","unilasso_loo_true",52,-0.00126112112859114,-0.332729453786408,-32.9953023382669,0.0861773708265961,-143.789594864479
"airfoil","unilasso_loo_true",53,-0.00137279166602492,-0.419401600827765,-34.5497303646732,0.0909218360566531,-146.314890721851
"airfoil","unilasso_loo_true",54,-0.00129846817891577,-0.392350885354481,-32.829023126645,0.0995856760149246,-155.261054613952
"airfoil","unilasso_loo_true",55,-0.00135529124119612,-0.456438528628011,-36.231916313692,0.114712516531579,-140.605281517177
"airfoil","unilasso_loo_true",56,-0.00127069297024817,-0.43352071278794,-35.2316808336125,0.0980106636501574,-142.38133078688
"airfoil","unilasso_loo_true",57,-0.00120597738639637,-0.407889859403928,-35.0630970533588,0.0923353313995958,-128.032041327097
"airfoil","unilasso_loo_true",58,-0.00133806669237621,-0.470721956229521,-33.7871640413305,0.096949519984469,-123.18124469162
"airfoil","unilasso_loo_true",59,-0.00119890912786796,-0.321445323131316,-34.3570803901536,0.0920556429501219,-177.628980943267
"airfoil","unilasso_loo_true",60,-0.00120643221088147,-0.258800621805842,-31.5391297823494,0.0956930128595964,-170.188285254144
"airfoil","unilasso_loo_true",61,-0.00123774114110821,-0.420543184976224,-33.8888075148811,0.0824636505521057,-134.647201343041
"airfoil","unilasso_loo_true",62,-0.00126438417186889,-0.471891920611689,-35.1971608986379,0.0876042583141723,-109.389902570623
"airfoil","unilasso_loo_true",63,-0.00119962200737839,-0.309372615600121,-35.1377454581634,0.0955620046538285,-184.741743444271
"airfoil","unilasso_loo_true",64,-0.00122332039027223,-0.352493979719893,-33.8866678129272,0.0879394000534701,-161.25796393528
"airfoil","unilasso_loo_true",65,-0.00115973680034499,-0.299778254602683,-31.464817096379,0.068613532123468,-168.696115015803
"airfoil","unilasso_loo_true",66,-0.00124596778367033,-0.388128054326915,-35.6287647983531,0.0966450163245121,-145.018090958264
"airfoil","unilasso_loo_true",67,-0.00124244418993591,-0.473073362674838,-36.9685277988513,0.0928041506627637,-144.154278028275
"airfoil","unilasso_loo_true",68,-0.00123763273987244,-0.342878754808652,-34.3744292585132,0.0811573368852987,-176.374320843548
"airfoil","unilasso_loo_true",69,-0.00124403852738213,-0.393785684145173,-35.6824558876037,0.0978961064944692,-156.999070607546
"airfoil","unilasso_loo_true",70,-0.00124261754802244,-0.47264932598211,-37.8270882151612,0.0993465245221872,-139.1927657909
"airfoil","unilasso_loo_true",71,-0.00126402435905164,-0.407532817826628,-35.6503742623958,0.108504473914968,-156.386304106987
"airfoil","unilasso_loo_true",72,-0.00123245744875337,-0.329248067033776,-33.5914012074125,0.0947404047933567,-166.608983360803
"airfoil","unilasso_loo_true",73,-0.0012843709035379,-0.395814173530713,-32.9136921777521,0.0826315500138182,-166.725973693945
"airfoil","unilasso_loo_true",74,-0.00135698883833441,-0.36685297310426,-36.8021950230687,0.108834843558045,-166.056411604796
"airfoil","unilasso_loo_true",75,-0.00125170569839154,-0.355413703889729,-33.7826366041496,0.110379684588697,-183.441134877247
"airfoil","unilasso_loo_true",76,-0.00131061398623382,-0.403798167733476,-33.5831663827779,0.0931185104348978,-154.375944113829
"airfoil","unilasso_loo_true",77,-0.00132396806394764,-0.440139077766119,-36.8723716677456,0.0924070423062181,-150.766997363461
"airfoil","unilasso_loo_true",78,-0.00128428205409411,-0.362504013241614,-33.0891789025123,0.0738423397999821,-151.213628162894
"airfoil","unilasso_loo_true",79,-0.00125335412575213,-0.416123578176901,-34.501226743423,0.0918246136600887,-154.756501419755
"airfoil","unilasso_loo_true",80,-0.00126604618468133,-0.337154373433809,-31.5791439019464,0.0949245321911995,-156.851716294514
"airfoil","unilasso_loo_true",81,-0.00122752097422799,-0.391717698145462,-34.2458863583575,0.0786878981026175,-175.398566564972
"airfoil","unilasso_loo_true",82,-0.00127282806457865,-0.434394713907737,-32.9015348841644,0.0840873635454246,-144.925427655721
"airfoil","unilasso_loo_true",83,-0.00112765501725853,-0.328336562329807,-33.70714202175,0.0813059864599208,-175.889131300756
"airfoil","unilasso_loo_true",84,-0.00122902045608295,-0.443061175391381,-35.0613994273684,0.09221031519997,-129.12722206345
"airfoil","unilasso_loo_true",85,-0.00119845917474073,-0.467395057361344,-36.4363982321531,0.102432874234454,-133.334418218807
"airfoil","unilasso_loo_true",86,-0.00138098420955136,-0.323932619340052,-33.3398330375853,0.0773466115779019,-190.593972894723
"airfoil","unilasso_loo_true",87,-0.00133407491538771,-0.35926774172745,-32.1104345059985,0.0873348576901128,-151.836225642348
"airfoil","unilasso_loo_true",88,-0.00131466665015467,-0.381142858986957,-36.0195851098235,0.106592854026098,-156.144647142285
"airfoil","unilasso_loo_true",89,-0.0011738705959074,-0.351624617263034,-32.5574941256754,0.0812231868916947,-167.046950410606
"airfoil","unilasso_loo_true",90,-0.00128060916842302,-0.411787058548375,-34.9442082818728,0.0835020955578853,-129.365407580891
"airfoil","unilasso_loo_true",91,-0.00127918902148263,-0.352963075596879,-33.3743549980269,0.090290816674501,-159.624802148818
"airfoil","unilasso_loo_true",92,-0.00124661521163643,-0.336837972943897,-35.5707027215319,0.100576138950215,-179.860081636448
"airfoil","unilasso_loo_true",93,-0.00128777599500711,-0.419984727550627,-36.412825748452,0.0896263340481665,-164.413576304492
"airfoil","unilasso_loo_true",94,-0.00120160927945462,-0.421914596723143,-35.2276408026014,0.0836715216261801,-131.064833368114
"airfoil","unilasso_loo_true",95,-0.00135281114273257,-0.400645060898006,-36.7747457049869,0.105692080765184,-176.202726236615
"airfoil","unilasso_loo_true",96,-0.0012829138268366,-0.336865588688234,-32.718988284779,0.0929143223922119,-179.568003046633
"airfoil","unilasso_loo_true",97,-0.00120340657444647,-0.417311197479292,-36.2308846862214,0.0821098208903178,-151.146407540001
"airfoil","unilasso_loo_true",98,-0.00126607281551533,-0.412348304293348,-36.176722191101,0.0824019449316972,-139.781532232486
"airfoil","unilasso_loo_true",99,-0.00131329598138121,-0.378071340702924,-36.1758473732273,0.0827970379323702,-173.572492314667
"airfoil","unilasso_loo_true",100,-0.00126251816760053,-0.477907720506417,-36.1379915878176,0.092632269279039,-120.402378251377
"airfoil","unilasso_loo_false",1,-0.00121778512468015,-0.434560389134207,-36.7420993790507,0.0966653727143051,-138.738868943122
"airfoil","unilasso_loo_false",2,-0.00131288969814854,-0.416881653276529,-35.4243807207705,0.0948698799963979,-145.576463727729
"airfoil","unilasso_loo_false",3,-0.00134602705455184,-0.354278030224671,-33.1464433526667,0.0915196706452975,-157.763078764589
"airfoil","unilasso_loo_false",4,-0.00126735969295697,-0.32357160459271,-30.1020114870634,0.0966087054834983,-162.320120342907
"airfoil","unilasso_loo_false",5,-0.00125900999826127,-0.383694191943282,-35.7716094018214,0.0952010674116714,-177.05454401942
"airfoil","unilasso_loo_false",6,-0.00126621393547761,-0.482570002450284,-38.0947057099013,0.102357961821919,-130.573398451077
"airfoil","unilasso_loo_false",7,-0.00130544693093649,-0.424367326110915,-33.5887626782901,0.0821251910379794,-161.948293784086
"airfoil","unilasso_loo_false",8,-0.00133483147421175,-0.410634273593099,-35.6510377563451,0.100747744265378,-160.463068146953
"airfoil","unilasso_loo_false",9,-0.0012938743706693,-0.461106812381014,-36.78576780002,0.105713005009466,-134.967223455348
"airfoil","unilasso_loo_false",10,-0.00120756146887086,-0.410595154505747,-34.0010878487393,0.088412268172126,-144.766477643418
"airfoil","unilasso_loo_false",11,-0.00117640679450135,-0.452512396537484,-36.8841952174604,0.104168614376587,-134.060136609785
"airfoil","unilasso_loo_false",12,-0.00135222121025241,-0.407224498612876,-35.5778978800601,0.0995535493772066,-168.220434567951
"airfoil","unilasso_loo_false",13,-0.00136356694113013,-0.478790586814265,-36.281356883706,0.0970908957748899,-137.978332327242
"airfoil","unilasso_loo_false",14,-0.00123822938599778,-0.406522783739988,-33.3798456479836,0.0938662784778603,-140.592909714397
"airfoil","unilasso_loo_false",15,-0.00119030763800154,-0.407478477383508,-35.9789547072125,0.087328023642958,-143.61008450644
"airfoil","unilasso_loo_false",16,-0.0012753819447253,-0.395215672658005,-34.8833148472932,0.0848477963533578,-142.915089806183
"airfoil","unilasso_loo_false",17,-0.00124496042612473,-0.399739669307197,-36.0801790898099,0.0951395844289078,-159.663037200838
"airfoil","unilasso_loo_false",18,-0.00126439600675557,-0.366550524882411,-35.0965029627523,0.0965801496622887,-166.462365749873
"airfoil","unilasso_loo_false",19,-0.00125507957481364,-0.463310021008757,-35.4695334229353,0.0991204103794186,-130.303799901007
"airfoil","unilasso_loo_false",20,-0.0013153242060963,-0.450602889335125,-36.063914559306,0.102320456281906,-130.752766469629
"airfoil","unilasso_loo_false",21,-0.00131961646424428,-0.426746442324199,-37.3020091379156,0.110252112666339,-162.799112976842
"airfoil","unilasso_loo_false",22,-0.0013051481647749,-0.460874163579942,-36.6912037336503,0.095771537763549,-137.220993624071
"airfoil","unilasso_loo_false",23,-0.001194148539264,-0.333586471632498,-33.1910583613953,0.0944170258882092,-180.162409409873
"airfoil","unilasso_loo_false",24,-0.00125136307974412,-0.42265018530645,-35.049344457821,0.0919976549284362,-146.925108986488
"airfoil","unilasso_loo_false",25,-0.00129342378085626,-0.406923653043455,-34.0002190080049,0.0968092359618338,-126.137721071066
"airfoil","unilasso_loo_false",26,-0.00126053911771034,-0.451602046556453,-34.4684840610353,0.10157172132538,-133.936070046803
"airfoil","unilasso_loo_false",27,-0.00133561219122899,-0.376467518902655,-34.5998209740474,0.0949067483532392,-166.257434988133
"airfoil","unilasso_loo_false",28,-0.00127067856556592,-0.418673500247804,-36.4943489381306,0.0934401779154646,-139.333213915231
"airfoil","unilasso_loo_false",29,-0.00121219788305998,-0.436391011883649,-36.8588266535963,0.103110607474827,-137.645082314772
"airfoil","unilasso_loo_false",30,-0.00132926764224295,-0.433086681340157,-37.9235935205352,0.0947183609140795,-143.676156695982
"airfoil","unilasso_loo_false",31,-0.00127363391292757,-0.412974974822655,-36.6530442734652,0.0963333435756643,-135.415800116167
"airfoil","unilasso_loo_false",32,-0.0013569018318182,-0.406505503905399,-38.6361034797563,0.0954557367944559,-157.07931171624
"airfoil","unilasso_loo_false",33,-0.00127515864615289,-0.400643258195869,-36.6559323010756,0.0960685105962574,-156.388051207547
"airfoil","unilasso_loo_false",34,-0.00127790065525452,-0.486080358350694,-36.774610434362,0.0856671645401995,-131.828031200055
"airfoil","unilasso_loo_false",35,-0.00130110237684542,-0.365399358620135,-34.4157159340449,0.0995985036158346,-171.896406312032
"airfoil","unilasso_loo_false",36,-0.00126159815872924,-0.409584875613107,-36.0151088898016,0.0852727450494169,-155.019477934613
"airfoil","unilasso_loo_false",37,-0.00127618454516358,-0.474811284258071,-36.7912981440412,0.0918538952722208,-138.249690324057
"airfoil","unilasso_loo_false",38,-0.00124432248396521,-0.474259847431824,-36.9190164852914,0.105721953322339,-134.745654929178
"airfoil","unilasso_loo_false",39,-0.00123669766993872,-0.479934622049326,-34.7634326061092,0.114507135445528,-107.345144098402
"airfoil","unilasso_loo_false",40,-0.00129015473508699,-0.443446331677523,-35.7058752414927,0.103766171777015,-142.324719591878
"airfoil","unilasso_loo_false",41,-0.00127389540305007,-0.410145102325092,-36.136568647159,0.104052910713236,-149.840865126286
"airfoil","unilasso_loo_false",42,-0.00124093524732622,-0.39200902030136,-33.0707723832313,0.0994367157069012,-149.289369860086
"airfoil","unilasso_loo_false",43,-0.00135966477608452,-0.370573600269696,-36.5005340488582,0.0974755366302794,-173.612267465731
"airfoil","unilasso_loo_false",44,-0.00130133564401947,-0.438039056091737,-36.2677681866938,0.105354347003911,-131.24960200723
"airfoil","unilasso_loo_false",45,-0.00119747032289128,-0.489075432410374,-36.9608396758222,0.103871031892157,-128.9364404262
"airfoil","unilasso_loo_false",46,-0.00124483593276933,-0.415306590108764,-33.8325088787962,0.0902577659000334,-141.53211093098
"airfoil","unilasso_loo_false",47,-0.00135204850848753,-0.439786732572934,-34.1438423116805,0.102825642674862,-142.184196470704
"airfoil","unilasso_loo_false",48,-0.00128738588940766,-0.372809131757945,-36.0286720051927,0.0952689781173179,-164.193470259921
"airfoil","unilasso_loo_false",49,-0.00126960958441638,-0.512909040548088,-36.318501544198,0.102285106299621,-117.073896523578
"airfoil","unilasso_loo_false",50,-0.0012918196872779,-0.372132763425966,-33.9582168555706,0.113747785709749,-165.877775343163
"airfoil","unilasso_loo_false",51,-0.00131324537837012,-0.445544501252016,-36.8973213085709,0.103158074012835,-159.554739920341
"airfoil","unilasso_loo_false",52,-0.00127592292791233,-0.386548553329018,-34.2526634884055,0.0917376678673263,-128.854000203159
"airfoil","unilasso_loo_false",53,-0.00137876986543835,-0.452788527047952,-35.3115319663467,0.0956679505915829,-136.351377606746
"airfoil","unilasso_loo_false",54,-0.00130861646721588,-0.417817722503002,-33.4856216963043,0.105519449639469,-147.779615755228
"airfoil","unilasso_loo_false",55,-0.00136124817693226,-0.482205420731847,-36.8361400021535,0.117459544130322,-132.907996140005
"airfoil","unilasso_loo_false",56,-0.00128298047645567,-0.464767752258515,-35.9913198978721,0.102142922728258,-133.200624115755
"airfoil","unilasso_loo_false",57,-0.00121953027660463,-0.43977469747795,-35.8147735774958,0.0969909159455444,-119.882011903611
"airfoil","unilasso_loo_false",58,-0.00134566780874841,-0.496923033781329,-34.5186742838679,0.102420263089155,-116.039699189552
"airfoil","unilasso_loo_false",59,-0.001212951158584,-0.356297770310343,-35.193761963688,0.0960738405520849,-167.187677211291
"airfoil","unilasso_loo_false",60,-0.00122197405219578,-0.304916357564358,-32.5260968744896,0.101550689413802,-157.025160126348
"airfoil","unilasso_loo_false",61,-0.00124181633287426,-0.446599766519316,-34.6298744393706,0.0915721913586165,-126.738363392749
"airfoil","unilasso_loo_false",62,-0.00127174375383666,-0.496653586176713,-35.7701793032095,0.0940263345619209,-102.472113524656
"airfoil","unilasso_loo_false",63,-0.00121451495184549,-0.356461094211645,-36.1846829972267,0.101113714452665,-170.758071859658
"airfoil","unilasso_loo_false",64,-0.00123187506588713,-0.37905212338011,-34.509343173496,0.0926940869341602,-153.465389781076
"airfoil","unilasso_loo_false",65,-0.00117243227445293,-0.340108008756019,-32.5111685705301,0.0791577326238664,-156.811203786392
"airfoil","unilasso_loo_false",66,-0.00125709162493571,-0.430727383491026,-36.5033095076095,0.101081570884423,-133.359976258344
"airfoil","unilasso_loo_false",67,-0.00125270254885103,-0.497972558928303,-37.6156082594307,0.0987755246522924,-136.635195566073
"airfoil","unilasso_loo_false",68,-0.00124569675116033,-0.372231777139642,-35.0796120280176,0.0882302497376586,-167.326951083169
"airfoil","unilasso_loo_false",69,-0.00125738384347063,-0.428307558909754,-36.4928851237273,0.10214827637011,-146.941752850245
"airfoil","unilasso_loo_false",70,-0.00125180347934072,-0.496928094446657,-38.4516631246321,0.104246627110637,-131.519351344501
"airfoil","unilasso_loo_false",71,-0.00127595817597234,-0.441979301358524,-36.4507345834873,0.113818738434836,-146.438504708114
"airfoil","unilasso_loo_false",72,-0.001246043040674,-0.374173743318786,-34.6659249262749,0.100038699360245,-153.627340650627
"airfoil","unilasso_loo_false",73,-0.00129519326182348,-0.428923640783893,-33.783509476005,0.0888872244153318,-156.316667683029
"airfoil","unilasso_loo_false",74,-0.00136900770023871,-0.392751684932561,-37.4500320516068,0.111070531408845,-158.446435503715
"airfoil","unilasso_loo_false",75,-0.00126494843213219,-0.380321882848746,-34.6287692125445,0.112496475295092,-175.653185974729
"airfoil","unilasso_loo_false",76,-0.00131880739445387,-0.432632199781408,-34.2770868961839,0.0974450114427903,-144.944675184412
"airfoil","unilasso_loo_false",77,-0.00133075550390588,-0.466577503452562,-37.385606764651,0.0976197470361828,-142.108090010574
"airfoil","unilasso_loo_false",78,-0.00129955291166592,-0.397383329950517,-33.9859891298263,0.0858347066394424,-141.541526837276
"airfoil","unilasso_loo_false",79,-0.00126875356385465,-0.447594377650821,-35.2799872139179,0.10014200586296,-145.587418970773
"airfoil","unilasso_loo_false",80,-0.00127733617657052,-0.377357263206008,-32.5454587326773,0.0986499983499347,-145.248838093903
"airfoil","unilasso_loo_false",81,-0.0012381845936418,-0.418673562773852,-35.004574720428,0.084466602891829,-166.15337897683
"airfoil","unilasso_loo_false",82,-0.00128426499516896,-0.47046364842312,-33.7903318359303,0.0905779234334789,-134.269532431887
"airfoil","unilasso_loo_false",83,-0.00114433365418844,-0.367459731510993,-34.6486874732704,0.0877445713495997,-164.324038566079
"airfoil","unilasso_loo_false",84,-0.00123421763758738,-0.466501997141332,-35.5647866113188,0.0974138164610264,-121.638298172289
"airfoil","unilasso_loo_false",85,-0.00120744201224613,-0.488845615816077,-37.0121931022236,0.105946522926675,-126.512511892283
"airfoil","unilasso_loo_false",86,-0.0013822366739787,-0.352090035874944,-34.0214840688185,0.0843015931157299,-181.331157940793
"airfoil","unilasso_loo_false",87,-0.00134236355342335,-0.384474448187838,-32.830911891855,0.0924905651002034,-144.48500610832
"airfoil","unilasso_loo_false",88,-0.00132478178166837,-0.42345470475033,-36.9275228580577,0.111249034427403,-143.767533975589
"airfoil","unilasso_loo_false",89,-0.00119110112805315,-0.392672152814034,-33.6766824831491,0.0885764103988311,-154.823120664396
"airfoil","unilasso_loo_false",90,-0.00129529891931113,-0.445633139788425,-35.8336462686141,0.091624641751842,-120.563893926351
"airfoil","unilasso_loo_false",91,-0.00128881526143639,-0.38311489935174,-34.2419019726229,0.0970640766556217,-151.020531749943
"airfoil","unilasso_loo_false",92,-0.00125895903405151,-0.368803993774694,-36.2830064273352,0.104344061354522,-170.392858145363
"airfoil","unilasso_loo_false",93,-0.00129748863216388,-0.44198000978148,-36.9397834970481,0.094526762030518,-156.96786228053
"airfoil","unilasso_loo_false",94,-0.00121443330809011,-0.447979411355386,-35.8820417708768,0.0895088495726761,-123.707176993484
"airfoil","unilasso_loo_false",95,-0.00135785625247841,-0.41950462187775,-37.1695307514451,0.108985760512213,-169.605568689001
"airfoil","unilasso_loo_false",96,-0.00129733035560162,-0.368281287034599,-33.5080241057785,0.0966118055069613,-170.258405813223
"airfoil","unilasso_loo_false",97,-0.00121207417224695,-0.445668748533493,-36.8109140141765,0.0900055750857967,-142.357527983333
"airfoil","unilasso_loo_false",98,-0.00127757684555006,-0.436060285294992,-36.7745533586048,0.0878608045635931,-132.927746941865
"airfoil","unilasso_loo_false",99,-0.00131789046224869,-0.40865636416269,-36.7921079089412,0.0905585082535639,-163.421322673787
"airfoil","unilasso_loo_false",100,-0.00127457050255694,-0.499507893311557,-36.6461403064543,0.0981714311705742,-113.933450735993
"airfoil","polish_unilasso",1,-0.00120828985545132,-0.4011469544096,-36.1543196006849,0.0905293036258277,-148.508138847012
"airfoil","polish_unilasso",2,-0.00130202044668955,-0.385664456857549,-34.8228812995887,0.0889117295529367,-155.054447398342
"airfoil","polish_unilasso",3,-0.00133856413241525,-0.327187550188421,-32.5060138123417,0.0857571371925226,-165.976413665113
"airfoil","polish_unilasso",4,-0.00125250136773551,-0.289009693297565,-29.06160585183,0.0913946721198836,-171.794911829631
"airfoil","polish_unilasso",5,-0.00124727486149655,-0.355203384025375,-35.0410369390881,0.0907879918707579,-186.303892658963
"airfoil","polish_unilasso",6,-0.00125654559748342,-0.454933879422263,-37.505414605611,0.0982478015559452,-138.647844577646
"airfoil","polish_unilasso",7,-0.00129578270584727,-0.388667315932133,-32.6571270616314,0.0689901618559051,-173.044704812564
"airfoil","polish_unilasso",8,-0.00132997831740523,-0.387411919210261,-35.164658080892,0.0959681185593353,-168.183826751564
"airfoil","polish_unilasso",9,-0.00128544031759387,-0.434106883374244,-36.1790881259919,0.102522159360036,-143.115432310989
"airfoil","polish_unilasso",10,-0.00118638135057708,-0.376277954919901,-33.1526898966389,0.0837567392602658,-154.146422286632
"airfoil","polish_unilasso",11,-0.00116588158449575,-0.430675595549176,-36.4204932437663,0.101178486044034,-140.718638823027
"airfoil","polish_unilasso",12,-0.00134707827807334,-0.383415935028621,-34.9104798672637,0.0945941757308499,-176.122229834219
"airfoil","polish_unilasso",13,-0.00135396737011137,-0.458804717287155,-35.6899978541327,0.0923925221348189,-143.962404233992
"airfoil","polish_unilasso",14,-0.00122861689581373,-0.373604973951454,-32.5084580760606,0.088004266774175,-150.297006843519
"airfoil","polish_unilasso",15,-0.001173879545065,-0.370166135356214,-35.0813447659711,0.0810786306311136,-154.674492070644
"airfoil","polish_unilasso",16,-0.00126474428969462,-0.350588356216683,-33.7756842387415,0.0765336234629782,-155.831291640601
"airfoil","polish_unilasso",17,-0.00123358597131606,-0.365529084387304,-35.3302178232148,0.0878499937259014,-170.139167497153
"airfoil","polish_unilasso",18,-0.00125400588465287,-0.335732061989705,-34.364955511442,0.0918766569450118,-175.878259363786
"airfoil","polish_unilasso",19,-0.00123753892751034,-0.431687785185842,-34.6277383611896,0.0934729140238664,-138.809286035913
"airfoil","polish_unilasso",20,-0.00130410100138055,-0.424516967357142,-35.4957373916663,0.0995191925024996,-138.233040622165
"airfoil","polish_unilasso",21,-0.00130674291723208,-0.391268363750256,-36.470803881897,0.105484496292207,-173.679694907805
"airfoil","polish_unilasso",22,-0.00129707067291681,-0.430084217178779,-36.0153338078391,0.0901510832765862,-146.5668767401
"airfoil","polish_unilasso",23,-0.00118052669421051,-0.303415057985279,-32.250396273154,0.0891391863274094,-189.490857106486
"airfoil","polish_unilasso",24,-0.00123767502197963,-0.38986692386227,-34.3061930415581,0.0828844416316558,-156.705520823403
"airfoil","polish_unilasso",25,-0.00128008204012605,-0.366257192483681,-33.0033123556312,0.091363929794555,-136.61249727476
"airfoil","polish_unilasso",26,-0.00124520013752112,-0.408000320183591,-33.3955278028296,0.0947858683180151,-146.110258707019
"airfoil","polish_unilasso",27,-0.00132594215861585,-0.346398022781173,-33.8983666922445,0.087476210787879,-175.697527291904
"airfoil","polish_unilasso",28,-0.00125861503194364,-0.383036342712844,-35.7292364635229,0.0879568047955833,-149.794482350983
"airfoil","polish_unilasso",29,-0.00120798069941386,-0.418509920866356,-36.5147043701926,0.100448899552497,-143.237777171847
"airfoil","polish_unilasso",30,-0.00132698982832264,-0.405481291864413,-37.4612427264698,0.0898797176543637,-152.447338444183
"airfoil","polish_unilasso",31,-0.00126279017545117,-0.374797514235096,-35.7521258527231,0.0894504955750908,-145.912392072214
"airfoil","polish_unilasso",32,-0.00135343535971733,-0.37777098118667,-38.0574184623345,0.0897900442221152,-166.829739763038
"airfoil","polish_unilasso",33,-0.00126634671634213,-0.37465711100848,-36.0496038566511,0.0914483224829948,-164.734453002499
"airfoil","polish_unilasso",34,-0.00126246481390003,-0.460173702563891,-36.1172784069838,0.0781229196631946,-139.758963007041
"airfoil","polish_unilasso",35,-0.0012920762619429,-0.334632646336545,-33.7019336184252,0.0945340504871088,-181.557187525353
"airfoil","polish_unilasso",36,-0.00124670711154562,-0.378647065670758,-35.0993340337078,0.0791421740110029,-163.899174530401
"airfoil","polish_unilasso",37,-0.00126783211528705,-0.450345631373877,-36.2576278736572,0.0844997573267498,-146.15603242461
"airfoil","polish_unilasso",38,-0.00123311939997225,-0.456927938313636,-36.483743126352,0.101801454635155,-140.233716801296
"airfoil","polish_unilasso",39,-0.00123003149487702,-0.454700512235036,-34.0967617105405,0.109740494858207,-114.215082238616
"airfoil","polish_unilasso",40,-0.00128498858198068,-0.415117351607461,-35.0348228599008,0.0994745470532475,-150.891905557059
"airfoil","polish_unilasso",41,-0.00125823957426443,-0.377284282947401,-35.3796834309106,0.0985056380061776,-159.157230259987
"airfoil","polish_unilasso",42,-0.00122893260265751,-0.368101833585115,-32.3147362434941,0.094462072420217,-156.1060580171
"airfoil","polish_unilasso",43,-0.00134871702850548,-0.34256173888952,-35.8917544514071,0.0930094078936849,-182.671209766852
"airfoil","polish_unilasso",44,-0.00128963525936261,-0.400276997531664,-35.4461000157897,0.101437836563438,-142.124204600148
"airfoil","polish_unilasso",45,-0.00118449362672088,-0.463478906837985,-36.2959441525976,0.0990468143389844,-135.959659206357
"airfoil","polish_unilasso",46,-0.00123444114084064,-0.391342041621357,-33.1439022576402,0.0857744072704462,-148.611440444872
"airfoil","polish_unilasso",47,-0.00134377202929841,-0.421304989726635,-33.4783201982318,0.100254682859049,-147.57641548094
"airfoil","polish_unilasso",48,-0.00127690058498788,-0.337529711006319,-35.2636920865563,0.0908448726761902,-174.8915463295
"airfoil","polish_unilasso",49,-0.00126057826994024,-0.491828656978407,-35.8493180346852,0.0987723583496077,-123.074577901423
"airfoil","polish_unilasso",50,-0.00128464072359073,-0.34551007602961,-33.2563556504573,0.110115796617839,-173.680521631094
"airfoil","polish_unilasso",51,-0.00130790977195603,-0.412808560035128,-36.2148099696574,0.0982130579501134,-170.152171827176
"airfoil","polish_unilasso",52,-0.00126112112859114,-0.332729453786408,-32.9953023382669,0.0861773708265961,-143.789594864479
"airfoil","polish_unilasso",53,-0.00137279166602492,-0.419401600827765,-34.5497303646732,0.0909218360566531,-146.314890721851
"airfoil","polish_unilasso",54,-0.00129846817891577,-0.392350885354481,-32.829023126645,0.0995856760149246,-155.261054613952
"airfoil","polish_unilasso",55,-0.00135529124119612,-0.456438528628011,-36.231916313692,0.114712516531579,-140.605281517177
"airfoil","polish_unilasso",56,-0.00127069297024817,-0.43352071278794,-35.2316808336125,0.0980106636501574,-142.38133078688
"airfoil","polish_unilasso",57,-0.00120597738639637,-0.407889859403928,-35.0630970533588,0.0923353313995958,-128.032041327097
"airfoil","polish_unilasso",58,-0.00133806669237621,-0.470721956229521,-33.7871640413305,0.096949519984469,-123.18124469162
"airfoil","polish_unilasso",59,-0.00119890912786796,-0.321445323131316,-34.3570803901536,0.0920556429501219,-177.628980943267
"airfoil","polish_unilasso",60,-0.00120643221088147,-0.258800621805842,-31.5391297823494,0.0956930128595964,-170.188285254144
"airfoil","polish_unilasso",61,-0.00123774114110821,-0.420543184976224,-33.8888075148811,0.0824636505521057,-134.647201343041
"airfoil","polish_unilasso",62,-0.00126438417186889,-0.471891920611689,-35.1971608986379,0.0876042583141723,-109.389902570623
"airfoil","polish_unilasso",63,-0.00119962200737839,-0.309372615600121,-35.1377454581634,0.0955620046538285,-184.741743444271
"airfoil","polish_unilasso",64,-0.00122332039027223,-0.352493979719893,-33.8866678129272,0.0879394000534701,-161.25796393528
"airfoil","polish_unilasso",65,-0.00115973680034499,-0.299778254602683,-31.464817096379,0.068613532123468,-168.696115015803
"airfoil","polish_unilasso",66,-0.00124596778367033,-0.388128054326915,-35.6287647983531,0.0966450163245121,-145.018090958264
"airfoil","polish_unilasso",67,-0.00124244418993591,-0.473073362674838,-36.9685277988513,0.0928041506627637,-144.154278028275
"airfoil","polish_unilasso",68,-0.00123763273987244,-0.342878754808652,-34.3744292585132,0.0811573368852987,-176.374320843548
"airfoil","polish_unilasso",69,-0.00124403852738213,-0.393785684145173,-35.6824558876037,0.0978961064944692,-156.999070607546
"airfoil","polish_unilasso",70,-0.00124261754802244,-0.47264932598211,-37.8270882151612,0.0993465245221872,-139.1927657909
"airfoil","polish_unilasso",71,-0.00126402435905164,-0.407532817826628,-35.6503742623958,0.108504473914968,-156.386304106987
"airfoil","polish_unilasso",72,-0.00123245744875337,-0.329248067033776,-33.5914012074125,0.0947404047933567,-166.608983360803
"airfoil","polish_unilasso",73,-0.0012843709035379,-0.395814173530713,-32.9136921777521,0.0826315500138182,-166.725973693945
"airfoil","polish_unilasso",74,-0.00135698883833441,-0.36685297310426,-36.8021950230687,0.108834843558045,-166.056411604796
"airfoil","polish_unilasso",75,-0.00125170569839154,-0.355413703889729,-33.7826366041496,0.110379684588697,-183.441134877247
"airfoil","polish_unilasso",76,-0.00131061398623382,-0.403798167733476,-33.5831663827779,0.0931185104348978,-154.375944113829
"airfoil","polish_unilasso",77,-0.00132396806394764,-0.440139077766119,-36.8723716677456,0.0924070423062181,-150.766997363461
"airfoil","polish_unilasso",78,-0.00128428205409411,-0.362504013241614,-33.0891789025123,0.0738423397999821,-151.213628162894
"airfoil","polish_unilasso",79,-0.00125335412575213,-0.416123578176901,-34.501226743423,0.0918246136600887,-154.756501419755
"airfoil","polish_unilasso",80,-0.00126604618468133,-0.337154373433809,-31.5791439019464,0.0949245321911995,-156.851716294514
"airfoil","polish_unilasso",81,-0.00122752097422799,-0.391717698145462,-34.2458863583575,0.0786878981026175,-175.398566564972
"airfoil","polish_unilasso",82,-0.00127282806457865,-0.434394713907737,-32.9015348841644,0.0840873635454246,-144.925427655721
"airfoil","polish_unilasso",83,-0.00112765501725853,-0.328336562329807,-33.70714202175,0.0813059864599208,-175.889131300756
"airfoil","polish_unilasso",84,-0.00122902045608295,-0.443061175391381,-35.0613994273684,0.09221031519997,-129.12722206345
"airfoil","polish_unilasso",85,-0.00119845917474073,-0.467395057361344,-36.4363982321531,0.102432874234454,-133.334418218807
"airfoil","polish_unilasso",86,-0.00138098420955136,-0.323932619340052,-33.3398330375853,0.0773466115779019,-190.593972894723
"airfoil","polish_unilasso",87,-0.00133407491538771,-0.35926774172745,-32.1104345059985,0.0873348576901128,-151.836225642348
"airfoil","polish_unilasso",88,-0.00131466665015467,-0.381142858986957,-36.0195851098235,0.106592854026098,-156.144647142285
"airfoil","polish_unilasso",89,-0.0011738705959074,-0.351624617263034,-32.5574941256754,0.0812231868916947,-167.046950410606
"airfoil","polish_unilasso",90,-0.00128060916842302,-0.411787058548375,-34.9442082818728,0.0835020955578853,-129.365407580891
"airfoil","polish_unilasso",91,-0.00127918902148263,-0.352963075596879,-33.3743549980269,0.090290816674501,-159.624802148818
"airfoil","polish_unilasso",92,-0.00124661521163643,-0.336837972943897,-35.5707027215319,0.100576138950215,-179.860081636448
"airfoil","polish_unilasso",93,-0.00128777599500711,-0.419984727550627,-36.412825748452,0.0896263340481665,-164.413576304492
"airfoil","polish_unilasso",94,-0.00120160927945462,-0.421914596723143,-35.2276408026014,0.0836715216261801,-131.064833368114
"airfoil","polish_unilasso",95,-0.00135281114273257,-0.400645060898006,-36.7747457049869,0.105692080765184,-176.202726236615
"airfoil","polish_unilasso",96,-0.0012829138268366,-0.336865588688234,-32.718988284779,0.0929143223922119,-179.568003046633
"airfoil","polish_unilasso",97,-0.00120340657444647,-0.417311197479292,-36.2308846862214,0.0821098208903178,-151.146407540001
"airfoil","polish_unilasso",98,-0.00126607281551533,-0.412348304293348,-36.176722191101,0.0824019449316972,-139.781532232486
"airfoil","polish_unilasso",99,-0.00131329598138121,-0.378071340702924,-36.1758473732273,0.0827970379323702,-173.572492314667
"airfoil","polish_unilasso",100,-0.00126251816760053,-0.477907720506417,-36.1379915878176,0.092632269279039,-120.402378251377
"airfoil","lasso_cv",1,-0.000824593362610485,0,0,0,0
"airfoil","lasso_cv",2,-0.000855044168996856,0,0,0,0
"airfoil","lasso_cv",3,-0.00094847089970231,0,0,0,0
"airfoil","lasso_cv",4,-0.000832703658392191,0,0,0,0
"airfoil","lasso_cv",5,-0.000823064367521643,0,0,0,0
"airfoil","lasso_cv",6,-0.000845960944212237,0,0,0,0
"airfoil","lasso_cv",7,-0.000903747703826115,0,0,0,0
"airfoil","lasso_cv",8,-0.000916940495721835,0,0,0,0
"airfoil","lasso_cv",9,-0.00085838177942416,0,0,0,0
"airfoil","lasso_cv",10,-0.000739404420152927,0,0,0,0
"airfoil","lasso_cv",11,-0.00070472704821693,0,0,0,0
"airfoil","lasso_cv",12,-0.000926240591568529,0,0,0,0
"airfoil","lasso_cv",13,-0.00088270205895323,0,0,0,0
"airfoil","lasso_cv",14,-0.000840662951382825,0,0,0,0
"airfoil","lasso_cv",15,-0.000751113779734077,0,0,0,0
"airfoil","lasso_cv",16,-0.000860646988080024,0,0,0,0
"airfoil","lasso_cv",17,-0.000821211880097909,0,0,0,0
"airfoil","lasso_cv",18,-0.000837225552315928,0,0,0,0
"airfoil","lasso_cv",19,-0.000778120678467074,0,0,0,0
"airfoil","lasso_cv",20,-0.000862464834441191,0,0,0,0
"airfoil","lasso_cv",21,-0.000872336258041707,0,0,0,0
"airfoil","lasso_cv",22,-0.000859405332717691,0,0,0,0
"airfoil","lasso_cv",23,-0.000792977898519705,0,0,0,0
"airfoil","lasso_cv",24,-0.000833024315828985,0,0,0,0
"airfoil","lasso_cv",25,-0.000838691805585204,0,0,0,0
"airfoil","lasso_cv",26,-0.000828501624412393,0,0,0,0
"airfoil","lasso_cv",27,-0.000924154497886993,0,0,0,0
"airfoil","lasso_cv",28,-0.000803025485186154,0,0,0,0
"airfoil","lasso_cv",29,-0.000816511930385769,0,0,0,0
"airfoil","lasso_cv",30,-0.000930419358822331,0,0,0,0
"airfoil","lasso_cv",31,-0.000851084485878462,0,0,0,0
"airfoil","lasso_cv",32,-0.000969293192461612,0,0,0,0
"airfoil","lasso_cv",33,-0.000810402902511957,0,0,0,0
"airfoil","lasso_cv",34,-0.000776410507509715,0,0,0,0
"airfoil","lasso_cv",35,-0.000856234470092847,0,0,0,0
"airfoil","lasso_cv",36,-0.000791475176874618,0,0,0,0
"airfoil","lasso_cv",37,-0.000810090676483173,0,0,0,0
"airfoil","lasso_cv",38,-0.000739951449947595,0,0,0,0
"airfoil","lasso_cv",39,-0.000826106332957134,0,0,0,0
"airfoil","lasso_cv",40,-0.000903085531043994,0,0,0,0
"airfoil","lasso_cv",41,-0.000808766751018507,0,0,0,0
"airfoil","lasso_cv",42,-0.000814354890825083,0,0,0,0
"airfoil","lasso_cv",43,-0.000953384596210629,0,0,0,0
"airfoil","lasso_cv",44,-0.000850744874080364,0,0,0,0
"airfoil","lasso_cv",45,-0.000709795784813104,0,0,0,0
"airfoil","lasso_cv",46,-0.000832658084999725,0,0,0,0
"airfoil","lasso_cv",47,-0.000881254525000092,0,0,0,0
"airfoil","lasso_cv",48,-0.000855790939118905,0,0,0,0
"airfoil","lasso_cv",49,-0.000783632057268653,0,0,0,0
"airfoil","lasso_cv",50,-0.000882793214260375,0,0,0,0
"airfoil","lasso_cv",51,-0.000886016736084079,0,0,0,0
"airfoil","lasso_cv",52,-0.000876943563765294,0,0,0,0
"airfoil","lasso_cv",53,-0.000971166591099155,0,0,0,0
"airfoil","lasso_cv",54,-0.000894161507086547,0,0,0,0
"airfoil","lasso_cv",55,-0.000872241552987533,0,0,0,0
"airfoil","lasso_cv",56,-0.000794867166273224,0,0,0,0
"airfoil","lasso_cv",57,-0.000773317745902555,0,0,0,0
"airfoil","lasso_cv",58,-0.000877621757912552,0,0,0,0
"airfoil","lasso_cv",59,-0.000747606320248016,0,0,0,0
"airfoil","lasso_cv",60,-0.000852443278720192,0,0,0,0
"airfoil","lasso_cv",61,-0.000810770684144365,0,0,0,0
"airfoil","lasso_cv",62,-0.000859537683633476,0,0,0,0
"airfoil","lasso_cv",63,-0.000805552545487294,0,0,0,0
"airfoil","lasso_cv",64,-0.000814437976545983,0,0,0,0
"airfoil","lasso_cv",65,-0.000818741115718497,0,0,0,0
"airfoil","lasso_cv",66,-0.000825487094072328,0,0,0,0
"airfoil","lasso_cv",67,-0.000749218211167125,0,0,0,0
"airfoil","lasso_cv",68,-0.000854056277377776,0,0,0,0
"airfoil","lasso_cv",69,-0.0007822752510288,0,0,0,0
"airfoil","lasso_cv",70,-0.000736826856093812,0,0,0,0
"airfoil","lasso_cv",71,-0.000799142397864227,0,0,0,0
"airfoil","lasso_cv",72,-0.000832880621487959,0,0,0,0
"airfoil","lasso_cv",73,-0.000886511921446116,0,0,0,0
"airfoil","lasso_cv",74,-0.000881220246843843,0,0,0,0
"airfoil","lasso_cv",75,-0.000763691510795602,0,0,0,0
"airfoil","lasso_cv",76,-0.000940070688789427,0,0,0,0
"airfoil","lasso_cv",77,-0.000841643162180797,0,0,0,0
"airfoil","lasso_cv",78,-0.000894981540850847,0,0,0,0
"airfoil","lasso_cv",79,-0.000790594217762974,0,0,0,0
"airfoil","lasso_cv",80,-0.000887186164485931,0,0,0,0
"airfoil","lasso_cv",81,-0.000805409207501306,0,0,0,0
"airfoil","lasso_cv",82,-0.000866959418424028,0,0,0,0
"airfoil","lasso_cv",83,-0.000719917732484981,0,0,0,0
"airfoil","lasso_cv",84,-0.000804784616540417,0,0,0,0
"airfoil","lasso_cv",85,-0.000711760936011891,0,0,0,0
"airfoil","lasso_cv",86,-0.00100626168297852,0,0,0,0
"airfoil","lasso_cv",87,-0.000919826693421335,0,0,0,0
"airfoil","lasso_cv",88,-0.000921006114464217,0,0,0,0
"airfoil","lasso_cv",89,-0.000770791260820067,0,0,0,0
"airfoil","lasso_cv",90,-0.000852775555894581,0,0,0,0
"airfoil","lasso_cv",91,-0.000891630797139651,0,0,0,0
"airfoil","lasso_cv",92,-0.00075584943243382,0,0,0,0
"airfoil","lasso_cv",93,-0.000837393949089108,0,0,0,0
"airfoil","lasso_cv",94,-0.000752476363807332,0,0,0,0
"airfoil","lasso_cv",95,-0.000863324495917001,0,0,0,0
"airfoil","lasso_cv",96,-0.000845245136062677,0,0,0,0
"airfoil","lasso_cv",97,-0.000773419374992416,0,0,0,0
"airfoil","lasso_cv",98,-0.000827369454177512,0,0,0,0
"airfoil","lasso_cv",99,-0.000938421437119793,0,0,0,0
"airfoil","lasso_cv",100,-0.000809844294512672,0,0,0,0
"airfoil","unireg",1,-0.00120811186384187,-0.400817355624901,-36.144271167892,0.0904735091159982,-148.574350956733
"airfoil","unireg",2,-0.00130202044668955,-0.385664456857549,-34.8228812995886,0.0889117295529368,-155.054447398342
"airfoil","unireg",3,-0.00133885167526503,-0.327425819675273,-32.5199312392053,0.0858490304376174,-165.965513765888
"airfoil","unireg",4,-0.00125055920295167,-0.286110786629223,-28.9419499744307,0.0909288207020392,-172.314515810138
"airfoil","unireg",5,-0.00124747757626049,-0.355355000369854,-35.0511037529585,0.0908421574386104,-186.298586039657
"airfoil","unireg",6,-0.00125675335109624,-0.455108014222505,-37.5161821195799,0.0983056039982719,-138.64498356819
"airfoil","unireg",7,-0.00129578270584727,-0.388667315932132,-32.6571270616313,0.068990161855905,-173.044704812565
"airfoil","unireg",8,-0.00133024761369188,-0.387628764007404,-35.1782339092101,0.0960594719801191,-168.178997180675
"airfoil","unireg",9,-0.00128544031759387,-0.434106883374244,-36.1790881259919,0.102522159360036,-143.115432310989
"airfoil","unireg",10,-0.00118638135057708,-0.376277954919901,-33.1526898966389,0.0837567392602658,-154.146422286632
"airfoil","unireg",11,-0.0011654982498222,-0.430085666445497,-36.3997711145735,0.101106505572289,-140.836089552613
"airfoil","unireg",12,-0.00134707827807334,-0.38341593502862,-34.9104798672636,0.0945941757308498,-176.122229834219
"airfoil","unireg",13,-0.00135421727885746,-0.45900774923705,-35.7031750048296,0.0924616542307424,-143.952965249964
"airfoil","unireg",14,-0.00122887533433378,-0.373828478583468,-32.5229194218524,0.0880899355546169,-150.290379170585
"airfoil","unireg",15,-0.001173879545065,-0.370166135356214,-35.0813447659712,0.0810786306311136,-154.674492070644
"airfoil","unireg",16,-0.00126553223831141,-0.351979752500648,-33.8254512357694,0.0767717789059694,-155.553477800624
"airfoil","unireg",17,-0.00123383498268943,-0.365741821152218,-35.3427814333277,0.0879445270651519,-170.130425476555
"airfoil","unireg",18,-0.00125458147141107,-0.336482547599234,-34.3973445674563,0.0920290534822132,-175.765115676541
"airfoil","unireg",19,-0.00123773904563381,-0.431838049249716,-34.6373264751727,0.0935254262195722,-138.807194299943
"airfoil","unireg",20,-0.0013037645496454,-0.424136283934061,-35.4779207091671,0.0994527918638552,-138.277390944396
"airfoil","unireg",21,-0.00130686619336434,-0.391484978642523,-36.4782894960808,0.105513107787809,-173.635205239057
"airfoil","unireg",22,-0.0012973657607045,-0.430351397753575,-36.0292770776333,0.0902395080376157,-146.547303241777
"airfoil","unireg",23,-0.00118068338738984,-0.303673510814039,-32.2603821421847,0.0891759739575916,-189.436457081561
"airfoil","unireg",24,-0.0012380142061368,-0.39029279174942,-34.3226772834595,0.0829999973891759,-156.634543064822
"airfoil","unireg",25,-0.00127980462856846,-0.365854918383041,-32.9883755607064,0.0913028496233461,-136.678819015212
"airfoil","unireg",26,-0.00124546389863894,-0.408235816273304,-33.4092222586721,0.094868343023058,-146.101679630028
"airfoil","unireg",27,-0.00132594215861585,-0.346398022781173,-33.8983666922445,0.0874762107878789,-175.697527291904
"airfoil","unireg",28,-0.00125861503194364,-0.383036342712844,-35.7292364635229,0.0879568047955832,-149.794482350983
"airfoil","unireg",29,-0.00120816044917101,-0.418642129138275,-36.5232310920645,0.100488697468038,-143.23793779218
"airfoil","unireg",30,-0.00132711735009615,-0.405731444942187,-37.4691661344227,0.0899163079384789,-152.39634569898
"airfoil","unireg",31,-0.00126405058306934,-0.37668544058064,-35.8222211158048,0.0898021384937534,-145.573739234277
"airfoil","unireg",32,-0.00135376213124661,-0.37808112197645,-38.0742630744969,0.0899022468731552,-166.801928862112
"airfoil","unireg",33,-0.00126634671634213,-0.37465711100848,-36.0496038566511,0.0914483224829948,-164.734453002498
"airfoil","unireg",34,-0.00126249514468749,-0.460215967556458,-36.1188119250913,0.0781313193695496,-139.750545111775
"airfoil","unireg",35,-0.00129195250712851,-0.334424288900665,-33.6949509486445,0.0945027217229965,-181.600571843168
"airfoil","unireg",36,-0.00124670711154562,-0.378647065670758,-35.0993340337078,0.079142174011003,-163.899174530401
"airfoil","unireg",37,-0.00126844336837859,-0.451245833700159,-36.2901394735807,0.0846920408698442,-145.984853036547
"airfoil","unireg",38,-0.00123329693706421,-0.457175519607546,-36.4932149385873,0.101840971102445,-140.188802637009
"airfoil","unireg",39,-0.00123028522456464,-0.454922611217778,-34.1094216034455,0.10981232711959,-114.206057565334
"airfoil","unireg",40,-0.00128498858198068,-0.415117351607461,-35.0348228599007,0.0994745470532475,-150.891905557059
"airfoil","unireg",41,-0.00125846417945347,-0.377456698183696,-35.3901578109222,0.0985697265022249,-159.152498463345
"airfoil","unireg",42,-0.00122895852084335,-0.368140499474755,-32.316305757388,0.09446862852551,-156.098898499059
"airfoil","unireg",43,-0.00134669630274974,-0.339548290023893,-35.7723948174556,0.0924824208790383,-183.218462222353
"airfoil","unireg",44,-0.00128963525936261,-0.400276997531664,-35.4461000157897,0.101437836563438,-142.124204600148
"airfoil","unireg",45,-0.00118449362672088,-0.463478906837985,-36.2959441525976,0.0990468143389843,-135.959659206357
"airfoil","unireg",46,-0.00123444114084064,-0.391342041621357,-33.1439022576402,0.0857744072704461,-148.611440444872
"airfoil","unireg",47,-0.00134398699746763,-0.421465991952285,-33.491677283761,0.100301694433512,-147.577566242433
"airfoil","unireg",48,-0.00127605178965011,-0.336355869354666,-35.2190132582309,0.0906543719370962,-175.095095916012
"airfoil","unireg",49,-0.00125884461129648,-0.489432060117137,-35.7558698364353,0.0983961690996391,-123.456575710075
"airfoil","unireg",50,-0.00128544253221198,-0.346709110580923,-33.3050146914816,0.110311298858975,-173.476742800777
"airfoil","unireg",51,-0.00130819169882595,-0.413091616569307,-36.2293294852232,0.098298691974654,-170.12958379567
"airfoil","unireg",52,-0.00126116432823918,-0.332823338803646,-32.9982025029722,0.0861866047472543,-143.768595044142
"airfoil","unireg",53,-0.00137260162193018,-0.419060212001375,-34.5380719351725,0.090873990323493,-146.381628337179
"airfoil","unireg",54,-0.00129846817891577,-0.39235088535448,-32.829023126645,0.0995856760149246,-155.261054613952
"airfoil","unireg",55,-0.00135529124119612,-0.456438528628011,-36.231916313692,0.114712516531579,-140.605281517177
"airfoil","unireg",56,-0.00127069297024817,-0.43352071278794,-35.2316808336125,0.0980106636501574,-142.38133078688
"airfoil","unireg",57,-0.00120618325226073,-0.408051810807905,-35.0724649112347,0.0923849126734671,-128.031176073042
"airfoil","unireg",58,-0.00133806669237621,-0.470721956229521,-33.7871640413305,0.0969495199844689,-123.18124469162
"airfoil","unireg",59,-0.00119791220261756,-0.319946513226154,-34.3009216655324,0.0918564750868601,-177.922128070955
"airfoil","unireg",60,-0.00120643221088147,-0.258800621805842,-31.5391297823494,0.0956930128595964,-170.188285254145
"airfoil","unireg",61,-0.00123802270472546,-0.420757560783481,-33.9033151211835,0.0825866798024514,-134.648077113165
"airfoil","unireg",62,-0.00126408499189864,-0.4715031236661,-35.1816453082541,0.087515316626197,-109.454974394818
"airfoil","unireg",63,-0.00119958028730569,-0.309286135860137,-35.1350219990611,0.0955522205457649,-184.761296570576
"airfoil","unireg",64,-0.00122332039027223,-0.352493979719894,-33.8866678129272,0.0879394000534701,-161.25796393528
"airfoil","unireg",65,-0.001159736800345,-0.299778254602684,-31.464817096379,0.068613532123468,-168.696115015803
"airfoil","unireg",66,-0.00124600296695965,-0.388198862580541,-35.6309179581757,0.096651906191184,-145.003557883575
"airfoil","unireg",67,-0.00124249544529314,-0.47315068519829,-36.9714382828282,0.0928176254433815,-144.13996426858
"airfoil","unireg",68,-0.00123789421722941,-0.343096725665611,-34.3879451176347,0.0812588658745261,-176.364407984888
"airfoil","unireg",69,-0.00124528547559412,-0.395576077304466,-35.7502251790381,0.0981537509436158,-156.67592411621
"airfoil","unireg",70,-0.00124261754802244,-0.472649325982109,-37.8270882151612,0.0993465245221871,-139.1927657909
"airfoil","unireg",71,-0.00126384690834179,-0.407218103731472,-35.6395480252996,0.108457965718889,-156.44611952502
"airfoil","unireg",72,-0.00123245744875337,-0.329248067033777,-33.5914012074125,0.0947404047933567,-166.608983360803
"airfoil","unireg",73,-0.00128390805790623,-0.395003599891794,-32.8864230184908,0.0825121541186489,-166.902361178122
"airfoil","unireg",74,-0.00135720719793137,-0.367022480970074,-36.8137535795597,0.10887855690849,-166.053462904531
"airfoil","unireg",75,-0.0012517329921391,-0.355456877960309,-33.7844398802828,0.110384327255123,-183.432822477576
"airfoil","unireg",76,-0.00131090790596047,-0.404093387849854,-33.5991957297234,0.0931992947221375,-154.348700594339
"airfoil","unireg",77,-0.00132427486261932,-0.440415873584071,-36.8870388843,0.0925022004044719,-150.750651648239
"airfoil","unireg",78,-0.00128428205409411,-0.362504013241615,-33.0891789025123,0.0738423397999821,-151.213628162894
"airfoil","unireg",79,-0.00125349572353079,-0.416313865482376,-34.5080118719907,0.091864295575171,-154.720859122368
"airfoil","unireg",80,-0.00126634552542946,-0.337476020737445,-31.5953807293797,0.0949889602386718,-156.822138596443
"airfoil","unireg",81,-0.00122763421773396,-0.391906946867353,-34.2531144741376,0.0787203829913332,-175.357730866498
"airfoil","unireg",82,-0.00127309843157127,-0.434640626896908,-32.9146062557023,0.0841721086487791,-144.904762640027
"airfoil","unireg",83,-0.00112750403128834,-0.328091228709954,-33.6988680045745,0.0812697245713093,-175.940604072727
"airfoil","unireg",84,-0.00122628164809967,-0.438607525540488,-34.9046967071834,0.0914357188913524,-130.000664575396
"airfoil","unireg",85,-0.00119863217177617,-0.467655488048751,-36.446505276046,0.10247036518997,-133.284149023739
"airfoil","unireg",86,-0.00138126222406411,-0.324147894470043,-33.3540971434831,0.0774629127233971,-190.591178844776
"airfoil","unireg",87,-0.00133407491538771,-0.35926774172745,-32.1104345059985,0.0873348576901129,-151.836225642348
"airfoil","unireg",88,-0.00131470730808174,-0.381230074097898,-36.022332386676,0.106602418653057,-156.12564963523
"airfoil","unireg",89,-0.00117409529811997,-0.35181937212537,-32.5693024068952,0.0812947772533836,-167.033603918562
"airfoil","unireg",90,-0.00128060916842302,-0.411787058548375,-34.9442082818728,0.0835020955578854,-129.365407580891
"airfoil","unireg",91,-0.00128032490029525,-0.354494227059777,-33.4411326856083,0.0906414653931822,-159.37296270751
"airfoil","unireg",92,-0.00124661521163643,-0.336837972943897,-35.5707027215319,0.100576138950215,-179.860081636448
"airfoil","unireg",93,-0.00128727646986594,-0.419237627761705,-36.3843052383222,0.0894928324526761,-164.562584537428
"airfoil","unireg",94,-0.0012015825331087,-0.421871576967608,-35.2261170018582,0.0836646855159664,-131.073286690379
"airfoil","unireg",95,-0.00135283807509199,-0.400686152129615,-36.7763143051477,0.105698594051607,-176.195172916623
"airfoil","unireg",96,-0.00128335660156754,-0.337586988369706,-32.7436804660959,0.0929939768399339,-179.420627541047
"airfoil","unireg",97,-0.00120340657444647,-0.417311197479292,-36.2308846862214,0.0821098208903178,-151.146407540001
"airfoil","unireg",98,-0.00126607281551533,-0.412348304293348,-36.176722191101,0.0824019449316972,-139.781532232486
"airfoil","unireg",99,-0.00131329598138121,-0.378071340702924,-36.1758473732273,0.0827970379323702,-173.572492314667
"airfoil","unireg",100,-0.00126272959712365,-0.478052276595709,-36.1475734527386,0.0926969725115368,-120.401661481786
"airfoil","least_squares",1,-0.00121888789140457,-0.436828455893099,-36.807476961102,0.0970240050637749,-138.2520249271
"airfoil","least_squares",2,-0.00131703769176695,-0.423570670162582,-35.6361481376675,0.0959226656531181,-144.199997879361
"airfoil","least_squares",3,-0.00134634843620795,-0.354865753152431,-33.1667441881204,0.0916174178076497,-157.642311212143
"airfoil","least_squares",4,-0.00127563198638446,-0.336861195310165,-30.6323951189224,0.0986588565323057,-159.802654301918
"airfoil","least_squares",5,-0.00125926684733444,-0.384129396919447,-35.7873642147352,0.0952633345566133,-176.962180300049
"airfoil","least_squares",6,-0.00126647307874362,-0.483098195124748,-38.1120868975875,0.10242481549017,-130.465788209397
"airfoil","least_squares",7,-0.00130747316444359,-0.427601043354994,-33.7028398010295,0.0830444292184653,-161.305078980074
"airfoil","least_squares",8,-0.00133516672154397,-0.411237428909711,-35.6717973891731,0.1008476508975,-160.343566743959
"airfoil","least_squares",9,-0.00129771003536591,-0.467876563064944,-37.0231398126997,0.106521250887555,-133.630758429367
"airfoil","least_squares",10,-0.00120782382556365,-0.411015768766867,-34.0152616448025,0.0884641774246027,-144.682661518626
"airfoil","least_squares",11,-0.00117704441440182,-0.45351831908868,-36.9190179322811,0.104290707543091,-133.855701000159
"airfoil","least_squares",12,-0.0013530950098975,-0.408625429231782,-35.6303946246816,0.0997774695549875,-167.927872757203
"airfoil","least_squares",13,-0.00136387786999397,-0.479279371366476,-36.3003441613047,0.097167921987832,-137.88875266781
"airfoil","least_squares",14,-0.00123857446669015,-0.407205260886078,-33.4032124186676,0.0939617043167586,-140.441894153578
"airfoil","least_squares",15,-0.00119059033387894,-0.407965469722191,-35.9952513114583,0.0874007131878675,-143.503028595995
"airfoil","least_squares",16,-0.00127633326101718,-0.397225412609441,-34.9491498641031,0.0851503650320399,-142.47110328727
"airfoil","least_squares",17,-0.00124529543033955,-0.40036041525369,-36.1005491483669,0.09524765419373,-159.529855648776
"airfoil","least_squares",18,-0.00126799719532804,-0.372631407622737,-35.3162626376166,0.0974967913804755,-165.258221677445
"airfoil","least_squares",19,-0.00125533803219387,-0.463735661521713,-35.484226215415,0.099183301508254,-130.221501702561
"airfoil","least_squares",20,-0.00131930481836746,-0.456962246443759,-36.2866939025901,0.103050357200044,-129.517641881305
"airfoil","least_squares",21,-0.00132019140613616,-0.42781494464178,-37.3379471063996,0.11038978965317,-162.571645886272
"airfoil","least_squares",22,-0.00130552333264589,-0.461524115198858,-36.7128933652042,0.0958705878021194,-137.087951565424
"airfoil","least_squares",23,-0.00119585252422653,-0.336560464273127,-33.302722855688,0.0948286684849189,-179.511616954435
"airfoil","least_squares",24,-0.00125457932525512,-0.427972615119592,-35.2224699848863,0.0931064472349513,-145.802945728116
"airfoil","least_squares",25,-0.00129556242714421,-0.410849816021932,-34.1288624420471,0.0972855013234059,-125.370043009579
"airfoil","least_squares",26,-0.00126089580376173,-0.452281332525432,-34.4903317906425,0.101667660511644,-133.793082564853
"airfoil","least_squares",27,-0.00133928461528755,-0.382359363800891,-34.811613656016,0.0961909410680264,-165.07238945679
"airfoil","least_squares",28,-0.00127098506261786,-0.419229005213421,-36.5119230200438,0.0935152417077988,-139.212551926654
"airfoil","least_squares",29,-0.00121241613760745,-0.436804459470507,-36.8732752756867,0.10315967960262,-137.562203133379
"airfoil","least_squares",30,-0.00133074305115524,-0.436183245079052,-38.0190102269798,0.0951636032535713,-143.023783811379
"airfoil","least_squares",31,-0.00127521098520151,-0.415943771838957,-36.7507041204613,0.0967858923048914,-134.788876250944
"airfoil","least_squares",32,-0.00135728825840519,-0.407323104324608,-38.6627511553261,0.0955800482547294,-156.89224746126
"airfoil","least_squares",33,-0.00127625844069662,-0.402432886917119,-36.7207198838907,0.0963528112387597,-156.017210572752
"airfoil","least_squares",34,-0.00127822533122552,-0.486548398406596,-36.7913135287193,0.0857607266425663,-131.731993026469
"airfoil","least_squares",35,-0.00130220739171209,-0.367369329721357,-34.4798573585748,0.099888042110855,-171.471575099408
"airfoil","least_squares",36,-0.00126539652072444,-0.415493830868727,-36.2437520755562,0.0862582781732067,-153.817506572677
"airfoil","least_squares",37,-0.00127815499287771,-0.477951495769686,-36.9004432601846,0.0925033383896302,-137.618508529523
"airfoil","least_squares",38,-0.00124490353152295,-0.475090931922272,-36.9503955718498,0.105854143413408,-134.590944024333
"airfoil","least_squares",39,-0.00123699556013347,-0.480476631033743,-34.7821705388227,0.114588289109135,-107.230840693694
"airfoil","least_squares",40,-0.00129157615813389,-0.446246340359282,-35.8008938282707,0.104151328913644,-141.738778176623
"airfoil","least_squares",41,-0.00127418833643814,-0.410621817696438,-36.1529065279061,0.104125586008599,-149.747349518855
"airfoil","least_squares",42,-0.00124121407971411,-0.392439949705955,-33.0880395456756,0.09950950849117,-149.20734446571
"airfoil","least_squares",43,-0.00136152770674665,-0.373945551318809,-36.6189996865404,0.0979585447859093,-172.909142439071
"airfoil","least_squares",44,-0.00130284173333646,-0.441087835751371,-36.3641296003702,0.105666797276085,-130.593747328298
"airfoil","least_squares",45,-0.00119771359336698,-0.489473372624666,-36.9751355739055,0.103929003436942,-128.859830488568
"airfoil","least_squares",46,-0.00124585872200213,-0.417122753021757,-33.8996899347467,0.0905337091889427,-141.162029015468
"airfoil","least_squares",47,-0.00135231620450892,-0.440232184874884,-34.1624999298135,0.102880689500172,-142.10128372794
"airfoil","least_squares",48,-0.0012902227195975,-0.377877843231389,-36.1923219234774,0.0958950681105673,-163.130162138118
"airfoil","least_squares",49,-0.00127201109430049,-0.516948533302653,-36.4568781780929,0.102805444003723,-116.302886482622
"airfoil","least_squares",50,-0.00129209040886955,-0.372625530340061,-33.9758888451555,0.113813174900507,-165.779227308748
"airfoil","least_squares",51,-0.00131360302424531,-0.446266716859332,-36.9204549731693,0.103256818673006,-159.399157981383
"airfoil","least_squares",52,-0.00127636957140681,-0.387587437024412,-34.2840176139282,0.0918388760774774,-128.615853077164
"airfoil","least_squares",53,-0.00138019065010859,-0.455692336111894,-35.404789961785,0.0960395751477412,-135.739632277716
"airfoil","least_squares",54,-0.00130892373021715,-0.418348075716173,-33.5042635647906,0.105608609793856,-147.67301412553
"airfoil","least_squares",55,-0.00136153282491915,-0.482699694147543,-36.8533328282093,0.117516037338278,-132.813914275525
"airfoil","least_squares",56,-0.00128355484640717,-0.465767591495057,-36.0251032046665,0.102264204065424,-132.987721816328
"airfoil","least_squares",57,-0.0012197908229511,-0.440223296887656,-35.8295908451745,0.0970461386725998,-119.79420232851
"airfoil","least_squares",58,-0.00134598073996614,-0.497449597741485,-34.5380141289038,0.102504157348813,-115.942124673347
"airfoil","least_squares",59,-0.00121498553436165,-0.359888858788806,-35.3161542438369,0.0964871074936526,-166.40752589505
"airfoil","least_squares",60,-0.00122231106046964,-0.30564172263016,-32.547047458771,0.101641517492379,-156.858129808892
"airfoil","least_squares",61,-0.00124217331179575,-0.447210152332022,-34.6524926416067,0.0917060458332977,-126.61911648758
"airfoil","least_squares",62,-0.00127478517636369,-0.501771033337104,-35.9461636662521,0.0949655915541237,-101.409578917092
"airfoil","least_squares",63,-0.00121488105744136,-0.357264613203117,-36.2093521101924,0.101203428319782,-170.571231521363
"airfoil","least_squares",64,-0.00123586730547874,-0.385183497809759,-34.7399983438325,0.0938012250955751,-152.34871931296
"airfoil","least_squares",65,-0.0011754168910974,-0.34548699217848,-32.6997698389303,0.0803340055644045,-155.684692290845
"airfoil","least_squares",66,-0.0012574617491118,-0.431512057490845,-36.5266784164117,0.101157297395629,-133.195045865254
"airfoil","least_squares",67,-0.00125301581719428,-0.498461253053138,-37.6337479627033,0.09886092625809,-136.542175104821
"airfoil","least_squares",68,-0.0012460291136868,-0.372844738230732,-35.100798337301,0.0883418894692925,-167.197412259303
"airfoil","least_squares",69,-0.00126159398049246,-0.435023931854148,-36.7319890730911,0.103040275659707,-145.624407393242
"airfoil","least_squares",70,-0.00125579136611659,-0.502623525265214,-38.675098225216,0.105284723972714,-130.447425100494
"airfoil","least_squares",71,-0.00127624249633957,-0.442504821947539,-36.468503759238,0.113895896395403,-146.335809845371
"airfoil","least_squares",72,-0.00124693556094889,-0.375998936422983,-34.7252036150055,0.100260538890206,-153.233559820802
"airfoil","least_squares",73,-0.0012955266885497,-0.429533766285008,-33.8037238568084,0.0889770335616288,-156.180469535025
"airfoil","least_squares",74,-0.00136929478853839,-0.39324987424195,-37.4681693379493,0.111119466414088,-158.345053443506
"airfoil","least_squares",75,-0.00126521951692249,-0.380763255462909,-34.6469954601311,0.112543276993661,-175.56603261207
"airfoil","least_squares",76,-0.00131918557656223,-0.433405234283428,-34.3023802737028,0.0975372917845003,-144.764619317149
"airfoil","least_squares",77,-0.00133113664898846,-0.467263729585842,-37.4080025927038,0.0977243259220714,-141.963710419482
"airfoil","least_squares",78,-0.00130097135005857,-0.399463307892403,-34.058653648116,0.0863724478677965,-141.139769606633
"airfoil","least_squares",79,-0.00127001513603216,-0.449365286147791,-35.3417169555694,0.100509025781481,-145.242512031936
"airfoil","least_squares",80,-0.00127768869566286,-0.37812794236199,-32.5703211075622,0.0987279527674849,-145.080794890455
"airfoil","least_squares",81,-0.00123939735487552,-0.420795674404237,-35.0841297955409,0.0848285854987189,-165.681485993368
"airfoil","least_squares",82,-0.00128461490130376,-0.471079822153695,-33.810336580691,0.0906738143689013,-134.137289383239
"airfoil","least_squares",83,-0.00114546453157319,-0.369413235884612,-34.712372007487,0.0880247718723915,-163.896255100269
"airfoil","least_squares",84,-0.0012345002267605,-0.46700685492653,-35.5817667016286,0.0974971801055527,-121.533029594897
"airfoil","least_squares",85,-0.0012090125589535,-0.491334592299404,-37.1060765166663,0.106295680532078,-126.012868853429
"airfoil","least_squares",86,-0.00138257316575485,-0.352696140551889,-34.0427863527282,0.0844272081598046,-181.208025689303
"airfoil","least_squares",87,-0.00134403401206115,-0.387339833908846,-32.9361787451408,0.0929558840275867,-143.900288752385
"airfoil","least_squares",88,-0.00132520560973386,-0.424417333022041,-36.9572620739865,0.111353668209498,-143.55308334408
"airfoil","least_squares",89,-0.00119142262170147,-0.393273917621927,-33.6969974144281,0.0886645980791599,-154.686955190037
"airfoil","least_squares",90,-0.00129696625754199,-0.448334344607716,-35.9285700178165,0.0921506357502442,-120.057945197306
"airfoil","least_squares",91,-0.00129087703051149,-0.386626464064411,-34.3755585267736,0.0977101076555728,-150.320164413017
"airfoil","least_squares",92,-0.00125924012228733,-0.369294820156284,-36.2994688092587,0.104401105612443,-170.29183180759
"airfoil","least_squares",93,-0.00129885919928822,-0.444173886772023,-37.0201705568375,0.0949032608655857,-156.508003306314
"airfoil","least_squares",94,-0.00121469487721494,-0.448414508725882,-35.8972254498765,0.0895781376385295,-123.619709547025
"airfoil","least_squares",95,-0.00135814525209676,-0.419961871536398,-37.1867362732635,0.109057876375683,-169.51918374039
"airfoil","least_squares",96,-0.00130169463384829,-0.375261772442634,-33.7581745844385,0.0974582253172363,-168.871055819208
"airfoil","least_squares",97,-0.00121303909613049,-0.447199483683488,-36.862519939692,0.090352750083197,-142.050043663123
"airfoil","least_squares",98,-0.00127880022599613,-0.438021242339959,-36.8465125086253,0.088190120321432,-132.543588688488
"airfoil","least_squares",99,-0.00131824082926677,-0.409340395068343,-36.8144737464512,0.0906943358655035,-163.275439333074
"airfoil","least_squares",100,-0.00127483203551562,-0.499919886546351,-36.6609676298867,0.0982450094759457,-113.852215585706
