"dataset","method","coverage","avg_interval_width","median_interval_width","sd_interval_width","valid_test_points","total_test_points"
"airfoil_self-noise","uniLasso_loo_true",0.920212765957447,18.1802053335272,18.0844610398079,2.00364675712899,752,752
"airfoil_self-noise","uniLasso_loo_false",0.913563829787234,18.0857224670139,18.0059241215427,1.93877517698607,752,752
"airfoil_self-noise","polish_uniLasso",0.9375,18.1997875432279,18.0427213052211,1.96007342651438,752,752
"airfoil_self-noise","lasso_cv",0.922872340425532,23.5822387079402,23.4880307718121,2.09799265605876,752,752
"airfoil_self-noise","uniReg",0.925531914893617,18.1392212452093,18.0627939724527,1.97738370828988,752,752
"airfoil_self-noise","least_squares",0.92686170212766,18.0682180839582,17.957286415204,1.85070871543084,752,752
"appliances_energy_prediction","uniLasso_loo_true",0.939400081070126,368.720976035303,366.566694842275,80.7632058933098,9868,9868
"appliances_energy_prediction","uniLasso_loo_false",0.938082691528172,367.718796346126,363.899252963034,80.3124664156484,9868,9868
"appliances_energy_prediction","polish_uniLasso",0.938994730441832,368.343166580906,364.548136254386,80.7987059456357,9868,9868
"appliances_energy_prediction","lasso_cv",0.936562626672071,366.066915562146,363.916742083108,81.7940502643939,9868,9868
"appliances_energy_prediction","uniReg",0.938386704499392,367.87833945094,365.528180435795,80.0666130400372,9868,9868
"appliances_energy_prediction","least_squares",0.937778678556952,366.323086198333,364.408689108124,81.380232315931,9868,9868
"auto_mpg","uniLasso_loo_true",0.934673366834171,13.7507989430916,13.6638675970683,2.03782246938453,199,199
"auto_mpg","uniLasso_loo_false",0.92964824120603,13.8015645111128,13.4969894709224,2.28722058343287,199,199
"auto_mpg","polish_uniLasso",0.949748743718593,13.8364427110405,14.0401244601188,2.0150215086476,199,199
"auto_mpg","lasso_cv",0.954773869346734,17.1258377575182,16.9696268695948,2.56691414320112,199,199
"auto_mpg","uniReg",0.924623115577889,13.7595801212302,13.3735838050382,2.32208733017684,199,199
"auto_mpg","least_squares",0.934673366834171,13.6319350610738,13.7550168195411,1.87455922570688,199,199
"automobile","uniLasso_loo_true",0.961165048543689,3.4678413264208,3.45195579145567,0.307816536952728,103,103
"automobile","uniLasso_loo_false",0.970873786407767,3.64922433195508,3.6324470311276,0.330415460010965,103,103
"automobile","polish_uniLasso",0.970873786407767,3.62691205002404,3.60736001118202,0.376755204195338,103,103
"automobile","lasso_cv",0.990291262135922,4.24795207577709,4.22249100220023,0.455835827909411,103,103
"automobile","uniReg",0.970873786407767,3.40097258564405,3.43606925462369,0.298712928797314,103,103
"automobile","least_squares",0.980582524271845,4.80950258990625,4.71637985917349,0.82647081311318,103,103
"beijing_pm2.5","uniLasso_loo_true",0.934910675798649,303.334565531189,301.289740107797,42.9383064422653,20879,20879
"beijing_pm2.5","uniLasso_loo_false",0.933617510417166,303.50456654327,301.514002182888,42.7902088040366,20879,20879
"beijing_pm2.5","polish_uniLasso",0.932755400162843,299.282256032166,297.276098057158,42.2273201665408,20879,20879
"beijing_pm2.5","lasso_cv",0.932180659993295,299.313949916549,296.821355258498,42.7384918970086,20879,20879
"beijing_pm2.5","uniReg",0.933809090473682,303.617166397389,301.462543322787,43.0511670579092,20879,20879
"beijing_pm2.5","least_squares",0.932659610134585,299.034019779859,296.5198589015,42.3873673504217,20879,20879
"bike_sharing","uniLasso_loo_true",0.929919447640967,548.873013122522,542.859412402297,67.1171669608064,8690,8690
"bike_sharing","uniLasso_loo_false",0.933026467203682,549.770580499489,545.438064119061,67.9858989544034,8690,8690
"bike_sharing","polish_uniLasso",0.931760644418872,548.65320012902,544.101792172084,67.0465161142031,8690,8690
"bike_sharing","lasso_cv",0.930840046029919,550.261430039233,546.230159221899,66.6322022826332,8690,8690
"bike_sharing","uniReg",0.930264672036824,549.242190939731,545.257911205841,67.0712850301839,8690,8690
"bike_sharing","least_squares",0.933256616800921,550.019571213978,545.499418633311,66.4012592149001,8690,8690
"combined_cycle_power_plant","uniLasso_loo_true",0.937918060200669,17.7108688669932,17.5785098172363,1.63580012404869,4784,4784
"combined_cycle_power_plant","uniLasso_loo_false",0.934364548494983,17.6973644612911,17.5853139698939,1.64541925119272,4784,4784
"combined_cycle_power_plant","polish_uniLasso",0.933528428093645,16.0038663442902,15.8597882383685,1.4312769607609,4784,4784
"combined_cycle_power_plant","lasso_cv",0.93561872909699,15.9945201414118,15.8760333209713,1.43360238063643,4784,4784
"combined_cycle_power_plant","uniReg",0.938127090301003,17.7075995575594,17.5757211313251,1.68236938468928,4784,4784
"combined_cycle_power_plant","least_squares",0.932483277591973,16.0352638486497,15.9050992108897,1.4715332517501,4784,4784
"communities_and_crime","uniLasso_loo_true",0.9358074222668,0.554233025953209,0.550876036760763,0.0736557249462893,997,997
"communities_and_crime","uniLasso_loo_false",0.940822467402207,0.560585825659616,0.560196434303235,0.0707312919269837,997,997
"communities_and_crime","polish_uniLasso",0.946840521564694,0.579576430531379,0.578176825830016,0.0763165054348589,997,997
"communities_and_crime","lasso_cv",0.940822467402207,0.574555032835518,0.569316180481864,0.0804965047028424,997,997
"communities_and_crime","uniReg",0.9358074222668,0.558410064324478,0.557533950351901,0.0709205907533769,997,997
"communities_and_crime","least_squares",0.952858575727182,0.634939573266336,0.634991847127959,0.0933460187422376,997,997
"communities_and_crime_unnormalized","uniLasso_loo_true",0.96841155234657,23.7236738920271,18.4677336221273,33.8342437364102,1108,1108
"communities_and_crime_unnormalized","uniLasso_loo_false",0.964801444043321,24.4159789786089,19.2044227647398,32.2753120144145,1108,1108
"communities_and_crime_unnormalized","polish_uniLasso",0.965703971119134,24.403545042461,18.9040464571242,33.9992871336179,1108,1108
"communities_and_crime_unnormalized","lasso_cv",0.96841155234657,57.2621929334423,50.9910594171429,42.7809878673512,1108,1108
"communities_and_crime_unnormalized","uniReg",0.965703971119134,23.9148888777009,18.6758327439731,33.9959323684054,1108,1108
"communities_and_crime_unnormalized","least_squares",0.989169675090253,38.8010623934223,27.9475568701234,90.886447892596,1108,1108
"communities_and_crime_unnormalized_(target_2)","uniLasso_loo_true",0.9485559566787,24.7859508498682,24.3762102441199,6.5478444218778,1108,1108
"communities_and_crime_unnormalized_(target_2)","uniLasso_loo_false",0.952166064981949,25.0778032831833,24.4088798351771,6.58331316138502,1108,1108
"communities_and_crime_unnormalized_(target_2)","polish_uniLasso",0.9485559566787,24.9073716078968,24.2651679339786,6.99769875808112,1108,1108
"communities_and_crime_unnormalized_(target_2)","lasso_cv",0.972924187725632,29.8702250299859,28.1627056305574,13.271993571705,1108,1108
"communities_and_crime_unnormalized_(target_2)","uniReg",0.9485559566787,24.7050687641467,24.0967192307067,6.37274317448281,1108,1108
"communities_and_crime_unnormalized_(target_2)","least_squares",0.967509025270758,30.0596584396086,27.8998323590465,24.7832660977455,1108,1108
"communities_and_crime_unnormalized_(target_3)","uniLasso_loo_true",0.958167330677291,90.838246936826,76.5407541728401,60.5424585365342,1004,1004
"communities_and_crime_unnormalized_(target_3)","uniLasso_loo_false",0.955179282868526,86.439823909732,72.7248595374815,61.5890910558238,1004,1004
"communities_and_crime_unnormalized_(target_3)","polish_uniLasso",0.967131474103586,95.1984412626136,79.0517828769046,63.4588368989198,1004,1004
"communities_and_crime_unnormalized_(target_3)","lasso_cv",0.969123505976096,170.610869034985,156.391909830058,64.585507851446,1004,1004
"communities_and_crime_unnormalized_(target_3)","uniReg",0.963147410358566,91.0881706669435,76.1826442041405,64.2987127316789,1004,1004
"communities_and_crime_unnormalized_(target_3)","least_squares",0.977091633466135,106.139130017464,85.4613064105146,83.3122134349492,1004,1004
"communities_and_crime_unnormalized_(target_4)","uniLasso_loo_true",0.944223107569721,99.6770790260623,97.6064994889581,19.6790441793621,1004,1004
"communities_and_crime_unnormalized_(target_4)","uniLasso_loo_false",0.947211155378486,100.869566914693,97.6108020743839,18.7887954104524,1004,1004
"communities_and_crime_unnormalized_(target_4)","polish_uniLasso",0.942231075697211,100.582810909456,97.4233787735604,19.7453017822063,1004,1004
"communities_and_crime_unnormalized_(target_4)","lasso_cv",0.945219123505976,112.366930278244,107.776832250573,23.012574587092,1004,1004
"communities_and_crime_unnormalized_(target_4)","uniReg",0.950199203187251,101.32619168695,98.2880027470683,20.1465540892198,1004,1004
"communities_and_crime_unnormalized_(target_4)","least_squares",0.970119521912351,128.762894831454,122.014917940625,37.0260927106559,1004,1004
"communities_and_crime_unnormalized_(target_5)","uniLasso_loo_true",0.966576332429991,600.360646103828,437.268864590455,1494.89978792647,1107,1107
"communities_and_crime_unnormalized_(target_5)","uniLasso_loo_false",0.970189701897019,607.171524493921,456.59256394496,1492.60811925151,1107,1107
"communities_and_crime_unnormalized_(target_5)","polish_uniLasso",0.968383017163505,605.23693752028,459.411911991535,1382.63211211262,1107,1107
"communities_and_crime_unnormalized_(target_5)","lasso_cv",0.970189701897019,1450.15722783088,1311.34913453016,1273.19343955844,1107,1107
"communities_and_crime_unnormalized_(target_5)","uniReg",0.968383017163505,603.364851334766,439.288905276089,1504.17743356698,1107,1107
"communities_and_crime_unnormalized_(target_5)","least_squares",0.983739837398374,830.342253406897,581.987557502599,1942.26887927064,1107,1107
"communities_and_crime_unnormalized_(target_6)","uniLasso_loo_true",0.946702800361337,528.475657915885,500.857721245679,412.883651121153,1107,1107
"communities_and_crime_unnormalized_(target_6)","uniLasso_loo_false",0.952122854561879,534.115437409784,503.286882646272,429.235049287745,1107,1107
"communities_and_crime_unnormalized_(target_6)","polish_uniLasso",0.942186088527552,537.885649110372,505.427167081379,434.936640764321,1107,1107
"communities_and_crime_unnormalized_(target_6)","lasso_cv",0.977416440831075,771.804971009994,693.252912125011,735.929854761643,1107,1107
"communities_and_crime_unnormalized_(target_6)","uniReg",0.951219512195122,534.212796320539,512.7065772835,413.278344580732,1107,1107
"communities_and_crime_unnormalized_(target_6)","least_squares",0.969286359530262,587.47423569074,538.722431917018,576.610214822962,1107,1107
"communities_and_crime_unnormalized_(target_7)","uniLasso_loo_true",0.973660308810173,1552.95343299483,1205.03212993148,3786.00989241058,1101,1101
"communities_and_crime_unnormalized_(target_7)","uniLasso_loo_false",0.970935513169846,1401.09300486207,1110.19829408812,2674.9544064096,1101,1101
"communities_and_crime_unnormalized_(target_7)","polish_uniLasso",0.971843778383288,1451.18984325126,1148.31465714934,3001.03239524004,1101,1101
"communities_and_crime_unnormalized_(target_7)","lasso_cv",0.965485921889192,1963.96021126419,1783.29096446654,1011.00386134539,1101,1101
"communities_and_crime_unnormalized_(target_7)","uniReg",0.977293369663942,1568.94676635878,1226.13563455081,3819.83541841565,1101,1101
"communities_and_crime_unnormalized_(target_7)","least_squares",0.986376021798365,1667.44689149349,1339.862992298,2923.11165741928,1101,1101
"communities_and_crime_unnormalized_(target_8)","uniLasso_loo_true",0.951861943687557,1244.82430179776,1214.92322572781,255.065050539766,1101,1101
"communities_and_crime_unnormalized_(target_8)","uniLasso_loo_false",0.952770208900999,1270.5603883387,1243.41332347603,319.979809358082,1101,1101
"communities_and_crime_unnormalized_(target_8)","polish_uniLasso",0.944595821980018,1257.63820891815,1219.71265809256,283.189783830577,1101,1101
"communities_and_crime_unnormalized_(target_8)","lasso_cv",0.963669391462307,1474.71000644832,1442.4750455624,375.036409759176,1101,1101
"communities_and_crime_unnormalized_(target_8)","uniReg",0.947320617620345,1243.97017749092,1217.01284028591,252.726384541901,1101,1101
"communities_and_crime_unnormalized_(target_8)","least_squares",0.971843778383288,1647.14352901351,1523.79652327552,1224.82990684462,1101,1101
"communities_and_crime_unnormalized_(target_9)","uniLasso_loo_true",0.975587703435805,1999.19658339465,1609.69453373698,2446.94432456342,1106,1106
"communities_and_crime_unnormalized_(target_9)","uniLasso_loo_false",0.972875226039783,1943.98003938905,1578.38192427802,2464.50697701842,1106,1106
"communities_and_crime_unnormalized_(target_9)","polish_uniLasso",0.963833634719711,1863.27665031312,1504.71818576067,2374.08646276993,1106,1106
"communities_and_crime_unnormalized_(target_9)","lasso_cv",0.974683544303797,4644.10004349563,4272.00313117796,2663.87357106163,1106,1106
"communities_and_crime_unnormalized_(target_9)","uniReg",0.975587703435805,2011.32269762577,1601.99589688982,2450.71003086565,1106,1106
"communities_and_crime_unnormalized_(target_9)","least_squares",0.978300180831826,2197.55915869136,1655.22508577379,4609.6963574411,1106,1106
"communities_and_crime_unnormalized_(target_10)","uniLasso_loo_true",0.939421338155515,1861.06144058533,1840.46910530696,338.355706241762,1106,1106
"communities_and_crime_unnormalized_(target_10)","uniLasso_loo_false",0.943942133815552,1895.64380770445,1854.51923222315,421.789335107762,1106,1106
"communities_and_crime_unnormalized_(target_10)","polish_uniLasso",0.946654611211573,1878.97335264728,1853.82627890838,394.084944374117,1106,1106
"communities_and_crime_unnormalized_(target_10)","lasso_cv",0.944846292947559,2237.25507256051,2165.83170503206,701.524434064044,1106,1106
"communities_and_crime_unnormalized_(target_10)","uniReg",0.946654611211573,1882.33718623941,1849.85186940904,351.549061572913,1106,1106
"communities_and_crime_unnormalized_(target_10)","least_squares",0.952983725135624,2187.26185964333,2062.05500349747,1432.27240781896,1106,1106
"communities_and_crime_unnormalized_(target_11)","uniLasso_loo_true",0.971066907775769,5119.38698577181,4268.84195390509,5275.46143221298,1106,1106
"communities_and_crime_unnormalized_(target_11)","uniLasso_loo_false",0.972875226039783,5067.62515179214,4246.97909265514,4861.26330069275,1106,1106
"communities_and_crime_unnormalized_(target_11)","polish_uniLasso",0.979204339963834,5210.59924158961,4296.83758254552,6697.83835745593,1106,1106
"communities_and_crime_unnormalized_(target_11)","lasso_cv",0.980108499095841,11488.4546772443,10442.1342635145,6186.38744398514,1106,1106
"communities_and_crime_unnormalized_(target_11)","uniReg",0.974683544303797,5314.2141911913,4385.08247624395,5310.97103422539,1106,1106
"communities_and_crime_unnormalized_(target_11)","least_squares",0.979204339963834,6095.88882055837,4589.90928806514,12400.6804328445,1106,1106
"communities_and_crime_unnormalized_(target_12)","uniLasso_loo_true",0.933996383363472,5142.23372890988,5071.24359649867,777.046533020071,1106,1106
"communities_and_crime_unnormalized_(target_12)","uniLasso_loo_false",0.944846292947559,5258.43533695313,5097.07938971913,1275.8257626922,1106,1106
"communities_and_crime_unnormalized_(target_12)","polish_uniLasso",0.937613019891501,5204.29287175908,5107.60403969019,923.300450666696,1106,1106
"communities_and_crime_unnormalized_(target_12)","lasso_cv",0.943037974683544,5519.57092325361,5419.1984592786,1368.33566702296,1106,1106
"communities_and_crime_unnormalized_(target_12)","uniReg",0.936708860759494,5180.18946299238,5110.34823882505,785.573847485247,1106,1106
"communities_and_crime_unnormalized_(target_12)","least_squares",0.966546112115732,6248.28123441061,5855.88781591901,3165.12935709884,1106,1106
"communities_and_crime_unnormalized_(target_13)","uniLasso_loo_true",0.95750452079566,1457.4240133068,1193.42769591771,2738.35644402558,1106,1106
"communities_and_crime_unnormalized_(target_13)","uniLasso_loo_false",0.953887884267631,1469.91371679833,1207.52072772689,2611.16304795997,1106,1106
"communities_and_crime_unnormalized_(target_13)","polish_uniLasso",0.952983725135624,1453.49141383661,1187.39059343915,2423.27556420582,1106,1106
"communities_and_crime_unnormalized_(target_13)","lasso_cv",0.956600361663653,3370.95429503848,3050.17351701417,2402.96460788708,1106,1106
"communities_and_crime_unnormalized_(target_13)","uniReg",0.956600361663653,1463.14452555425,1193.81274714965,2724.70162390576,1106,1106
"communities_and_crime_unnormalized_(target_13)","least_squares",0.966546112115732,1808.44592226272,1321.80263874607,4412.29116762855,1106,1106
"communities_and_crime_unnormalized_(target_14)","uniLasso_loo_true",0.934900542495479,1356.46223039408,1296.64852035512,535.605801749518,1106,1106
"communities_and_crime_unnormalized_(target_14)","uniLasso_loo_false",0.953887884267631,1419.33995978961,1345.02194031762,737.72260914922,1106,1106
"communities_and_crime_unnormalized_(target_14)","polish_uniLasso",0.952983725135624,1387.98231363657,1312.90204572239,665.911039832483,1106,1106
"communities_and_crime_unnormalized_(target_14)","lasso_cv",0.962025316455696,1602.53067008372,1484.17911102916,1045.83311916999,1106,1106
"communities_and_crime_unnormalized_(target_14)","uniReg",0.944846292947559,1372.66000740052,1317.82253938672,532.86472100875,1106,1106
"communities_and_crime_unnormalized_(target_14)","least_squares",0.966546112115732,1748.49602923189,1549.38361742029,1931.40559441635,1106,1106
"communities_and_crime_unnormalized_(target_15)","uniLasso_loo_true",0.963276836158192,137.684093331902,113.526174162026,246.418815864096,1062,1062
"communities_and_crime_unnormalized_(target_15)","uniLasso_loo_false",0.970809792843691,133.79993295991,111.636558673988,227.265205472516,1062,1062
"communities_and_crime_unnormalized_(target_15)","polish_uniLasso",0.967043314500942,143.394956222443,116.186407368931,264.934268834435,1062,1062
"communities_and_crime_unnormalized_(target_15)","lasso_cv",0.983050847457627,293.33943150525,263.48490436399,392.94886420734,1062,1062
"communities_and_crime_unnormalized_(target_15)","uniReg",0.968926553672316,136.034816647567,111.724259290223,245.181751856194,1062,1062
"communities_and_crime_unnormalized_(target_15)","least_squares",0.980225988700565,190.24216365201,155.111325477652,377.302903541847,1062,1062
"communities_and_crime_unnormalized_(target_16)","uniLasso_loo_true",0.944444444444444,128.1027341498,125.23942725108,25.50264784872,1062,1062
"communities_and_crime_unnormalized_(target_16)","uniLasso_loo_false",0.946327683615819,130.330960609871,127.436467806514,24.7609976652441,1062,1062
"communities_and_crime_unnormalized_(target_16)","polish_uniLasso",0.951977401129944,129.002323683451,124.232594379352,33.1675702093568,1062,1062
"communities_and_crime_unnormalized_(target_16)","lasso_cv",0.963276836158192,133.096904778376,129.701837319016,34.3315434877665,1062,1062
"communities_and_crime_unnormalized_(target_16)","uniReg",0.943502824858757,126.797149367296,124.476814338628,24.8173473583185,1062,1062
"communities_and_crime_unnormalized_(target_16)","least_squares",0.965160075329567,157.290103066393,147.91123734309,89.2140811825081,1062,1062
"communities_and_crime_unnormalized_(target_17)","uniLasso_loo_true",0.924774322968907,1451.75483967914,1431.85006740406,236.516626901581,997,997
"communities_and_crime_unnormalized_(target_17)","uniLasso_loo_false",0.932798395185557,1469.79182641624,1439.33949399637,251.080489971317,997,997
"communities_and_crime_unnormalized_(target_17)","polish_uniLasso",0.923771313941825,1476.84951096133,1437.53374124228,261.059468032404,997,997
"communities_and_crime_unnormalized_(target_17)","lasso_cv",0.95987963891675,2085.42311231858,2036.77674554612,427.556177542751,997,997
"communities_and_crime_unnormalized_(target_17)","uniReg",0.922768304914744,1456.39501070721,1433.81675810708,234.089107701495,997,997
"communities_and_crime_unnormalized_(target_17)","least_squares",0.954864593781344,1810.55213041112,1743.12297470829,627.448538497122,997,997
"communities_and_crime_unnormalized_(target_18)","uniLasso_loo_true",0.939565627950897,7114.58862693158,6913.16718248748,1735.18953834176,1059,1059
"communities_and_crime_unnormalized_(target_18)","uniLasso_loo_false",0.940509915014164,7128.50861658898,6970.70810897508,1859.83560651961,1059,1059
"communities_and_crime_unnormalized_(target_18)","polish_uniLasso",0.946175637393768,7083.56971211003,6895.34503331531,1852.62003847811,1059,1059
"communities_and_crime_unnormalized_(target_18)","lasso_cv",0.932955618508026,7714.50981008413,7411.0109543447,2590.02708835806,1059,1059
"communities_and_crime_unnormalized_(target_18)","uniReg",0.935788479697828,7075.68228458261,6883.03657753785,1741.58235703606,1059,1059
"communities_and_crime_unnormalized_(target_18)","least_squares",0.966949952785647,8448.51416985147,7911.66707771998,5696.49365208889,1059,1059
"concrete_compressive_strength","uniLasso_loo_true",0.916504854368932,40.6641188151379,40.462432587352,4.18505788428575,515,515
"concrete_compressive_strength","uniLasso_loo_false",0.916504854368932,40.1727426750636,40.2891620652616,4.05960101162959,515,515
"concrete_compressive_strength","polish_uniLasso",0.933980582524272,41.1169660090173,40.9799339103643,3.96714839982859,515,515
"concrete_compressive_strength","lasso_cv",0.933980582524272,40.8418970166839,40.6926515206562,3.77376141626475,515,515
"concrete_compressive_strength","uniReg",0.920388349514563,40.8981558632499,40.9838403986042,4.06506453965411,515,515
"concrete_compressive_strength","least_squares",0.933980582524272,40.6311679607862,40.4249679964115,3.74057091757494,515,515
"daily_demand_forecasting_orders","uniLasso_loo_true",1,46.8012940332651,46.458519109816,12.8195781054029,30,30
"daily_demand_forecasting_orders","uniLasso_loo_false",1,25.3900393921726,25.6801756246034,9.78052244335169,30,30
"daily_demand_forecasting_orders","polish_uniLasso",1,28.2815867587561,26.4212074174845,10.3451769135672,30,30
"daily_demand_forecasting_orders","lasso_cv",1,208.182537664244,209.09175086485,33.2645718684765,30,30
"daily_demand_forecasting_orders","uniReg",1,47.1063589022434,42.9666323908525,14.2223737315417,30,30
"daily_demand_forecasting_orders","least_squares",1,4.44326057428649e-13,3.97903932025656e-13,1.37725425574196e-13,30,30
"facebook_metrics","uniLasso_loo_true",0.996,40.0978116582322,36.7358781363953,19.8084249571691,250,250
"facebook_metrics","uniLasso_loo_false",0.944,27.8370839707587,24.7493655371945,14.2969566290452,250,250
"facebook_metrics","polish_uniLasso",0.996,21.0748097334129,15.7736067534441,27.8186388940155,250,250
"facebook_metrics","lasso_cv",0.936,109.811619450612,92.8841707407492,129.204190022635,250,250
"facebook_metrics","uniReg",0.996,27.6354254591664,26.0400553966385,12.9558007781484,250,250
"facebook_metrics","least_squares",0.984,8.40078275629135,5.88082950033417,9.25175216324774,250,250
"forest_fires","uniLasso_loo_true",0.969111969111969,114.694153512923,97.888428749421,53.4167978647169,259,259
"forest_fires","uniLasso_loo_false",0.984555984555985,132.08833397617,116.637951452022,56.2764772370355,259,259
"forest_fires","polish_uniLasso",0.972972972972973,117.347807031827,96.6229654968377,49.9555565211557,259,259
"forest_fires","lasso_cv",0.976833976833977,133.649610537728,120.848690586185,54.2216999170813,259,259
"forest_fires","uniReg",0.965250965250965,107.104730049536,90.0111703563964,52.9410741141995,259,259
"forest_fires","least_squares",0.976833976833977,142.038980378494,120.553785829548,82.559593337813,259,259
"infrared_thermography_temperature","uniLasso_loo_true",0.925490196078431,1.01570057027108,0.930102031986923,0.996738953002539,510,510
"infrared_thermography_temperature","uniLasso_loo_false",0.937254901960784,1.02751039144104,0.936258605291645,1.10132495031481,510,510
"infrared_thermography_temperature","polish_uniLasso",0.950980392156863,1.04502398732054,0.962273585279068,1.161906638806,510,510
"infrared_thermography_temperature","lasso_cv",0.935294117647059,1.03911224190743,0.94439157703124,1.14922942770006,510,510
"infrared_thermography_temperature","uniReg",0.929411764705882,0.997314311786277,0.918499386703839,0.974089865053765,510,510
"infrared_thermography_temperature","least_squares",0.947058823529412,1.1371536697493,1.01106695036912,2.29495415699592,510,510
"infrared_thermography_temperature_(target_2)","uniLasso_loo_true",0.935294117647059,1.06295948894829,0.993585033679111,1.41014704111947,510,510
"infrared_thermography_temperature_(target_2)","uniLasso_loo_false",0.931372549019608,1.07979038577713,1.00764180983029,1.60363089891823,510,510
"infrared_thermography_temperature_(target_2)","polish_uniLasso",0.941176470588235,1.07087697763057,1.00355700717177,1.44684281538835,510,510
"infrared_thermography_temperature_(target_2)","lasso_cv",0.93921568627451,1.08451993229662,1.00264501464265,1.75182884769857,510,510
"infrared_thermography_temperature_(target_2)","uniReg",0.931372549019608,1.06395115884076,0.998846138800715,1.4208015019748,510,510
"infrared_thermography_temperature_(target_2)","least_squares",0.950980392156863,1.16291571135505,1.04836220674256,2.49104207559273,510,510
"liver_disorders","uniLasso_loo_true",0.953757225433526,10.8737164631085,10.3825794666076,1.76254755038014,173,173
"liver_disorders","uniLasso_loo_false",0.942196531791908,11.3088237789971,10.9247342098669,1.74394340117462,173,173
"liver_disorders","polish_uniLasso",0.959537572254335,11.0909749745081,10.648158492068,1.93725879904117,173,173
"liver_disorders","lasso_cv",0.953757225433526,11.8860677362048,11.081188159294,2.23702225037573,173,173
"liver_disorders","uniReg",0.942196531791908,10.8878815022343,10.353782782068,2.03361206102648,173,173
"liver_disorders","least_squares",0.953757225433526,12.0001524298169,11.6468070849181,1.82537037384881,173,173
"metro_interstate_traffic_volume","uniLasso_loo_true",0.932246286615219,6209.35875371753,6208.88519064573,254.720938162504,24102,24102
"metro_interstate_traffic_volume","uniLasso_loo_false",0.935192100240644,6217.58325652096,6217.32515024213,256.618914122528,24102,24102
"metro_interstate_traffic_volume","polish_uniLasso",0.931540950958427,6209.5376527576,6209.51945472892,255.003802169197,24102,24102
"metro_interstate_traffic_volume","lasso_cv",0.933864409592565,6204.26627377911,6204.28274127822,253.300686334522,24102,24102
"metro_interstate_traffic_volume","uniReg",0.932910131939258,6212.10606495306,6213.8129708439,254.141877043399,24102,24102
"metro_interstate_traffic_volume","least_squares",0.933573977263298,6218.13321347682,6217.70296106728,255.276148173618,24102,24102
"parkinsons_telemonitoring","uniLasso_loo_true",0.930565010211028,27.267475208114,27.4080062697969,1.89686089353512,2938,2938
"parkinsons_telemonitoring","uniLasso_loo_false",0.938733832539142,27.3337944904227,27.3959876396285,1.93080589291769,2938,2938
"parkinsons_telemonitoring","polish_uniLasso",0.936351259360109,27.0273056264126,27.0424513987326,1.89264132385179,2938,2938
"parkinsons_telemonitoring","lasso_cv",0.929203539823009,27.0875715798828,27.147896948507,1.87369018823168,2938,2938
"parkinsons_telemonitoring","uniReg",0.928522804628999,27.2384242355523,27.3034298131986,1.9323763681849,2938,2938
"parkinsons_telemonitoring","least_squares",0.924438393464942,26.87790296021,26.8902256561618,2.01785967148178,2938,2938
"parkinsons_telemonitoring_(target_2)","uniLasso_loo_true",0.936691626957114,37.0346521732502,36.9703457573405,4.12921987148107,2938,2938
"parkinsons_telemonitoring_(target_2)","uniLasso_loo_false",0.942818243703199,36.9985112300492,36.938048684268,4.0376282276281,2938,2938
"parkinsons_telemonitoring_(target_2)","polish_uniLasso",0.937031994554118,36.5086595657468,36.3330408922789,3.89403841107507,2938,2938
"parkinsons_telemonitoring_(target_2)","lasso_cv",0.933628318584071,36.563392028145,36.4861128847316,3.97158276170226,2938,2938
"parkinsons_telemonitoring_(target_2)","uniReg",0.938053097345133,36.8947211321744,36.7511914536996,4.11935121861047,2938,2938
"parkinsons_telemonitoring_(target_2)","least_squares",0.93498978897209,36.4753601186195,36.371723493711,3.86250440291504,2938,2938
"power_consumption_of_tetouan_city","uniLasso_loo_true",0.93082264957265,22755.9249047436,22801.9013786042,1170.3464088854,26208,26208
"power_consumption_of_tetouan_city","uniLasso_loo_false",0.931089743589744,22758.8803796695,22785.6674081373,1162.92790810609,26208,26208
"power_consumption_of_tetouan_city","polish_uniLasso",0.931547619047619,22782.4786680663,22829.8088830709,1213.41801635128,26208,26208
"power_consumption_of_tetouan_city","lasso_cv",0.931585775335775,22694.8757977301,22747.502025338,1146.11612072488,26208,26208
"power_consumption_of_tetouan_city","uniReg",0.931204212454212,22756.258901666,22796.3197259861,1167.52440336121,26208,26208
"power_consumption_of_tetouan_city","least_squares",0.931242368742369,22806.109106131,22850.6775608988,1248.22136374066,26208,26208
"power_consumption_of_tetouan_city_(target_2)","uniLasso_loo_true",0.932425213675214,17646.3581384791,17651.6291433266,1739.78454140308,26208,26208
"power_consumption_of_tetouan_city_(target_2)","uniLasso_loo_false",0.934371184371184,17661.5037737137,17679.465680438,1730.66677311548,26208,26208
"power_consumption_of_tetouan_city_(target_2)","polish_uniLasso",0.933913308913309,17407.2065670508,17448.8850559688,1601.54784788401,26208,26208
"power_consumption_of_tetouan_city_(target_2)","lasso_cv",0.934294871794872,17218.6976787707,17188.5660627283,1634.39124331129,26208,26208
"power_consumption_of_tetouan_city_(target_2)","uniReg",0.932081807081807,17643.4335783805,17655.9274431811,1741.23312227925,26208,26208
"power_consumption_of_tetouan_city_(target_2)","least_squares",0.933035714285714,17141.2400593783,17079.4700889935,1632.62093425576,26208,26208
"power_consumption_of_tetouan_city_(target_3)","uniLasso_loo_true",0.931242368742369,20549.7885314578,20411.4514398348,1753.5479438695,26208,26208
"power_consumption_of_tetouan_city_(target_3)","uniLasso_loo_false",0.931509462759463,20574.7580509687,20429.626477139,1755.55199661038,26208,26208
"power_consumption_of_tetouan_city_(target_3)","polish_uniLasso",0.931166056166056,20271.5059017159,20198.7305040414,1650.1228484276,26208,26208
"power_consumption_of_tetouan_city_(target_3)","lasso_cv",0.930364774114774,22016.5437186896,21726.7224804868,2280.3485640971,26208,26208
"power_consumption_of_tetouan_city_(target_3)","uniReg",0.93082264957265,20576.9417872162,20440.7660822694,1762.84900713366,26208,26208
"power_consumption_of_tetouan_city_(target_3)","least_squares",0.931089743589744,20262.8597274755,20202.7299512041,1629.03357718711,26208,26208
"real_estate_valuation","uniLasso_loo_true",0.91304347826087,29.8771699617107,29.613711216331,3.91861050293364,207,207
"real_estate_valuation","uniLasso_loo_false",0.917874396135266,29.8011309534484,29.5248870501519,4.18224423203659,207,207
"real_estate_valuation","polish_uniLasso",0.922705314009662,29.2120968223625,28.7272536641964,3.62433382913173,207,207
"real_estate_valuation","lasso_cv",0.879227053140097,32.1891154935382,31.4992493125782,3.43972740864488,207,207
"real_estate_valuation","uniReg",0.903381642512077,29.9038293284224,29.5529879891811,3.42088762241857,207,207
"real_estate_valuation","least_squares",0.903381642512077,29.473633729081,29.3213665130531,3.88236819606014,207,207
"servo","uniLasso_loo_true",0.952380952380952,4.52565868347082,4.34846816555537,0.673173298529006,84,84
"servo","uniLasso_loo_false",0.976190476190476,4.34640227357976,4.23714332160043,0.515124555867491,84,84
"servo","polish_uniLasso",0.988095238095238,4.36914763301793,4.21613285070241,0.653181825407129,84,84
"servo","lasso_cv",0.928571428571429,4.19212024797012,4.07567614787244,0.576464151134132,84,84
"servo","uniReg",0.976190476190476,4.53373537048514,4.43224722276029,0.656257157938259,84,84
"servo","least_squares",0.904761904761905,4.23072563987509,3.95524611326715,0.673939522270508,84,84
"stock_portfolio_performance","uniLasso_loo_true",0.911392405063291,0.155570528235636,0.155709679083864,0.016169010617359,158,158
"stock_portfolio_performance","uniLasso_loo_false",0.917721518987342,0.153341616326879,0.151496580858881,0.0188105087590162,158,158
"stock_portfolio_performance","polish_uniLasso",0.911392405063291,0.154422861633006,0.155036571341792,0.017728384774026,158,158
"stock_portfolio_performance","lasso_cv",0.89873417721519,0.155186326013433,0.152811737188465,0.0181397360631347,158,158
"stock_portfolio_performance","uniReg",0.917721518987342,0.153876719591961,0.153341501586513,0.0162073160901839,158,158
"stock_portfolio_performance","least_squares",0.905063291139241,0.156652239969237,0.154996534270948,0.0169216928847124,158,158
"stock_portfolio_performance_(target_2)","uniLasso_loo_true",0.949367088607595,0.0333934028991941,0.0332981156698266,0.00223807228219618,158,158
"stock_portfolio_performance_(target_2)","uniLasso_loo_false",0.930379746835443,0.0341856856380404,0.0338239692811546,0.00260986936783392,158,158
"stock_portfolio_performance_(target_2)","polish_uniLasso",0.949367088607595,0.0340071303577771,0.0340649645554074,0.00244459128756911,158,158
"stock_portfolio_performance_(target_2)","lasso_cv",0.949367088607595,0.0329822008053731,0.0325979174727761,0.00223562669476585,158,158
"stock_portfolio_performance_(target_2)","uniReg",0.943037974683544,0.0333350525620831,0.0329694795591086,0.00239886580853475,158,158
"stock_portfolio_performance_(target_2)","least_squares",0.949367088607595,0.0355977915674783,0.0352821938364977,0.00274273676952872,158,158
"stock_portfolio_performance_(target_3)","uniLasso_loo_true",0.89873417721519,0.0195012283962831,0.0192872119606736,0.00213888171508788,158,158
"stock_portfolio_performance_(target_3)","uniLasso_loo_false",0.911392405063291,0.0199452923996681,0.0197214329215528,0.00219435889539216,158,158
"stock_portfolio_performance_(target_3)","polish_uniLasso",0.943037974683544,0.000665972326071971,0.000662559673861862,7.34287773081289e-05,158,158
"stock_portfolio_performance_(target_3)","lasso_cv",0.943037974683544,0.0231478524894956,0.023108970898847,0.00224151689265835,158,158
"stock_portfolio_performance_(target_3)","uniReg",1,4.3635980904571e-16,4.44089209850063e-16,1.21565304882049e-16,158,158
"stock_portfolio_performance_(target_3)","least_squares",1,3.44309672193878e-16,3.33066907387547e-16,1.48365772862713e-16,158,158
"stock_portfolio_performance_(target_4)","uniLasso_loo_true",0.949367088607595,0.0537590481075901,0.0536136688843124,0.00487895490537053,158,158
"stock_portfolio_performance_(target_4)","uniLasso_loo_false",0.949367088607595,0.0531425619255838,0.0523443414477832,0.00493315399301838,158,158
"stock_portfolio_performance_(target_4)","polish_uniLasso",0.955696202531646,0.0545163716726629,0.0551354225421776,0.00482165864963993,158,158
"stock_portfolio_performance_(target_4)","lasso_cv",0.943037974683544,0.0531631815691813,0.0534120605723595,0.00427249890176655,158,158
"stock_portfolio_performance_(target_4)","uniReg",0.949367088607595,0.054724211568643,0.0550113806143029,0.00477918266536392,158,158
"stock_portfolio_performance_(target_4)","least_squares",0.968354430379747,0.0542147027081304,0.0539644314033852,0.00456481566520591,158,158
"stock_portfolio_performance_(target_5)","uniLasso_loo_true",0.936708860759494,0.0719203880621542,0.0720587678328345,0.00786282916890439,158,158
"stock_portfolio_performance_(target_5)","uniLasso_loo_false",0.968354430379747,0.0729685963075745,0.0731761330864248,0.00933619283906005,158,158
"stock_portfolio_performance_(target_5)","polish_uniLasso",0.930379746835443,0.0721170347751742,0.0727269873193254,0.00954122568313446,158,158
"stock_portfolio_performance_(target_5)","lasso_cv",0.924050632911392,0.0699314555235139,0.0708344089425679,0.00894788722107492,158,158
"stock_portfolio_performance_(target_5)","uniReg",0.943037974683544,0.072160663186706,0.072642607726782,0.00920085272360734,158,158
"stock_portfolio_performance_(target_5)","least_squares",0.962025316455696,0.0759772282062241,0.0758973201219488,0.00870465531186826,158,158
"stock_portfolio_performance_(target_6)","uniLasso_loo_true",0.949367088607595,0.132978629922058,0.134340378921913,0.0122136388092643,158,158
"stock_portfolio_performance_(target_6)","uniLasso_loo_false",0.936708860759494,0.137543265875215,0.138357837815526,0.01205189434124,158,158
"stock_portfolio_performance_(target_6)","polish_uniLasso",0.936708860759494,0.138012968598688,0.139161101259018,0.0115731679947665,158,158
"stock_portfolio_performance_(target_6)","lasso_cv",0.936708860759494,0.136306654203561,0.135374074810215,0.0119846254908482,158,158
"stock_portfolio_performance_(target_6)","uniReg",0.955696202531646,0.135094219243692,0.136490394344705,0.0123920840313803,158,158
"stock_portfolio_performance_(target_6)","least_squares",0.962025316455696,0.151372729306197,0.150591049821379,0.0125674063075776,158,158
"superconductivity_data","uniLasso_loo_true",0.93839352896915,75.5273018047316,75.4482912219894,6.749277802221,10632,10632
"superconductivity_data","uniLasso_loo_false",0.938957863054929,75.4414895469085,75.3245948373581,6.69292404781446,10632,10632
"superconductivity_data","polish_uniLasso",0.934725357411588,70.3353859025382,70.4031241974283,6.94192563481027,10632,10632
"superconductivity_data","lasso_cv",0.935289691497366,74.80053398257,74.5297621990628,7.10026099435952,10632,10632
"superconductivity_data","uniReg",0.939522197140707,75.5278922640656,75.4721948907441,6.76363290999112,10632,10632
"superconductivity_data","least_squares",0.934725357411588,69.0735429111294,68.98226836432,7.14794142889755,10632,10632
