"dataset","split_id","unilasso_loo_true_mse","unilasso_loo_true_support","unilasso_loo_true_sign_diff","unilasso_loo_true_nosign_mse","unilasso_loo_true_nosign_support","unilasso_loo_true_nosign_sign_diff","unilasso_loo_false_mse","unilasso_loo_false_support","unilasso_loo_false_sign_diff","polish_unilasso_mse","polish_unilasso_support","polish_unilasso_sign_diff","lasso_cv_mse","lasso_cv_support","lasso_cv_sign_diff","unireg_mse","unireg_support","unireg_sign_diff","least_squares_mse","least_squares_support","least_squares_sign_diff"
"diamond",1,2386966.31779661,4,0,1553177.62530824,19,14,2384984.93507829,4,0,1324830.26476431,23,12,1318575.76738011,23,12,2381253.0775357,4,0,1317169.42450013,23,12
"diamond",2,2326449.40140801,3,0,1688812.66024388,15,12,2319001.9670969,4,0,1254995.55686438,22,13,1254849.15707479,23,13,2281693.06065626,5,0,1253115.18078796,23,13
"diamond",3,2380805.92923647,3,0,1525995.33562583,19,13,2379061.68053703,3,0,1290114.18323067,23,13,1290723.23087274,23,13,2364963.65812306,4,0,1290025.83612121,23,13
"diamond",4,2382984.80037125,4,0,1568277.91854716,20,14,2379809.90889555,4,0,1289858.92909784,23,15,1290888.37826977,23,15,2367337.10132588,4,0,1289624.14473366,23,15
"diamond",5,2342788.10717464,4,0,1538167.99212756,21,14,2342072.64265032,4,0,1280932.05788644,23,14,1280437.30532074,23,14,2339802.04398011,4,0,1281556.49263594,23,14
"diamond",6,2400142.24203953,3,0,1673924.48619308,17,13,2399738.17618864,3,0,1319146.01333677,22,14,1307931.49290212,22,14,2387652.90286816,4,0,1305829.16590316,23,14
"diamond",7,2389694.61917402,3,0,2186597.53227073,20,14,2388869.28214027,3,0,1390917.89292879,23,13,1302917.83978129,23,13,2358015.22244256,5,0,1451938.69611229,23,13
"diamond",8,2367872.33426508,3,0,1463185.61103759,21,14,2366925.00896727,3,0,1270881.68935808,23,13,1273308.61484619,22,13,2363822.35915984,4,0,1270289.68219824,23,13
"diamond",9,2482319.54299023,2,0,1516957.11547099,21,15,2481613.84887842,2,0,1353117.13798458,23,14,1346196.21812123,23,14,2446145.29857881,4,0,1343887.4211479,23,14
"diamond",10,2329477.59749147,3,0,1551324.95923183,21,14,2328876.78995126,3,0,1261366.59735349,23,12,1264014.39163799,23,12,2307626.47947701,5,0,1262597.37319471,23,12
"diamond",11,2312709.91793039,3,0,1485281.84929329,20,15,2312223.71278528,3,0,1234713.65027869,23,13,1235549.96968846,22,13,2311516.33292786,4,0,1234835.75163618,23,13
"diamond",12,2407639.77208151,2,0,1903082.44911015,18,14,2407261.05306292,2,0,1357513.98524583,23,13,1288872.27519461,23,13,2384903.01117195,3,0,1407846.59742438,23,13
"diamond",13,2326898.54905995,4,0,1603808.10740004,17,14,2322263.64026746,4,0,1257717.26429109,23,13,1255495.96120204,23,13,2297287.96346784,5,0,1257632.34957229,23,13
"diamond",14,2376979.42329611,4,0,1525828.04571836,21,14,2374818.87199838,4,0,1305887.1085141,23,14,1305881.3633591,22,14,2365469.90754512,4,0,1305926.99419588,23,14
"diamond",15,2398549.89301354,3,0,1597390.62712436,21,14,2397086.19422929,3,0,1300178.11970722,22,13,1301692.51245311,22,13,2390797.22448533,4,0,1299678.40604085,23,13
"diamond",16,2356356.89117079,3,0,1530105.7239519,21,14,2356013.37463959,3,0,1256637.05023881,23,14,1259760.03454607,23,14,2329020.12163626,5,0,1255545.59873127,23,14
"diamond",17,2372398.74480735,3,0,1558993.18956104,20,14,2371727.68625265,3,0,1300605.08397315,23,15,1300681.49101655,23,15,2361282.32910754,4,0,1300888.56531224,23,15
"diamond",18,2392817.23031652,3,0,1427276.82159598,20,13,2391956.34699783,3,0,1282165.85778666,23,14,1284167.03137484,22,14,2387839.81799773,3,0,1281260.8883508,23,14
"diamond",19,2400135.80128653,3,0,1556670.05279942,19,14,2399176.5711444,3,0,1320619.73877061,22,12,1312595.74984147,22,12,2376851.75078171,4,0,1310262.49083753,23,12
"diamond",20,2424626.71499962,2,0,1540418.98996615,19,15,2423424.80242018,2,0,1294001.57834021,23,13,1295164.02884105,22,13,2396239.72794902,3,0,1293110.42393671,23,13
"diamond",21,2361251.85430494,3,0,1487084.26574178,19,14,2360551.24442669,3,0,1263422.39169763,23,13,1264628.97008362,21,12,2358782.9349585,3,0,1262879.08392421,23,13
"diamond",22,2357342.06616836,3,0,1722767.20912202,15,12,2356628.43459942,3,0,1295826.06819111,21,13,1284760.1084121,22,14,2343261.60802669,4,0,1282083.99302001,23,14
"diamond",23,2302864.23784285,4,0,1569725.24311809,16,13,2301721.84537862,4,0,1255705.82409136,22,14,1254058.40171923,22,14,2297285.24825755,4,0,1255322.03632665,23,14
"diamond",24,2268210.19630061,3,0,1399074.78247962,22,14,2267516.45181738,3,0,1226815.93591465,23,14,1227260.82867448,22,14,2256546.03481491,4,0,1227907.73728691,23,14
"diamond",25,2331267.96280701,3,0,1450825.84863668,19,13,2328370.25041837,3,0,1244767.89379157,23,14,1245633.69928515,23,14,2288519.03889857,5,0,1246225.49668266,23,14
"diamond",26,2501855.38550333,3,0,1718270.31795939,20,14,2500701.81784046,3,0,1381717.61276325,23,14,1380764.45773039,22,14,2486119.30956342,4,0,1381867.4429151,23,14
"diamond",27,2353935.97022512,4,0,1530591.57847777,20,14,2351748.01140541,4,0,1309658.7859124,22,12,1301688.15371768,23,13,2336715.20855947,5,0,1301990.93530056,23,12
"diamond",28,2331033.04493469,4,0,1653662.02551769,17,13,2328741.28077741,4,0,1320824.64819963,22,12,1309916.54858458,22,12,2322198.04510738,4,0,1309906.93890081,23,13
"diamond",29,2339085.15010323,3,0,1530087.648217,21,14,2338241.01043064,3,0,1271778.94292938,23,13,1271237.56633988,22,13,2308137.69191728,5,0,1273312.18032376,23,13
"diamond",30,2357758.99777317,3,0,1694947.34037167,16,13,2356605.81597984,3,0,1286307.24372815,21,12,1277093.95800598,22,13,2353208.18731973,3,0,1273944.80623384,23,13
"diamond",31,2411677.45886682,4,0,1577673.66735483,22,14,2408422.86380799,4,0,1312060.14902631,23,14,1314933.4656754,23,14,2393161.04730473,5,0,1310455.89907715,23,14
"diamond",32,2346138.10183772,3,0,1633506.96577928,15,12,2345975.85673644,3,0,1280701.97044615,22,14,1274677.52376666,22,14,2334419.6719501,4,0,1274358.24558956,23,14
"diamond",33,2335573.83069969,2,0,1622351.4574375,20,15,2333817.85427212,2,0,1254428.93121615,23,14,1249039.30515716,23,14,2297836.55082963,4,0,1269457.554003,23,14
"diamond",34,2357923.75624459,3,0,1585186.50667487,17,14,2352899.09738264,3,0,1258452.5858449,23,14,1258577.35158412,23,14,2325280.24255871,4,0,1258369.31809162,23,14
"diamond",35,2379637.28760454,3,0,1517968.1109893,20,14,2379275.53933154,3,0,1281472.63814366,23,14,1284003.48564206,22,14,2366276.52986282,4,0,1281311.10137533,23,14
"diamond",36,2359033.72679068,3,0,1463088.34778025,21,14,2358488.07416067,3,0,1263358.38028181,22,13,1260014.52720057,22,13,2356964.12818826,3,0,1258913.5887055,23,13
"diamond",37,2351116.06639658,3,0,1517777.54086166,21,14,2349735.82295734,3,0,1267707.36011519,23,14,1267772.74427793,23,14,2344120.87111979,3,0,1268057.99866399,23,14
"diamond",38,2333012.56438138,3,0,1499998.08435011,20,14,2331503.10728347,3,0,1264377.55943424,23,13,1264790.06215489,22,13,2325283.86918623,3,0,1264783.75595484,23,13
"diamond",39,2378093.7883529,3,0,1548084.25429799,20,14,2377777.15492115,3,0,1280878.97132617,22,12,1282554.04976655,23,13,2355522.71721156,4,0,1280348.48161684,23,13
"diamond",40,2421679.4639862,3,0,1578884.80945207,18,13,2419286.5843639,3,0,1314922.40135484,23,13,1318032.46178741,22,12,2392962.70444526,4,0,1314476.7892579,23,13
"diamond",41,2353103.09506081,3,0,1598398.70647735,18,14,2352225.01687113,3,0,1282271.47252153,23,13,1282486.95801298,22,13,2347865.14197357,3,0,1282680.01678966,23,13
"diamond",42,2388847.27013541,2,0,1626394.38319415,17,14,2388484.29325814,2,0,1287232.46908477,23,13,1289234.3241916,22,12,2386646.07680105,2,0,1286860.32230659,23,13
"diamond",43,2389201.90216377,3,0,1592514.64921791,19,15,2388438.85612619,3,0,1283305.99702592,23,13,1283621.15872418,23,13,2364987.83139851,4,0,1284700.48074474,23,13
"diamond",44,2376121.45684292,3,0,1627656.83831198,16,13,2375611.35367581,3,0,1270773.19661241,22,13,1264360.84510318,22,13,2373664.93920899,3,0,1263549.44681287,23,13
"diamond",45,2365469.34659263,3,0,1593588.19320463,19,14,2365173.22593358,3,0,1281981.19213069,23,14,1281778.79301293,22,14,2364465.14839571,3,0,1298039.00182538,23,14
"diamond",46,2464274.54857126,2,0,1570346.32739336,19,14,2464109.91669091,2,0,1320196.83202857,23,13,1322386.79859742,22,13,2442703.78716955,4,0,1319719.7865488,23,13
"diamond",47,2334416.05343983,3,0,1614978.36258377,15,12,2333894.39819887,3,0,1258023.83276728,21,12,1247238.4514014,22,13,2314026.2783467,4,0,1246482.36992478,23,13
"diamond",48,2378372.31627806,3,0,1507816.54779937,22,14,2377895.41404339,3,0,1306496.72604344,23,13,1303761.06566035,23,13,2376668.06899312,3,0,1304158.98094531,23,13
"diamond",49,2342304.29398941,3,0,1516823.21628889,20,14,2341231.79790479,3,0,1259514.81626767,23,12,1261362.0804708,23,12,2320428.76508281,4,0,1261555.33798813,23,12
"diamond",50,2331909.51625798,3,0,1948097.74061705,22,14,2331726.77738406,3,0,1364367.84394255,23,13,1278874.86003974,23,13,2331238.99259211,3,0,1424727.48544181,23,13
"diamond",51,2400709.88000907,3,0,1581603.78453998,21,15,2397971.68207107,3,0,1289204.92702483,22,13,1291394.03098575,22,13,2359429.71433391,5,0,1288253.50268857,23,13
"diamond",52,2351254.89123424,4,0,1548617.23183722,20,14,2350276.56572848,4,0,1266565.82163558,23,15,1267091.59579461,23,15,2345778.48593766,4,0,1267006.47314899,23,15
"diamond",53,2396457.39667165,3,0,1699732.98926142,21,16,2394850.39282692,3,0,1307764.56366721,23,13,1305461.12652843,22,13,2389022.36047522,3,0,1323519.98987597,23,13
"diamond",54,2364022.00271969,2,0,1921103.34822626,20,14,2363841.60054632,2,0,1348811.10868303,23,14,1287682.51275106,23,14,2363360.93670766,2,0,1408496.59814181,23,14
"diamond",55,2341599.30286349,4,0,1633035.13233351,16,13,2340233.51105993,4,0,1287156.36114227,21,13,1277748.9877483,22,14,2335384.1050821,4,0,1276796.06121706,23,14
"diamond",56,2435795.13632537,4,0,1600096.54925783,21,16,2433274.36168445,4,0,1335938.64985638,23,15,1335279.66450995,23,15,2423700.66389924,4,0,1335917.25572043,23,15
"diamond",57,2305059.16845457,3,0,1438245.61702277,20,14,2304262.31618868,3,0,1247990.02070433,22,13,1247026.68813634,22,14,2300949.61875589,3,0,1249714.012776,23,14
"diamond",58,2301263.45075277,3,0,1435547.64454237,20,15,2299137.97529839,3,0,1236334.78740869,23,14,1237813.3842873,23,14,2293277.79283836,3,0,1235885.46946951,23,14
"diamond",59,2326025.59040039,3,0,1484282.71355858,20,14,2325176.55632027,3,0,1265008.6879191,23,13,1265175.88592025,22,13,2323037.25441408,3,0,1264148.51112965,23,13
"diamond",60,2322400.62528242,3,0,1464046.15592638,19,15,2321577.48542405,3,0,1252894.82981248,23,13,1252766.65016181,23,13,2319764.70821827,3,0,1253641.9884901,23,13
"diamond",61,2330674.25657464,4,0,1709313.8824207,16,13,2329218.1895051,4,0,1271238.7618179,23,14,1281315.76189449,23,14,2325045.98517117,4,0,1280502.4609075,23,14
"diamond",62,2333388.84795464,4,0,1524194.69173597,21,16,2330686.59108272,4,0,1271809.72706568,22,14,1271968.75964082,22,14,2321820.44874702,4,0,1271670.37522364,23,14
"diamond",63,2344239.51999075,3,0,1548323.58257554,19,14,2340928.87814016,4,0,1248535.73202859,23,15,1251581.38299678,22,14,2319043.2178178,4,0,1248519.371558,23,15
"diamond",64,2376003.40210424,3,0,1577072.15904989,21,14,2375478.29484759,3,0,1288941.2799504,23,13,1289504.51866227,22,13,2374443.11569914,4,0,1288472.96092482,23,13
"diamond",65,2378988.28596706,3,0,1678991.12925756,15,12,2370880.43935886,3,0,1287732.34391962,21,11,1276872.11311335,22,12,2328581.63760243,4,0,1273773.7876502,23,13
"diamond",66,2380800.04419422,3,0,1491766.51180902,22,14,2380528.87366017,3,0,1281101.05560176,23,15,1283148.69727657,22,14,2368497.93855084,4,0,1280918.85107116,23,15
"diamond",67,2366532.80199023,3,0,1547001.79170433,20,14,2365671.53473572,3,0,1297146.72839347,23,13,1294331.7097688,23,13,2361991.2263001,3,0,1295724.05228467,23,13
"diamond",68,2408854.12633566,3,0,1639854.51142016,19,15,2408673.78163216,3,0,1324640.17823131,23,13,1325962.88939315,23,13,2400480.19980854,4,0,1323621.81952632,23,13
"diamond",69,2313179.78448461,3,0,1920057.82850792,21,14,2312905.16013843,3,0,1371147.81579665,23,13,1250861.25753103,23,13,2312939.59131673,3,0,1446116.9969238,23,13
"diamond",70,2408297.24432812,3,0,1546674.7365977,22,14,2407905.02292421,3,0,1322916.60398947,23,14,1324634.12831163,22,14,2396318.07174657,4,0,1322478.94084828,23,14
"diamond",71,2371745.67480211,3,0,1525136.78749197,20,14,2367915.52366378,3,0,1286507.86241244,23,13,1286435.47591962,23,13,2332688.841171,4,0,1286990.21323323,23,13
"diamond",72,2327031.84833295,3,0,1484843.78109474,20,14,2325743.81636342,3,0,1267144.53996146,22,13,1262163.97399035,22,13,2320830.50364971,3,0,1261777.42021288,23,13
"diamond",73,2357313.12027904,3,0,1558421.5638241,19,15,2355852.4299053,3,0,1267172.37156046,23,14,1267389.33040249,22,14,2342878.06580691,4,0,1267837.62266529,23,14
"diamond",74,2378371.42826562,3,0,1528777.52987896,19,13,2375969.48226774,3,0,1298292.54244528,23,13,1298209.51717162,23,13,2356919.74431437,4,0,1297891.27753955,23,13
"diamond",75,2344866.71446541,3,0,1464604.48336769,21,14,2344159.58042169,3,0,1254920.70206289,23,15,1254799.24878971,23,15,2335793.89658823,4,0,1255505.36997725,23,15
"diamond",76,2380196.65806734,4,0,1718896.91222108,17,14,2379606.54250225,4,0,1325653.90255292,22,13,1319563.72851906,22,13,2370163.8722159,5,0,1317382.63412469,23,13
"diamond",77,2309329.92300196,4,0,1461708.36673285,21,13,2307908.18806497,4,0,1248697.65836905,22,12,1248220.38547867,22,12,2304236.53263434,4,0,1247190.00830265,23,12
"diamond",78,2376692.99963421,4,0,1547585.84264415,21,13,2374343.44411648,4,0,1293399.71820929,23,12,1295768.10571877,22,12,2367557.83175774,4,0,1292520.45107627,23,12
"diamond",79,2347021.3980695,4,0,1539348.26272473,21,14,2346195.54598326,4,0,1294294.22204251,23,15,1294855.78155401,23,15,2343376.50604563,4,0,1294211.42390661,23,15
"diamond",80,2369761.43120967,4,0,1530938.32161786,19,13,2366652.94061343,4,0,1318056.79576263,22,12,1307720.39236793,22,12,2356986.95385745,5,0,1305997.6563056,23,12
"diamond",81,2354946.43379877,4,0,1661988.04498927,15,12,2349026.80018356,4,0,1303086.01971526,21,13,1298764.88004586,22,14,2328260.62677369,4,0,1300908.39030287,23,14
"diamond",82,2336462.7793339,4,0,1460754.66991524,21,15,2333801.84371973,4,0,1247385.12739812,23,14,1248193.71960996,22,14,2324672.4148896,4,0,1247392.91459146,23,14
"diamond",83,2340948.18553708,4,0,1617400.22789792,16,13,2339516.17621153,4,0,1282554.93585527,22,13,1278543.96780683,22,13,2323563.30384202,5,0,1277757.13182581,23,13
"diamond",84,2319634.71347072,4,0,1645532.61263203,15,12,2315663.71844018,4,0,1242462.7467168,22,13,1240632.17765591,23,13,2302941.74827501,4,0,1238538.00242746,23,13
"diamond",85,2443429.99083347,3,0,1649472.76656186,18,13,2441310.22857576,3,0,1319418.16135602,23,15,1319690.860921,23,15,2415415.44060028,4,0,1317313.78912124,23,15
"diamond",86,2385168.16681287,3,0,1547946.4995667,20,14,2384433.45112614,3,0,1281722.71844463,23,12,1282877.21768339,22,12,2373055.13718886,4,0,1281464.99195391,23,12
"diamond",87,2403042.27400939,3,0,1505180.98054953,21,15,2402415.55238663,3,0,1301893.9454076,23,14,1302864.42809773,23,14,2399654.87098303,3,0,1301662.09913976,23,14
"diamond",88,2406704.37921642,3,0,1836721.31719696,21,15,2405406.83474093,3,0,1384407.79934774,23,14,1311054.80922346,23,14,2392093.15713808,4,0,1446503.41935556,23,14
"diamond",89,2329677.07247373,4,0,1534140.47615251,20,14,2326987.73210064,4,0,1250490.82174169,23,15,1252065.42061726,23,15,2315628.92787052,4,0,1250045.17574764,23,15
"diamond",90,2357485.70005791,5,0,1530385.97132896,21,13,2353107.81880492,5,0,1292377.11170004,23,14,1293381.75943001,23,14,2338514.82203546,5,0,1291886.24508408,23,14
"diamond",91,2394244.5480932,3,0,1668803.1858139,15,12,2393831.63934471,3,0,1298063.74226061,22,14,1288073.61838116,22,14,2382399.377362,4,0,1287062.65075325,23,14
"diamond",92,2400658.68684252,3,0,1544421.24304892,21,14,2400463.70383155,3,0,1285801.51121763,23,14,1287917.36511006,23,14,2399922.06520316,3,0,1285205.57308544,23,14
"diamond",93,2309535.23242548,3,0,1890831.31242698,20,14,2309392.99272745,3,0,1318439.61882686,23,13,1246630.86674032,23,13,2308998.72530407,3,0,1420397.01244681,23,13
"diamond",94,2338395.6834781,3,0,2056440.63998724,21,15,2335318.09182678,3,0,1388215.97608178,23,13,1285382.86031528,23,13,2325682.98199637,3,0,1455081.68608628,23,13
"diamond",95,2352954.06950316,5,0,1636705.59206646,17,13,2348670.7291658,5,0,1291316.35840897,22,13,1280506.32958731,22,13,2333350.88328052,5,0,1279633.94965994,23,13
"diamond",96,2340689.52961274,3,0,1509683.22514626,20,14,2340065.99743915,3,0,1274912.13640387,23,13,1272383.16685103,23,13,2337166.61075216,3,0,1273268.89364189,23,13
"diamond",97,2340919.500474,3,0,1417795.28242779,22,14,2340381.01075543,3,0,1265193.85877832,23,14,1266049.51496134,23,14,2339271.87976288,3,0,1265039.74736574,23,14
"diamond",98,2349826.78106165,3,0,1555112.23728613,20,14,2345719.29423094,3,0,1250309.90311437,23,13,1244919.82424987,22,13,2333685.50904285,3,0,1267657.80559553,23,13
"diamond",99,2327568.33878415,3,0,1520127.55346968,20,13,2326978.04289814,3,0,1257658.53066131,23,15,1259633.98090579,22,14,2313391.18565867,4,0,1258131.49090601,23,14
"diamond",100,2352600.76665621,3,0,1671225.01052938,16,13,2347829.92024553,4,0,1275203.24725323,23,13,1272262.31594483,23,13,2316791.70587208,5,0,1272212.78990679,23,13
"elevator",1,1.88004818295541e-05,8,0,7.97770992368607e-06,13,4,1.87991150468594e-05,8,0,1.53746681509133e-05,12,3,7.97733613760351e-06,15,5,1.87995713924832e-05,8,0,7.98219516250249e-06,16,6
"elevator",2,2.02594692434597e-05,8,0,8.35038774164939e-06,14,4,2.02625975857463e-05,8,0,1.67256431085308e-05,12,3,8.35780191167103e-06,15,5,2.0259199543232e-05,8,0,8.35268073191632e-06,16,6
"elevator",3,1.95607498342136e-05,9,0,8.40577887621347e-06,15,5,1.9555492030362e-05,8,0,1.56558669082751e-05,13,3,8.40080487217229e-06,14,5,1.95593361945485e-05,9,0,8.41417761175372e-06,15,6
"elevator",4,2.00892456340974e-05,9,0,8.41101979664417e-06,14,4,2.00880759684357e-05,9,0,1.65629471831019e-05,13,3,8.4105343830153e-06,14,4,2.00848445273506e-05,9,0,8.39841673145671e-06,15,6
"elevator",5,2.06172757982825e-05,10,0,8.76379731360348e-06,14,5,2.05969908012869e-05,11,0,1.72612962982334e-05,14,3,8.76279289893711e-06,17,6,2.0600851546368e-05,11,0,8.75633090877667e-06,16,6
"elevator",6,2.02927296318258e-05,11,0,8.56577941562931e-06,15,4,2.02936278656971e-05,11,0,1.64976335686919e-05,15,3,8.56808714384856e-06,13,4,2.02859994638746e-05,11,0,8.56394438368403e-06,16,8
"elevator",7,2.04988527402267e-05,8,0,8.85557462345091e-06,16,4,2.05061882346895e-05,10,0,1.70494327174716e-05,12,3,8.85564591141008e-06,18,4,2.04981461587977e-05,8,0,8.85475815393663e-06,15,5
"elevator",8,1.92851881072654e-05,10,0,8.4957757091508e-06,16,5,1.92727406136365e-05,11,0,1.55277264160756e-05,14,3,8.47398797352081e-06,15,5,1.9282721657471e-05,11,0,8.48038078151529e-06,16,6
"elevator",9,1.99699833336207e-05,10,0,8.33341032204739e-06,16,4,1.99613325042359e-05,11,0,1.66898309297707e-05,14,3,8.33177273426445e-06,16,5,1.99633971149428e-05,11,0,8.33576738254229e-06,16,5
"elevator",10,1.97893219816965e-05,8,0,8.48939845110322e-06,16,6,1.97847158288654e-05,9,0,1.60795286472907e-05,12,3,8.50525115806463e-06,15,5,1.97884794987228e-05,9,0,8.49404265945419e-06,15,5
"elevator",11,2.08760914600972e-05,11,0,8.57922875367082e-06,18,6,2.08753686325326e-05,11,0,1.71285943432293e-05,15,3,8.59203648636629e-06,18,6,2.08745778817255e-05,11,0,8.57996197604856e-06,17,7
"elevator",12,1.90742975595088e-05,10,0,8.07130980753996e-06,16,5,1.90679337825476e-05,11,0,1.55120746795147e-05,14,3,8.06807132025758e-06,15,4,1.9073830636418e-05,11,0,8.0764223813719e-06,16,7
"elevator",13,1.95579268265223e-05,9,0,8.46437495338712e-06,16,6,1.95587194967723e-05,9,0,1.6004900660776e-05,13,3,8.44454604097433e-06,16,5,1.95591487292017e-05,10,0,8.44784159923986e-06,16,6
"elevator",14,1.98152024499159e-05,8,0,8.46829263576609e-06,14,5,1.9813539448674e-05,8,0,1.59018353643521e-05,12,3,8.45513566871108e-06,13,5,1.98160101353065e-05,8,0,8.47451577292068e-06,16,8
"elevator",15,2.04286803115857e-05,10,0,8.87388634545207e-06,15,4,2.04309866547135e-05,12,0,1.63995513678728e-05,14,3,8.86594703434727e-06,16,4,2.04302657780344e-05,10,0,8.86572429155718e-06,15,4
"elevator",16,1.98490317719482e-05,10,0,8.43268093116351e-06,16,4,1.98352680579111e-05,10,0,1.63142561537959e-05,14,3,8.42674150308262e-06,16,6,1.98357473042853e-05,10,0,8.43009313021229e-06,16,6
"elevator",17,1.97833103662474e-05,10,0,8.16727325826327e-06,16,4,1.97932117233613e-05,11,0,1.58255460227576e-05,14,3,8.18086273855233e-06,16,4,1.97808426842073e-05,11,0,8.17532362894594e-06,16,6
"elevator",18,2.00893020834978e-05,8,0,8.48220429776739e-06,11,3,2.00855875757639e-05,8,0,1.63472722008477e-05,12,3,8.46053496851356e-06,14,5,2.00894204781797e-05,8,0,8.45961695320849e-06,15,6
"elevator",19,1.96770429945918e-05,11,0,8.46542778518208e-06,17,6,1.96727685913285e-05,11,0,1.57718671519367e-05,15,3,8.46048493635607e-06,16,5,1.96716208966823e-05,11,0,8.45514528582361e-06,16,7
"elevator",20,2.0689692334428e-05,9,0,8.95870870465669e-06,17,5,2.06908110416052e-05,10,0,1.68712475531781e-05,13,4,8.94658166117296e-06,17,4,2.06908144567629e-05,9,0,8.9412506085834e-06,17,5
"elevator",21,1.96325488986867e-05,9,0,8.42175037830972e-06,15,4,1.96307137143786e-05,9,0,1.57737416192527e-05,13,3,8.41419312237785e-06,16,6,1.96335587777666e-05,9,0,8.42281416990113e-06,17,8
"elevator",22,2.03440424315661e-05,10,0,8.75571728683683e-06,14,4,2.03454132746987e-05,10,0,1.68624858601348e-05,14,3,8.75201631920047e-06,13,4,2.03437392706716e-05,9,0,8.76078716273262e-06,14,5
"elevator",23,2.04720875158188e-05,10,0,8.62629475153106e-06,16,5,2.0476222808749e-05,11,0,1.68396656178787e-05,14,3,8.63926327204152e-06,17,5,2.04723784092958e-05,10,0,8.62661604834946e-06,15,5
"elevator",24,1.99925276025446e-05,10,0,8.40716821653721e-06,16,5,1.99866468233906e-05,11,0,1.63104073517036e-05,14,3,8.41298812532794e-06,17,5,1.99900531741017e-05,10,0,8.40688903662103e-06,17,6
"elevator",25,1.98518753057925e-05,11,0,8.46080509174012e-06,16,5,1.9858966325984e-05,11,0,1.60104251274597e-05,15,3,8.47025027163754e-06,15,4,1.98526204148449e-05,11,0,8.4690810908046e-06,16,7
"elevator",26,1.99231872650884e-05,8,0,8.31540346400552e-06,12,3,1.99224553838314e-05,9,0,1.63782685169012e-05,12,4,8.30159050000001e-06,15,4,1.9922942759147e-05,8,0,8.29721709834899e-06,15,4
"elevator",27,2.01542303823497e-05,10,0,8.46313034195487e-06,16,4,2.01478933768709e-05,10,0,1.60478437617263e-05,14,3,8.48101876309121e-06,15,4,2.01534760675048e-05,10,0,8.46518277414369e-06,14,4
"elevator",28,2.0158580214424e-05,9,0,8.64415918264198e-06,16,4,2.01499308451006e-05,9,0,1.68067532279438e-05,13,3,8.64193032947965e-06,16,5,2.01390249225606e-05,9,0,8.63893322174763e-06,16,6
"elevator",29,2.1036012115192e-05,10,0,8.83403610198283e-06,16,5,2.10333561273037e-05,9,0,1.7608725270152e-05,14,3,8.85003206112697e-06,14,5,2.10300015364644e-05,10,0,8.83764350831376e-06,14,5
"elevator",30,1.94670829878258e-05,10,0,8.49370620637175e-06,16,5,1.94666552801069e-05,11,0,1.61849971983792e-05,14,3,8.47154031817123e-06,15,4,1.94582535311569e-05,11,0,8.48238262365383e-06,16,6
"elevator",31,1.94380666051144e-05,10,0,8.07255898691134e-06,16,5,1.94351924261593e-05,11,0,1.57967446891989e-05,14,3,8.07619852303029e-06,16,5,1.94430175306458e-05,11,0,8.06738738372081e-06,16,6
"elevator",32,1.98992269497733e-05,8,0,8.78851320763193e-06,16,4,1.988901600382e-05,9,0,1.62708768023525e-05,12,3,8.78091020859664e-06,14,4,1.98871825375546e-05,10,0,8.79403182407243e-06,16,7
"elevator",33,2.02907613110917e-05,10,0,8.56268570134643e-06,17,6,2.0293361638393e-05,10,0,1.65656360364809e-05,14,3,8.57188933564031e-06,17,6,2.02911151154793e-05,10,0,8.55886780803184e-06,17,6
"elevator",34,1.92043270000177e-05,10,0,8.12465936184414e-06,16,5,1.92203947742586e-05,10,0,1.55296803197556e-05,14,3,8.10732832777959e-06,17,6,1.92111618257216e-05,10,0,8.11966820339972e-06,16,6
"elevator",35,2.02780153974591e-05,11,0,8.76844425466728e-06,17,5,2.02805057283824e-05,11,0,1.67947437539546e-05,15,4,8.74281195443087e-06,18,6,2.02789116719132e-05,11,0,8.75318679249824e-06,17,6
"elevator",36,1.90633250762034e-05,9,0,8.10654016264327e-06,15,4,1.90611588217916e-05,9,0,1.52689861516837e-05,13,3,8.10574731006433e-06,14,4,1.90637832027306e-05,9,0,8.10940082290109e-06,15,6
"elevator",37,1.90145139776208e-05,9,0,8.20025114580995e-06,17,5,1.90107236912036e-05,9,0,1.53474390048243e-05,13,3,8.19285856679114e-06,17,5,1.90157167067472e-05,9,0,8.19827628867324e-06,17,5
"elevator",38,2.03419077964748e-05,10,0,8.70109132035562e-06,14,3,2.0348413146486e-05,13,0,1.684590998432e-05,14,4,8.69192671776222e-06,15,3,2.03412657794839e-05,10,0,8.68698584246477e-06,15,5
"elevator",39,1.99695686737958e-05,11,0,8.67219837141519e-06,16,6,1.99662301893456e-05,11,0,1.66906271271537e-05,15,3,8.65502715938939e-06,17,6,1.9965193069264e-05,11,0,8.67207546894321e-06,17,7
"elevator",40,1.98525500105909e-05,10,0,8.33740919539124e-06,16,6,1.98557233786482e-05,11,0,1.62463527551058e-05,14,3,8.33808451294413e-06,15,5,1.98495280680441e-05,11,0,8.33441142582787e-06,16,7
"elevator",41,1.95787229075844e-05,9,0,8.18677630912262e-06,15,4,1.95777080181152e-05,10,0,1.56854367460447e-05,13,3,8.18180124321829e-06,17,5,1.95789216185985e-05,9,0,8.19179764321112e-06,16,5
"elevator",42,NA,NA,NA,NA,NA,NA,1.98678858514684e-05,11,0,NA,NA,NA,8.32401669887627e-06,17,5,NA,NA,NA,8.32373907014672e-06,15,5
"elevator",43,2.02335577944162e-05,9,0,8.34278984142579e-06,16,5,2.02378409727639e-05,11,0,1.67348605487566e-05,13,3,8.35445693737535e-06,15,5,2.02283313535633e-05,10,0,8.3498206389316e-06,16,7
"elevator",44,1.997897673966e-05,11,0,8.54791034470559e-06,17,4,1.99755825325172e-05,11,0,1.65564434398698e-05,15,3,8.55273143494701e-06,17,5,1.99766700533861e-05,11,0,8.5463528802301e-06,16,5
"elevator",45,1.94760146013553e-05,10,0,8.24340908971509e-06,16,5,1.94804061277337e-05,11,0,1.57663310273007e-05,14,3,8.23632057416464e-06,16,5,1.94834544217621e-05,11,0,8.23878852991268e-06,16,5
"elevator",46,2.00724179035947e-05,9,0,8.52958787968413e-06,15,3,2.0068164288919e-05,10,0,1.6493828511777e-05,13,4,8.5144936070821e-06,16,3,2.00668639296404e-05,10,0,8.50770288833233e-06,15,4
"elevator",47,1.9320157601782e-05,10,0,8.33951723518588e-06,16,4,1.93282761162944e-05,11,0,1.54074522818336e-05,14,3,8.33457760204578e-06,16,4,1.93237194732688e-05,11,0,8.33902801926532e-06,16,6
"elevator",48,1.8970534551476e-05,8,0,8.00824635281054e-06,15,4,1.89687560112629e-05,9,0,1.49859483631724e-05,12,3,7.99640263781984e-06,14,4,1.89719092129348e-05,8,0,8.00459683305923e-06,15,6
"elevator",49,1.95433808864326e-05,8,0,8.56274532452127e-06,14,4,1.95370577865747e-05,8,0,1.55397683272419e-05,12,3,8.56101553839868e-06,14,5,1.95437936799957e-05,8,0,8.5665639974836e-06,16,7
"elevator",50,NA,NA,NA,NA,NA,NA,1.96230519007882e-05,10,0,NA,NA,NA,8.2605960056682e-06,16,5,NA,NA,NA,8.25418640088163e-06,16,6
"elevator",51,2.08190566928152e-05,10,0,8.69965097879028e-06,13,3,2.08190826186696e-05,11,0,1.75630327795281e-05,14,4,8.70098076335937e-06,15,3,2.08117178711593e-05,10,0,8.68242451357333e-06,15,4
"elevator",52,1.98103682320456e-05,7,0,8.43350731029645e-06,13,4,1.98113440818646e-05,7,0,1.60633110029503e-05,11,3,8.42536579911931e-06,14,5,1.98125070616944e-05,7,0,8.42359169547242e-06,15,6
"elevator",53,2.07080483766228e-05,10,0,8.70824717703807e-06,16,5,2.07041319433304e-05,12,0,1.70304896717704e-05,14,3,8.72445784008342e-06,15,5,2.07012676798531e-05,11,0,8.71806991719409e-06,17,8
"elevator",54,NA,NA,NA,NA,NA,NA,2.03022287216564e-05,9,0,NA,NA,NA,8.61032738386304e-06,17,4,NA,NA,NA,8.60578811742414e-06,15,4
"elevator",55,1.96516003709026e-05,10,0,8.02620389157383e-06,17,5,1.96395057592072e-05,11,0,1.59606125892145e-05,14,3,8.03656707228556e-06,15,5,1.96462950853432e-05,11,0,8.02931731146697e-06,16,6
"elevator",56,2.07778979901375e-05,10,0,8.739755658628e-06,16,6,2.07774068502819e-05,12,0,1.72705306759874e-05,14,3,8.75217723050523e-06,16,6,2.07718808234897e-05,11,0,8.74251753707649e-06,17,7
"elevator",57,2.03266429915218e-05,9,0,8.6832337333111e-06,16,6,2.03288944725953e-05,9,0,1.69293391880962e-05,13,3,8.67641226852551e-06,17,6,2.03271866239546e-05,9,0,8.67758237390598e-06,16,6
"elevator",58,2.02774570222334e-05,8,0,8.55605725386213e-06,14,5,2.02779716180769e-05,8,0,1.66616597458864e-05,12,3,8.59343715187408e-06,15,6,2.02728285987893e-05,8,0,8.57185884856432e-06,16,7
"elevator",59,2.07424324854997e-05,10,0,8.96595736767211e-06,14,5,2.07429044336042e-05,10,0,1.68637345030986e-05,14,3,8.95731238663152e-06,15,5,2.07409013986558e-05,9,0,8.95474060402064e-06,14,5
"elevator",60,1.98465505963523e-05,10,0,8.38263391821823e-06,17,5,1.98444428813487e-05,11,0,1.5967884266478e-05,14,3,8.39613713159295e-06,16,4,1.98469861752269e-05,11,0,8.38490007030819e-06,15,5
"elevator",61,1.96633061276792e-05,8,0,8.37763550388161e-06,14,5,1.96512115388806e-05,12,0,1.58929963572905e-05,12,3,8.37477700610171e-06,15,5,1.96534641764631e-05,10,0,8.36863441252244e-06,17,7
"elevator",62,1.94366587480867e-05,11,0,8.33080826370934e-06,16,5,1.94293774698036e-05,11,0,1.56656852407495e-05,15,3,8.31682708521034e-06,15,4,1.94305463762899e-05,11,0,8.33934029265264e-06,15,5
"elevator",63,2.03643249877643e-05,8,0,8.68146190399093e-06,14,5,2.03571437327495e-05,8,0,1.65000055300442e-05,12,3,8.6855247469263e-06,15,6,2.03627653934685e-05,8,0,8.68030198587142e-06,16,7
"elevator",64,1.94118574341475e-05,11,0,8.04239785213064e-06,17,5,1.94112371469682e-05,10,0,1.60777959727806e-05,15,3,8.0532359302421e-06,16,5,1.94106500256188e-05,11,0,8.0503959742435e-06,15,5
"elevator",65,1.97335990818377e-05,11,0,8.2885188773026e-06,17,5,1.97339558280566e-05,11,0,1.61351926965158e-05,15,3,8.29377517622209e-06,16,6,1.97335399829916e-05,11,0,8.30001363588815e-06,16,7
"elevator",66,2.02761608922842e-05,10,0,8.49362528021112e-06,15,3,2.02792447097912e-05,12,0,1.66752718062409e-05,14,4,8.49516517010333e-06,16,3,2.02747533517104e-05,10,0,8.48743932830169e-06,15,5
"elevator",67,1.93580235488149e-05,9,0,8.26948223903681e-06,16,4,1.93538093752583e-05,9,0,1.55613506785787e-05,13,3,8.26933219916237e-06,17,5,1.93574617537009e-05,9,0,8.27646491398544e-06,16,6
"elevator",68,2.03305664328321e-05,7,0,8.84099196846337e-06,15,4,2.03327424296549e-05,7,0,1.67832211708207e-05,11,3,8.82947205835561e-06,15,4,2.03308150309643e-05,7,0,8.83431366542421e-06,15,5
"elevator",69,2.02124462441708e-05,10,0,8.51526638091996e-06,15,5,2.02027236331982e-05,12,0,1.67031868254474e-05,14,3,8.51328080083767e-06,15,4,2.0196742540818e-05,11,0,8.51056382216148e-06,17,6
"elevator",70,2.06682294319522e-05,11,0,8.72943887093601e-06,16,5,2.06705039105498e-05,11,0,1.72567125670688e-05,15,3,8.73848604655015e-06,17,5,2.06658765534107e-05,11,0,8.73922571061976e-06,16,6
"elevator",71,1.98872666699425e-05,10,0,8.25561868302745e-06,15,6,1.98886530177996e-05,10,0,1.63011109833881e-05,14,3,8.26040420046753e-06,14,5,1.98877857677951e-05,10,0,8.2568721945888e-06,14,5
"elevator",72,1.86259082095083e-05,10,0,7.89199858429472e-06,16,4,1.86250216560042e-05,11,0,1.51550462674741e-05,14,3,7.88218369522168e-06,17,4,1.862617059552e-05,10,0,7.89520481336123e-06,15,4
"elevator",73,2.02552156503164e-05,10,0,8.56058264847835e-06,15,5,2.02571170613699e-05,11,0,1.67901445138031e-05,14,3,8.57047858183321e-06,13,5,2.02530158881335e-05,10,0,8.57144914967871e-06,15,6
"elevator",74,1.96509692295354e-05,10,0,8.13336876998248e-06,14,4,1.96551738868192e-05,12,0,1.60832870626277e-05,14,3,8.13251936180205e-06,13,4,1.96501982549525e-05,10,0,8.13049803951878e-06,15,7
"elevator",75,1.9408848253716e-05,10,0,8.44889232153801e-06,14,4,1.93981378278505e-05,11,0,1.55869024059581e-05,14,3,8.44202075416026e-06,17,4,1.94069795146347e-05,10,0,8.43993687288844e-06,15,4
"elevator",76,2.00495328971412e-05,9,0,8.62203115342341e-06,15,4,2.00438116339125e-05,10,0,1.61948183548781e-05,13,3,8.62437858249339e-06,16,4,2.0048315901687e-05,9,0,8.62360137406327e-06,15,5
"elevator",77,2.06585575451759e-05,9,0,8.91130211743494e-06,15,3,2.06558456178935e-05,10,0,1.71151409155843e-05,13,3,8.91263589271117e-06,15,4,2.06541152588173e-05,10,0,8.90003350710463e-06,15,4
"elevator",78,1.93854080813496e-05,11,0,8.1938786856724e-06,16,4,1.93818918399182e-05,10,0,1.5686424472304e-05,15,3,8.1980247601724e-06,17,5,1.93835383224001e-05,11,0,8.1840766320767e-06,16,6
"elevator",79,2.00882284763422e-05,10,0,8.53144439844992e-06,16,4,2.00854153572005e-05,10,0,1.62951536125885e-05,14,3,8.51596311576229e-06,17,5,2.00882103182978e-05,10,0,8.52145635451364e-06,16,5
"elevator",80,1.9903743575544e-05,10,0,8.65782251371937e-06,16,4,1.98903089435093e-05,10,0,1.63549031028476e-05,14,3,8.65863882345603e-06,16,5,1.98883628853333e-05,10,0,8.65890208788331e-06,16,6
"elevator",81,2.01217064579712e-05,11,0,8.52005618168999e-06,16,3,2.01154989721529e-05,10,0,1.64566532209712e-05,15,3,8.50772491145542e-06,17,5,2.01188134979577e-05,11,0,8.5041063425616e-06,16,6
"elevator",82,2.06054165474594e-05,10,0,8.84208101058508e-06,14,4,2.06013394698016e-05,12,0,1.69395571278382e-05,14,4,8.82616645598635e-06,16,4,2.06012820964872e-05,11,0,8.81964497908825e-06,17,5
"elevator",83,1.95373673449339e-05,10,0,8.324411832474e-06,15,5,1.95346551913638e-05,11,0,1.61992681979369e-05,14,3,8.31637526639501e-06,16,5,1.9538373383324e-05,11,0,8.31565823307209e-06,16,5
"elevator",84,1.97586731678532e-05,8,0,8.36785232128703e-06,16,3,1.97455562541846e-05,10,0,1.5972139921811e-05,12,4,8.36701785057406e-06,16,4,1.97487672961001e-05,9,0,8.36307251771051e-06,16,5
"elevator",85,2.03485834652245e-05,8,0,8.64395895843215e-06,12,3,2.03413668800624e-05,8,0,1.67035732939922e-05,12,4,8.62888873429512e-06,14,4,2.03455402103691e-05,8,0,8.62663043853893e-06,15,5
"elevator",86,1.99705456432157e-05,10,0,8.41403062777292e-06,13,3,1.99733760821771e-05,12,0,1.64951064458523e-05,14,4,8.38572204282757e-06,15,3,1.99699135888229e-05,10,0,8.38092821660099e-06,15,5
"elevator",87,2.09981260010739e-05,11,0,8.82923185424957e-06,16,5,2.09864472383278e-05,12,0,1.763601607557e-05,15,3,8.83611223617555e-06,15,4,2.09866684965071e-05,11,0,8.82215227934686e-06,17,7
"elevator",88,1.99808836550507e-05,11,0,8.61727256490108e-06,17,6,1.99780364988801e-05,10,0,1.67454641511828e-05,15,3,8.6027244015131e-06,18,6,1.99801340683284e-05,11,0,8.6096536529881e-06,17,7
"elevator",89,1.9842097177713e-05,11,0,8.43919695863208e-06,15,4,1.98405413332202e-05,11,0,1.6032509831157e-05,15,3,8.4468852289337e-06,16,5,1.98413467987421e-05,11,0,8.43302817630807e-06,16,6
"elevator",90,1.98819493083253e-05,10,0,8.58966955376236e-06,16,5,1.98813610308191e-05,12,0,1.61671501520742e-05,14,3,8.58879060470274e-06,16,5,1.98845968994105e-05,11,0,8.58563702790361e-06,17,6
"elevator",91,2.03531279496914e-05,10,0,8.61725295602206e-06,16,5,2.03509701394977e-05,9,0,1.67825643024476e-05,14,3,8.60506879659941e-06,15,5,2.03521363144027e-05,9,0,8.61261955017067e-06,14,5
"elevator",92,2.07431220067315e-05,11,0,8.98759434564689e-06,14,3,2.07450128616473e-05,11,0,1.72040198186868e-05,15,4,8.96863150436069e-06,17,4,2.07428824334794e-05,11,0,8.95991020940041e-06,16,4
"elevator",93,1.96907824504017e-05,8,0,8.16458811982099e-06,13,4,1.96920780846578e-05,8,0,1.650934311966e-05,12,3,8.16250028591666e-06,14,5,1.96881517646985e-05,8,0,8.16065257175753e-06,15,6
"elevator",94,1.93616559682072e-05,8,0,8.3267046023837e-06,15,3,1.9352916780302e-05,9,0,1.54531767847538e-05,12,4,8.32277356084068e-06,16,4,1.93568324606229e-05,9,0,8.33566225703892e-06,15,3
"elevator",95,1.94351169548425e-05,8,0,8.24337166584977e-06,13,4,1.94273819618408e-05,8,0,1.55386096847487e-05,12,3,8.2575874479771e-06,13,5,1.94331193746858e-05,8,0,8.25493201670629e-06,16,7
"elevator",96,1.97431965816446e-05,11,0,8.54242306876175e-06,18,6,1.97389316619016e-05,11,0,1.59861964365523e-05,15,3,8.53756269804839e-06,17,5,1.97421845552542e-05,11,0,8.53226612869919e-06,17,7
"elevator",97,2.05330371219889e-05,10,0,8.81453308208096e-06,17,6,2.05299614437252e-05,12,0,1.67433983700057e-05,14,3,8.81164955132738e-06,14,4,2.05273269086311e-05,11,0,8.8178512766614e-06,17,7
"elevator",98,2.00338834212131e-05,10,0,8.65554020568617e-06,16,4,2.0023009860125e-05,10,0,1.65475081345851e-05,14,3,8.66404935469491e-06,14,4,2.00286141514567e-05,10,0,8.65817801321798e-06,14,4
"elevator",99,1.98481218274616e-05,8,0,8.3687352544894e-06,13,4,1.98472092577459e-05,8,0,1.62717658916251e-05,12,3,8.36290113228799e-06,13,5,1.9846553711796e-05,8,0,8.36826907411753e-06,15,7
"elevator",100,2.00918756089292e-05,9,0,8.58827321752858e-06,14,3,2.00915483239537e-05,9,0,1.62841879258741e-05,13,4,8.58832689555061e-06,14,3,2.0093110639919e-05,9,0,8.58558550191592e-06,15,5
"naval_propulsion",1,0.000248858049122049,6,0,0.000248858049122049,6,0,0.000249082665112074,6,0,6.65827173883992e-05,11,2,0.000232598398500955,9,1,1.94768646499146e-05,15,0,6.21574849714066e-07,20,8
"naval_propulsion",2,0.000254158259025755,6,0,0.000254158259025755,6,0,0.00025447380349143,6,0,6.83302689381334e-05,10,2,0.000235155492252907,9,1,1.89032119190376e-05,16,0,6.3000200214901e-07,20,8
"naval_propulsion",3,0.000251422076760098,6,0,0.000251422076760098,6,0,0.000251767499254986,6,0,6.66223939770551e-05,11,2,0.000230690532902087,9,1,1.91114540563337e-05,15,0,6.27502363629915e-07,20,8
"naval_propulsion",4,0.000255755638786053,6,0,0.000255755638786053,6,0,0.000256124676701195,6,0,6.84917323363177e-05,11,2,0.000244032294668501,9,1,1.79768507921282e-05,17,0,6.26297799762481e-07,20,9
"naval_propulsion",5,0.000258298275069922,6,0,0.000258298275069922,6,0,0.000258495471821365,6,0,6.95283766748468e-05,11,2,0.00024066538517651,8,0,1.93877975002646e-05,15,0,5.98901839625852e-07,20,8
"naval_propulsion",6,0.000253468997493882,6,0,0.000253468997493882,6,0,0.000253806201906804,6,0,6.50116483211824e-05,11,2,0.000232168195306749,9,1,1.84201108816726e-05,15,0,6.40895905763573e-07,20,8
"naval_propulsion",7,0.000252833809810349,6,0,0.000252833809810349,6,0,0.000253150104863801,6,0,6.77335002504423e-05,11,2,0.000236739213446821,9,1,1.95087338836227e-05,15,0,6.23483638376127e-07,20,8
"naval_propulsion",8,0.000263933310157476,6,0,0.000263933310157476,6,0,0.000264252339451068,6,0,6.79402926682027e-05,11,2,0.000249135882237583,9,1,1.90342804565487e-05,15,0,6.073378756646e-07,20,8
"naval_propulsion",9,0.000249210454318365,6,0,0.000249210454318365,6,0,0.000249496739665962,6,0,6.49642653766058e-05,11,2,0.000259047951803746,8,0,2.07243408106196e-05,12,0,6.27276263180599e-07,20,8
"naval_propulsion",10,0.00025481361340822,6,0,0.00025481361340822,6,0,0.000255154077878237,6,0,6.69969653161123e-05,11,2,0.000236800532572183,9,1,1.90560732510878e-05,15,0,6.27636957914411e-07,20,8
"naval_propulsion",11,0.000237729753258698,6,0,0.000237729753258698,6,0,0.0002379840973877,6,0,6.47635688345068e-05,11,2,0.000224003451351926,9,1,1.84403530010532e-05,15,0,6.17526426020532e-07,20,8
"naval_propulsion",12,0.000262602131543663,6,0,0.000262602131543663,6,0,0.000263362885779402,6,0,6.72591234593261e-05,11,2,0.000233079808207139,9,1,1.92401444645998e-05,15,0,6.31360357929273e-07,20,8
"naval_propulsion",13,0.000245428372342432,7,0,0.000245428372342432,7,0,0.000245587288878263,7,0,6.6101104301235e-05,12,2,0.000233331049820798,9,1,2.0991171937505e-05,14,0,6.3729887741508e-07,20,8
"naval_propulsion",14,0.000256478897621207,6,0,0.000256478897621207,6,0,0.000256697809451892,6,0,6.63236863645937e-05,10,2,0.000242592604546639,9,1,1.9792772754135e-05,16,0,6.23316811941252e-07,20,8
"naval_propulsion",15,0.000241752026357801,6,0,0.000241752026357801,6,0,0.000241977441495555,6,0,6.58159190487807e-05,11,2,0.000227102059710939,9,1,1.93647794493417e-05,15,0,6.26503126693607e-07,20,8
"naval_propulsion",16,0.0002533694190884,6,0,0.0002533694190884,6,0,0.00025372202227732,6,0,6.86103803916054e-05,10,2,0.000243285098803284,8,0,1.93110014774792e-05,15,0,6.02270858358959e-07,20,8
"naval_propulsion",17,0.000245811210269858,6,0,0.000245811210269858,6,0,0.000246152426383157,6,0,6.70537863726225e-05,11,2,0.000240346482370992,9,1,1.9500494908971e-05,16,0,5.9514888605211e-07,20,8
"naval_propulsion",18,0.000251262019347195,6,0,0.000251262019347195,6,0,0.000249052633668281,6,0,6.37849263708966e-05,11,2,0.000235001164641154,9,1,1.86205627938183e-05,15,0,6.4544306998923e-07,20,8
"naval_propulsion",19,0.000251717170726043,6,0,0.000251717170726043,6,0,0.000252139069878053,6,0,6.83052090599307e-05,11,2,0.00023940949439758,10,1,1.91537305946584e-05,15,0,6.27126037994668e-07,20,8
"naval_propulsion",20,0.000253421510192527,6,0,0.000253421510192527,6,0,0.000253884264467823,6,0,6.62127284084257e-05,10,2,0.000237557085425712,8,0,1.84615568735644e-05,15,0,6.30186560288389e-07,20,8
"naval_propulsion",21,0.000249768931237574,6,0,0.000249768931237574,6,0,0.000250050137718418,6,0,6.60316085051216e-05,11,2,0.000237182443965001,9,1,1.93483251529623e-05,15,0,6.07928617293483e-07,20,8
"naval_propulsion",22,0.000254125384206193,6,0,0.000254125384206193,6,0,0.000254423029910325,6,0,6.77944700107034e-05,11,2,0.000231650084236792,9,1,1.92466744750663e-05,15,0,6.28747331841798e-07,20,8
"naval_propulsion",23,0.000256810718686864,6,0,0.000256810718686864,6,0,0.000257068958088012,6,0,6.81610863648002e-05,10,2,0.00023864480723102,9,1,1.96205027094971e-05,15,0,6.0338068459493e-07,20,8
"naval_propulsion",24,0.00024284878245511,6,0,0.00024284878245511,6,0,0.00024311344227917,6,0,6.66083479999749e-05,11,2,0.000226983770281808,9,1,1.85839100833482e-05,15,0,6.31768012684432e-07,20,8
"naval_propulsion",25,0.000252650571391703,6,0,0.000252650571391703,6,0,0.000252943130444143,6,0,6.65261325830677e-05,11,2,0.000228980949920201,9,1,1.99574228584357e-05,16,0,6.72659070137359e-07,20,8
"naval_propulsion",26,0.000245995619097421,6,0,0.000245995619097421,6,0,0.000246388337861954,6,0,6.88009477635715e-05,11,2,0.000228537590984383,9,1,1.90265705567298e-05,16,0,6.28239485161952e-07,20,8
"naval_propulsion",27,0.000237826945724796,6,0,0.000237826945724796,6,0,0.000238257524410445,6,0,6.74010527599995e-05,11,2,0.000223367263454508,9,1,1.94532612902588e-05,15,0,6.19846932197148e-07,20,8
"naval_propulsion",28,0.000253398800127505,6,0,0.000253398800127505,6,0,0.000253809714514803,6,0,6.68585153338068e-05,11,2,0.000237454565991192,9,1,1.87810593719509e-05,15,0,6.07122762948713e-07,20,8
"naval_propulsion",29,0.000250435491071581,6,0,0.000250435491071581,6,0,0.000250708789350492,6,0,6.63384663765447e-05,11,2,0.000232733598393883,9,1,1.86331815338926e-05,15,0,6.11761187543442e-07,20,8
"naval_propulsion",30,0.000240252314895711,6,0,0.000240252314895711,6,0,0.000240460879836469,6,0,6.47527987814143e-05,11,2,0.000232277993131203,9,1,1.91044108302442e-05,16,0,6.02818621264744e-07,20,8
"naval_propulsion",31,0.000243319814032075,6,0,0.000243319814032075,6,0,0.000243597723074571,6,0,6.71113131307911e-05,11,2,0.000234632051767689,8,0,1.92255025764165e-05,15,0,6.14987018995651e-07,20,8
"naval_propulsion",32,0.000254972981004033,6,0,0.000254972981004033,6,0,0.000255531407730132,6,0,6.77110682342189e-05,11,2,0.000241814267059319,9,1,1.95441170967406e-05,16,0,6.00965458647252e-07,20,8
"naval_propulsion",33,0.000246898673627707,6,0,0.000246898673627707,6,0,0.000247208286761333,6,0,6.90410174400643e-05,11,2,0.000232609881482527,9,1,1.94915641066331e-05,16,0,6.19805046328612e-07,20,8
"naval_propulsion",34,0.000256657829753237,6,0,0.000256657829753237,6,0,0.000256915777129964,6,0,6.66362417510458e-05,11,2,0.000236593606608736,9,1,1.93317064404403e-05,15,0,6.09731089716617e-07,20,8
"naval_propulsion",35,0.000244059663051793,6,0,0.000244059663051793,6,0,0.000244312574020513,6,0,6.62347383295826e-05,11,2,0.000225574461444769,9,1,1.88991024137202e-05,16,0,6.1325782690165e-07,20,8
"naval_propulsion",36,0.00025577452350978,6,0,0.00025577452350978,6,0,0.000256106176624118,6,0,6.34013193113693e-05,11,2,0.000228614566067893,9,0,2.3346386842001e-05,16,0,6.17923812479863e-07,20,7
"naval_propulsion",37,0.000244543241131834,6,0,0.000244543241131834,6,0,0.000244836701109799,6,0,6.45611684834375e-05,11,2,0.000231930478103319,9,1,1.89772644827091e-05,15,0,5.98267487875418e-07,20,8
"naval_propulsion",38,0.000267853351125313,6,0,0.000267853351125313,6,0,0.000268115269460179,6,0,6.8095891985874e-05,11,2,0.000247775308207022,8,0,1.9151736372186e-05,15,0,6.21036668005717e-07,20,8
"naval_propulsion",39,0.000251831999213102,6,0,0.000251831999213102,6,0,0.000252149766838712,6,0,6.60675526186895e-05,11,2,0.000233808190695308,9,1,1.87752188981835e-05,15,0,6.20599836147408e-07,20,8
"naval_propulsion",40,0.000241564398348239,6,0,0.000241564398348239,6,0,0.000241912605742164,6,0,6.76911828353118e-05,10,2,0.000227122308554294,9,1,1.89807725393164e-05,15,0,6.19565988146302e-07,20,8
"naval_propulsion",41,0.000249429663556236,6,0,0.000249429663556236,6,0,0.000249787033978446,6,0,6.75612189533351e-05,10,2,0.000235768564799649,9,1,1.76955504053916e-05,16,0,6.06125751835585e-07,20,9
"naval_propulsion",42,0.000254182106811039,6,0,0.000254182106811039,6,0,0.000254610507863676,6,0,6.81462389310351e-05,11,2,0.000240962321742145,9,1,1.96279740134524e-05,15,0,6.23757300947059e-07,20,8
"naval_propulsion",43,0.000250601480843572,6,0,0.000250601480843572,6,0,0.000250892704169266,6,0,6.92619569867784e-05,11,2,0.000231661401828654,9,1,1.95596251338869e-05,15,0,6.36398904505532e-07,20,8
"naval_propulsion",44,0.000258831725800106,6,0,0.000258831725800106,6,0,0.000259062443577486,6,0,6.43481272502671e-05,11,2,0.000228766464593454,9,1,1.86302260209553e-05,16,0,6.06986891631692e-07,20,8
"naval_propulsion",45,0.000249627785501751,6,0,0.000249627785501751,6,0,0.00024988086320269,6,0,6.7997280135402e-05,11,2,0.000234549080450774,8,0,1.8874359355372e-05,16,0,5.853398735468e-07,20,8
"naval_propulsion",46,0.000249357129793607,6,0,0.000249357129793607,6,0,0.000249654430198317,6,0,6.6600121340266e-05,10,2,0.000233468401779785,9,1,1.94180108240243e-05,15,0,6.1609192048241e-07,20,8
"naval_propulsion",47,0.000249777752449727,6,0,0.000249777752449727,6,0,0.000249930786985176,6,0,6.59309581630592e-05,11,2,0.000230910437000493,9,1,1.87904009864831e-05,15,0,6.11705472330264e-07,20,8
"naval_propulsion",48,0.000244572777974631,6,0,0.000244572777974631,6,0,0.000244850516758932,6,0,6.70113892577567e-05,11,2,0.000231665581655586,9,1,1.87597205294204e-05,15,0,6.14964593937134e-07,20,8
"naval_propulsion",49,0.000236842508278528,7,0,0.000236842508278528,7,0,0.000237048556108789,7,0,6.55158245463133e-05,12,2,0.000244597053034146,8,0,2.17909041681941e-05,14,0,6.18338325299021e-07,20,8
"naval_propulsion",50,0.000250235942842454,6,0,0.000250235942842454,6,0,0.000250544739156609,6,0,6.81348012354873e-05,11,2,0.000236028103296428,9,1,1.94131776997622e-05,16,0,6.16019339343071e-07,20,8
"naval_propulsion",51,0.000258485536622084,6,0,0.000258485536622084,6,0,0.00025892626342626,6,0,6.58606500002856e-05,11,2,0.000245105810072491,9,1,1.91473587533488e-05,15,0,6.22978511208038e-07,20,8
"naval_propulsion",52,0.000249244491019309,6,0,0.000249244491019309,6,0,0.000249580019143356,6,0,6.74791962559501e-05,11,2,0.000237457922746168,9,1,1.92137140734055e-05,16,0,5.98102571917003e-07,20,8
"naval_propulsion",53,0.000247220064451166,6,0,0.000247220064451166,6,0,0.000247537317891399,6,0,6.80052112269259e-05,10,2,0.000237052737511955,9,1,1.89916533909752e-05,15,0,6.21674382911788e-07,20,8
"naval_propulsion",54,0.000257311307042113,7,0,0.000257311307042113,7,0,0.000257565819429625,7,0,6.71396901902859e-05,12,2,0.000265612377492057,8,0,2.19221041612892e-05,14,0,6.28232224297655e-07,20,8
"naval_propulsion",55,0.000247635696724126,6,0,0.000247635696724126,6,0,0.000247917367319703,6,0,6.62997506422592e-05,10,2,0.000230894682374351,9,1,1.85053361636535e-05,16,0,6.24112857085017e-07,20,8
"naval_propulsion",56,0.000254769604224471,6,0,0.000254769604224471,6,0,0.000254971139026225,6,0,6.74248651483048e-05,10,2,0.000268907966083494,8,0,1.84758863150248e-05,15,0,6.31681556464598e-07,20,8
"naval_propulsion",57,0.000255234574958453,6,0,0.000255234574958453,6,0,0.000255619730060042,6,0,6.63903032672988e-05,11,2,0.000238371292942221,9,1,1.91056547462869e-05,13,0,6.26215261082604e-07,20,7
"naval_propulsion",58,0.000262259474476373,6,0,0.000262259474476373,6,0,0.000262778405148262,6,0,6.96042453408512e-05,10,2,0.000243587204955474,9,1,1.91724772298562e-05,15,0,6.0042590431873e-07,20,8
"naval_propulsion",59,0.000245321819260866,6,0,0.000245321819260866,6,0,0.000245632140075077,6,0,6.56505402965074e-05,11,2,0.00023507074092398,9,1,1.88899635874318e-05,15,0,6.16929327617934e-07,20,8
"naval_propulsion",60,0.000255627846644472,6,0,0.000255627846644472,6,0,0.000255929000052039,6,0,6.79379886029882e-05,11,2,0.00023847588489656,9,1,1.89858429656717e-05,16,0,6.15265128126174e-07,20,8
"naval_propulsion",61,0.000249816883996748,6,0,0.000249816883996748,6,0,0.00025024968152963,6,0,6.72462485602661e-05,10,2,0.000226805713686704,9,1,1.90746838654472e-05,16,0,6.47601168896525e-07,20,8
"naval_propulsion",62,0.000247251002403037,6,0,0.000247251002403037,6,0,0.000247486075055621,6,0,6.70790597578089e-05,11,2,0.000230265694191481,9,1,1.94981832792612e-05,15,0,6.16765686140883e-07,20,8
"naval_propulsion",63,0.000257516782527332,6,0,0.000257516782527332,6,0,0.000257853882938689,6,0,6.5473874726392e-05,11,2,0.000245857048884709,9,1,1.88893094699359e-05,15,0,6.14251547437952e-07,20,8
"naval_propulsion",64,0.000245605060229643,6,0,0.000245605060229643,6,0,0.000245950534083842,6,0,6.49541616013252e-05,11,2,0.000237850448716812,9,1,1.90461032233894e-05,16,0,6.11572643760757e-07,20,8
"naval_propulsion",65,0.000252396728820022,6,0,0.000252396728820022,6,0,0.000255222437492821,6,0,6.76684464012191e-05,10,2,0.000234470454283575,9,1,1.88359371608365e-05,16,0,6.36303691680162e-07,20,8
"naval_propulsion",66,0.000259611587470025,6,0,0.000259611587470025,6,0,0.00025993068698179,6,0,7.26345664867267e-05,11,2,0.000245767541824396,8,0,2.05223955231335e-05,15,0,6.28301030862072e-07,20,8
"naval_propulsion",67,0.000245739482396778,6,0,0.000245739482396778,6,0,0.000246033901569518,6,0,6.91346689514214e-05,10,2,0.000234230082459406,9,1,1.97666713966914e-05,15,0,6.34108128096098e-07,20,8
"naval_propulsion",68,0.000247190949846116,6,0,0.000247190949846116,6,0,0.000247501558895178,6,0,6.5566755033549e-05,11,2,0.000233406436199512,9,1,1.89975847802738e-05,15,0,6.16524334271616e-07,20,8
"naval_propulsion",69,0.000253377740220458,6,0,0.000253377740220458,6,0,0.000253844096381349,6,0,6.6235277721416e-05,11,2,0.000241605721782628,9,1,1.87827752545592e-05,16,0,6.25569713801466e-07,20,8
"naval_propulsion",70,0.0002581483720998,6,0,0.0002581483720998,6,0,0.000258410378386905,6,0,6.68268471268169e-05,11,2,0.000236097929645332,9,1,1.88399643310626e-05,15,0,6.11754503070453e-07,20,8
"naval_propulsion",71,0.000252688220741696,6,0,0.000252688220741696,6,0,0.00025302504538974,6,0,6.69199285574047e-05,11,2,0.000242204919583715,9,1,1.77543974623707e-05,16,0,6.05571843253114e-07,20,9
"naval_propulsion",72,0.000256456602162422,6,0,0.000256456602162422,6,0,0.000256738504429261,6,0,6.79124694417979e-05,11,2,0.000240586045024029,9,1,1.92785468027578e-05,16,0,6.23696568098481e-07,20,8
"naval_propulsion",73,0.00025382740780358,6,0,0.00025382740780358,6,0,0.000254134872339051,6,0,6.67629997553125e-05,11,2,0.000237667295801961,9,1,1.89845151334766e-05,15,0,6.1761607683607e-07,20,8
"naval_propulsion",74,0.000257769903202739,6,0,0.000257769903202739,6,0,0.000258026343842155,6,0,6.85333742465568e-05,10,2,0.000233886220214457,9,1,1.89022648356686e-05,15,0,6.40693123247107e-07,20,8
"naval_propulsion",75,0.000252271888027369,6,0,0.000252271888027369,6,0,0.000252737524069177,6,0,6.8110790122171e-05,10,2,0.000230241666038155,9,1,1.93772349490939e-05,16,0,6.28485516723057e-07,20,8
"naval_propulsion",76,0.000252956038693417,7,0,0.000252956038693417,7,0,0.000253341141039173,7,0,6.53764207611991e-05,12,2,0.000236107376051322,9,1,2.17302474292038e-05,13,0,6.4317815837121e-07,20,8
"naval_propulsion",77,0.000253246084533728,6,0,0.000253246084533728,6,0,0.00025359488205267,6,0,6.90886948031921e-05,11,2,0.000243631154704194,9,1,1.98739910527871e-05,15,0,6.03842366668169e-07,20,8
"naval_propulsion",78,0.000253198790150311,6,0,0.000253198790150311,6,0,0.000253552713244946,6,0,6.70650986347026e-05,11,2,0.0002389545963581,9,1,1.89748728436675e-05,15,0,5.87903056906556e-07,20,8
"naval_propulsion",79,0.000236770139364483,6,0,0.000236770139364483,6,0,0.000236962099897084,6,0,6.54570426907376e-05,11,2,0.000217631679940796,9,1,1.87040152384856e-05,15,0,6.04538051039842e-07,20,8
"naval_propulsion",80,0.000246535720365491,6,0,0.000246535720365491,6,0,0.000246813656691253,6,0,6.67870587888246e-05,10,2,0.000238613537382778,8,0,1.91848150654525e-05,16,0,6.29678437747067e-07,20,8
"naval_propulsion",81,0.000252790124700127,6,0,0.000252790124700127,6,0,0.000253236257365671,6,0,6.75116430341559e-05,11,2,0.000243629886877101,9,1,1.81364063619616e-05,16,0,6.43571573312024e-07,20,9
"naval_propulsion",82,0.000250470294235829,6,0,0.000250470294235829,6,0,0.000250747323711361,6,0,6.7589097168263e-05,11,2,0.000240041890606512,9,1,1.96669300064808e-05,16,0,6.25807791223678e-07,20,8
"naval_propulsion",83,0.000255706178380478,6,0,0.000255706178380478,6,0,0.000255999947913247,6,0,6.75027351199684e-05,11,2,0.00023959476577465,9,1,1.91704032990411e-05,15,0,6.15789196810548e-07,20,8
"naval_propulsion",84,0.000249570750419854,6,0,0.000249570750419854,6,0,0.000249811433283432,6,0,6.82182886946231e-05,11,2,0.000238316188882445,8,0,1.92943673702067e-05,15,0,6.02140027127192e-07,20,8
"naval_propulsion",85,0.000256703350317689,6,0,0.000256703350317689,6,0,0.000257006462213626,6,0,6.68486063685972e-05,11,2,0.000239285064594559,9,1,1.77258573766218e-05,17,0,6.22237880737705e-07,20,9
"naval_propulsion",86,0.000260717255020499,6,0,0.000260717255020499,6,0,0.000261025281258628,6,0,6.81630305244022e-05,11,2,0.000244041160278956,9,1,1.90529831737508e-05,16,0,6.07660997100152e-07,20,8
"naval_propulsion",87,0.000254762559979592,6,0,0.000254762559979592,6,0,0.000255095526491236,6,0,6.71101311653337e-05,10,2,0.000237526389716122,9,1,1.8981600659918e-05,15,0,6.08798413539767e-07,20,8
"naval_propulsion",88,0.000236191446243171,6,0,0.000236191446243171,6,0,0.00023650296721661,6,0,6.80767726130774e-05,11,2,0.000229600342041351,9,1,1.93949180890339e-05,15,0,6.21009004705649e-07,20,8
"naval_propulsion",89,0.000255598497884733,6,0,0.000255598497884733,6,0,0.000256025567943723,6,0,6.66633938295088e-05,10,2,0.000241887140581787,9,1,1.87448091513462e-05,15,0,6.02529993318876e-07,20,8
"naval_propulsion",90,0.000256123714542644,6,0,0.000256123714542644,6,0,0.000256432778983261,6,0,6.92743361848733e-05,11,2,0.000234169364404791,9,1,1.94437556326688e-05,16,0,6.37519327052514e-07,20,8
"naval_propulsion",91,0.000252437297461646,6,0,0.000252437297461646,6,0,0.000252776613994837,6,0,6.56852878666942e-05,11,2,0.000237441719680601,9,1,1.86054659090843e-05,15,0,6.10999732571352e-07,20,8
"naval_propulsion",92,0.000259866368283532,6,0,0.000259866368283532,6,0,0.000260005498612996,6,0,6.91904608884589e-05,11,2,0.00023850686459744,9,1,1.97489111086028e-05,15,0,6.65153457054636e-07,20,8
"naval_propulsion",93,0.000248029589875096,6,0,0.000248029589875096,6,0,0.000248299031484226,6,0,6.42537714819655e-05,11,2,0.000227950251016548,9,1,1.87541350740921e-05,16,0,6.10075094474016e-07,20,8
"naval_propulsion",94,0.000252269721150542,6,0,0.000252269721150542,6,0,0.00025260877175204,6,0,6.5968585555511e-05,11,2,0.000235250743521315,9,1,1.76443218954763e-05,17,0,6.18553714918918e-07,20,9
"naval_propulsion",95,0.000246776897350741,6,0,0.000246776897350741,6,0,0.000247022542881719,6,0,6.68507651742762e-05,10,2,0.000251337954486947,9,0,1.90954462248575e-05,16,0,6.4032825013875e-07,20,8
"naval_propulsion",96,0.000239048299865176,6,0,0.000239048299865176,6,0,0.000239361657336343,6,0,6.46315859394875e-05,11,2,0.000226888505353707,9,1,1.87045259611901e-05,15,0,6.13985895820347e-07,20,8
"naval_propulsion",97,0.000250348048100953,6,0,0.000250348048100953,6,0,0.000250680036535057,6,0,6.64601470159503e-05,11,2,0.00024097220365755,9,1,1.89045015362872e-05,16,0,6.08122467943059e-07,20,8
"naval_propulsion",98,0.000245620297510258,6,0,0.000245620297510258,6,0,0.000246077350431937,6,0,6.48050885455964e-05,11,2,0.00022846116398457,9,1,1.81175212401513e-05,13,0,6.28965460470355e-07,20,7
"naval_propulsion",99,0.00024487642761119,6,0,0.00024487642761119,6,0,0.00024528628015689,6,0,6.96614797851908e-05,11,2,0.000238678697023102,8,0,1.96482447010652e-05,16,0,6.26168374023137e-07,20,8
"naval_propulsion",100,0.000253549726261487,6,0,0.000253549726261487,6,0,0.000253870416117954,6,0,6.53815888695337e-05,11,2,0.000238078948328067,9,1,1.86058234320149e-05,15,0,5.87032044970765e-07,20,8
