"dataset","method","split_id","motor","screw","pgain","vgain"
"servo","uni_loo",1,-0.131218237228664,-0.159919067762393,-0.918805536952256,-0.417256750685758
"servo","uni_loo",2,-0.173141425645049,-0.0288268115812518,-0.800261366325357,-0.319021210505303
"servo","uni_loo",3,-0.220855126358053,-0.201249474590293,-0.727420240091839,-0.332167137316983
"servo","uni_loo",4,-0.291163816852863,-0.0325733450007222,-1.01866083662836,-0.466633718241466
"servo","uni_loo",5,-0.246361598001598,-0.207682554461394,-0.961616976773265,-0.47288891683282
"servo","uni_loo",6,-0.306376148669939,-0.0993664097138597,-1.0083589357481,-0.390246349309744
"servo","uni_loo",7,-0.124982130307287,-0.118933195474574,-0.713842243165877,-0.231184708542574
"servo","uni_loo",8,-0.428069705700303,-0.104053893589547,-1.06232543338333,-0.466730173962618
"servo","uni_loo",9,-0.0840093802438126,-0.273034730123846,-0.924705656078924,-0.438024328956735
"servo","uni_loo",10,-0.115227363820708,-0.0965032765930731,-1.01176223191559,-0.442421699858176
"servo","uni_loo",11,-0.127145317627706,-0.226048750117233,-0.893714610018407,-0.429075488217194
"servo","uni_loo",12,-0.256066237670029,-0.131586219625704,-1.09238232975889,-0.470018973222073
"servo","uni_loo",13,-0.212548238310393,-0.123783587972973,-0.908946010387157,-0.520849271256529
"servo","uni_loo",14,-0.241892411642645,-0.268187970478723,-0.985484076234568,-0.445599659452175
"servo","uni_loo",15,-0.0376639872770269,-0.14435360509519,-0.938222298414602,-0.29491062538847
"servo","uni_loo",16,-0.160590590410708,-0.331308170719124,-1.18177696028732,-0.494291110439506
"servo","uni_loo",17,-0.22670713389067,-0.189427961145616,-0.715703723262346,-0.321403467379827
"servo","uni_loo",18,-0.346874061597804,-0.0612116632164281,-1.03530342884143,-0.465600981473591
"servo","uni_loo",19,-0.331013300885757,-0.138824232694111,-0.918226499649167,-0.474216699412519
"servo","uni_loo",20,-0.0696323420924178,-0.249081703342488,-0.907046581569507,-0.297894215112292
"servo","uni_loo",21,-0.178251686643886,-0.118659771081924,-0.901571068718627,-0.413450787491378
"servo","uni_loo",22,-0.133422674883217,-0.0778145172001494,-0.929121148953489,-0.39614270202478
"servo","uni_loo",23,-0.132041975647785,-0.259194584512628,-0.891379424751806,-0.37494733614135
"servo","uni_loo",24,-0.301045699630948,-0.194220413655673,-1.0329186325873,-0.554543768562654
"servo","uni_loo",25,-0.133495651705062,-0.270128570739478,-0.845328205989282,-0.323236936960559
"servo","uni_loo",26,0.0132640283247214,-0.318916884270747,-0.869620274719639,-0.411590187570841
"servo","uni_loo",27,-0.177732837152344,-0.114250627502026,-0.83282010175751,-0.418292937784833
"servo","uni_loo",28,-0.122113716308078,-0.143688323202979,-1.02783672495757,-0.533177613462515
"servo","uni_loo",29,-0.210336620755781,-0.244876163111249,-1.11046868185522,-0.49931226528097
"servo","uni_loo",30,0.0171000394733564,-0.297725264637736,-0.921933245035744,-0.385797121887286
"servo","uni_loo",31,-0.235047877843854,-0.0203581816070572,-0.825503516719228,-0.400380603896302
"servo","uni_loo",32,-0.252594734822093,-0.156116419299754,-1.01397420225242,-0.507437035096387
"servo","uni_loo",33,-0.213225208080379,-0.113839470711071,-0.987364121874342,-0.490303671449881
"servo","uni_loo",34,-0.0935398191701632,-0.00728430010747811,-0.720224302933185,-0.279171175512728
"servo","uni_loo",35,-0.149392590438956,-0.20237542178531,-0.801780629062175,-0.368117341916896
"servo","uni_loo",36,-0.0980062479388499,-0.0505498969160067,-0.672653519274116,-0.278965007780469
"servo","uni_loo",37,-0.06649968766207,-0.0977944124094975,-0.777479134232545,-0.346660366588914
"servo","uni_loo",38,-0.142247316022868,-0.0271082137449365,-0.819940945531212,-0.371153862854007
"servo","uni_loo",39,-0.273976855111881,-0.252686988418504,-0.96202224592689,-0.42523122167253
"servo","uni_loo",40,-0.266679122577755,-0.119351215533958,-0.921844743540323,-0.431411131450376
"servo","uni_loo",41,-0.279618124982081,-0.143591157548007,-0.977633590514264,-0.517701063283526
"servo","uni_loo",42,-0.247873996579895,-0.0305881197383008,-0.896606794851322,-0.448943105880292
"servo","uni_loo",43,-0.335205877814957,-0.112974287175698,-1.07814980955714,-0.504816253761308
"servo","uni_loo",44,-0.179987655525997,-0.188869013474803,-0.89952368034712,-0.401385141712867
"servo","uni_loo",45,-0.190063891586357,-0.123706737207081,-0.872482375341776,-0.374775341157703
"servo","uni_loo",46,-0.139890752396719,-0.125569516802105,-0.967128981123613,-0.418905394448783
"servo","uni_loo",47,-0.282683373689507,-0.00708832532461223,-0.892420497273734,-0.411206425303794
"servo","uni_loo",48,-0.36346485990052,-0.102042797712489,-1.00694465894966,-0.42893678598632
"servo","uni_loo",49,-0.223997780968236,-0.237946631656259,-0.925026073370262,-0.427108768935353
"servo","uni_loo",50,-0.263296388288302,-0.187060552400451,-0.923463140238971,-0.310995912970144
"servo","uni_loo",51,-0.14679021899427,-0.162796516448512,-0.795568046113934,-0.438633997837775
"servo","uni_loo",52,-0.212993992216596,-0.126595785877729,-0.999106311871304,-0.467790667254197
"servo","uni_loo",53,-0.236941507450687,-0.00302984395452542,-0.819101432513196,-0.396482989064133
"servo","uni_loo",54,-0.0941636708469471,-0.317563053950302,-0.946925540535765,-0.428316817476695
"servo","uni_loo",55,-0.237933971952731,0.0104377166908671,-0.688647970713725,-0.300849759561317
"servo","uni_loo",56,-0.139244319990749,-0.18611373142791,-0.888587962862631,-0.449680905052418
"servo","uni_loo",57,-0.146093137896447,-0.296537745120075,-0.961662255982426,-0.514318902221061
"servo","uni_loo",58,-0.380652117112483,-0.136261200718467,-0.949894751953947,-0.531204884451961
"servo","uni_loo",59,-0.191054417659841,0.0559886752492736,-0.708941692838493,-0.383418372448143
"servo","uni_loo",60,-0.0541081487912734,-0.215146242222837,-1.14264867639722,-0.488205055428649
"servo","uni_loo",61,-0.048643984205132,-0.252512358821638,-0.891829172386905,-0.397276419236689
"servo","uni_loo",62,-0.323224220866958,-0.0931293529810974,-0.999180739741935,-0.452206298028419
"servo","uni_loo",63,-0.24839912422619,-0.146794047528113,-0.859407665853237,-0.412975453394335
"servo","uni_loo",64,-0.238101364692942,-0.135205070896556,-0.990232052568066,-0.501226742302251
"servo","uni_loo",65,-0.321533894128682,-0.230782454970718,-0.995373845785206,-0.439520692850863
"servo","uni_loo",66,-0.32874896519949,-0.108766696584581,-1.03550569649969,-0.382043580681596
"servo","uni_loo",67,-0.202777842526967,-0.107461324903765,-0.876688669850863,-0.4434999692267
"servo","uni_loo",68,-0.190581204728694,-0.0392351164894527,-0.867077500531218,-0.3673184108062
"servo","uni_loo",69,-0.167068430060522,-0.1092891354873,-0.852185601284635,-0.429021717171794
"servo","uni_loo",70,-0.250730211739305,-0.0654624058164536,-1.11536780866517,-0.454695306962177
"servo","uni_loo",71,-0.273823252493936,-0.139537190319149,-1.0092784710042,-0.460332650085531
"servo","uni_loo",72,-0.374615536117893,-0.0626685899555149,-0.807917176848791,-0.443243600718549
"servo","uni_loo",73,-0.26544185109988,-0.0799243257300441,-1.18477442623127,-0.543793818716675
"servo","uni_loo",74,-0.220726434072622,-0.130421286768185,-0.97134244826016,-0.418693828496877
"servo","uni_loo",75,-0.148228295763407,-0.0608325517567364,-0.869702411126245,-0.376839771966581
"servo","uni_loo",76,-0.219433085915812,-0.251963536079517,-1.0093011898957,-0.567280701418719
"servo","uni_loo",77,0.0575651918495465,-0.189504947226619,-0.641897530073048,-0.313861235115817
"servo","uni_loo",78,-0.260039224694507,0.0257234293525386,-0.797620865916971,-0.374813665615592
"servo","uni_loo",79,-0.168800632112648,-0.16038159477101,-0.772829799105371,-0.370473096825791
"servo","uni_loo",80,-0.160054932555147,-0.216969908026131,-1.00991006857143,-0.398893891747739
"servo","uni_loo",81,-0.0598955658276391,-0.145427933300512,-0.664769893394051,-0.314008524161034
"servo","uni_loo",82,-0.243094448997521,-0.0693655206464176,-0.849038348622576,-0.406448228967235
"servo","uni_loo",83,-0.215075465660267,-0.265038786196155,-0.87131837953872,-0.297733163245016
"servo","uni_loo",84,-0.141364268328422,-0.336767696351281,-1.10099117116958,-0.549207563587882
"servo","uni_loo",85,-0.225130302118205,0.000874730761683592,-0.933681319549277,-0.385045853221186
"servo","uni_loo",86,0.0225139145259694,-0.236649142583026,-0.782140803818813,-0.33790452218984
"servo","uni_loo",87,-0.35177303537037,-0.241200494358205,-0.899820625444391,-0.508762414536625
"servo","uni_loo",88,-0.0653805892735221,-0.130519223988033,-0.923049614240365,-0.433089949820665
"servo","uni_loo",89,-0.12019203852392,-0.0140621833949371,-0.781983131634986,-0.322031001833008
"servo","uni_loo",90,-0.185064390996639,-0.187171372909062,-0.938576771749669,-0.449051123944496
"servo","uni_loo",91,-0.268550281455696,-0.0417237005266445,-0.960035563813243,-0.341765909832982
"servo","uni_loo",92,-0.370347717375776,-0.103930593116124,-0.988652156670985,-0.360219805545958
"servo","uni_loo",93,-0.0384095155734391,-0.2813980710068,-1.01681749504746,-0.421268435890711
"servo","uni_loo",94,-0.183918014425937,-0.132161664668848,-0.943950669675791,-0.379592941892888
"servo","uni_loo",95,-0.0414448082909522,-0.243455933441363,-0.881049564395305,-0.446123316362605
"servo","uni_loo",96,-0.0157244839976204,-0.124525887889151,-0.716889898032057,-0.305908682000808
"servo","uni_loo",97,-0.0994999351086795,-0.199593282256967,-0.96124047538633,-0.542031817643767
"servo","uni_loo",98,-0.35232687263955,-0.211189135134376,-0.945175272931904,-0.468755072095714
"servo","uni_loo",99,-0.221430500772623,-0.0108312366268009,-0.969613791495459,-0.430975626709302
"servo","uni_loo",100,-0.105406789539049,-0.145647722244265,-1.00560134083307,-0.411887822725301
"servo","unilasso_loo_true",1,0,0,-0.818976407514548,0
"servo","unilasso_loo_true",2,0,0,-0.690243873213841,0
"servo","unilasso_loo_true",3,-0.18663222377218,-0.0965094392819795,-0.718359278197767,0
"servo","unilasso_loo_true",4,-0.15422882539691,0,-0.966232632776519,0
"servo","unilasso_loo_true",5,-0.205853921549752,-0.207129483282929,-1.00146689388897,0
"servo","unilasso_loo_true",6,-0.189579317079902,0,-0.936392772205334,0
"servo","unilasso_loo_true",7,0,0,-0.610653530663758,0
"servo","unilasso_loo_true",8,-0.347941625835963,0,-1.00087043404049,0
"servo","unilasso_loo_true",9,0,-0.225265738384302,-0.907493312312716,0
"servo","unilasso_loo_true",10,0,0,-0.958347526098684,0
"servo","unilasso_loo_true",11,0,-0.176237204771494,-0.878264430694896,0
"servo","unilasso_loo_true",12,-0.14581824629333,0,-1.03847900491384,0
"servo","unilasso_loo_true",13,-0.164331807911168,0,-0.892898677356483,0
"servo","unilasso_loo_true",14,0,-0.211230240079561,-0.957673405586964,0
"servo","unilasso_loo_true",15,0,0,-0.850100382095189,0
"servo","unilasso_loo_true",16,0,-0.192534780022816,-1.10089657571945,0
"servo","unilasso_loo_true",17,-0.225191935713814,-0.200941897316842,-0.769627576243151,0
"servo","unilasso_loo_true",18,-0.162706333552903,0,-0.944481681776923,0
"servo","unilasso_loo_true",19,-0.195695370007769,0,-0.849251331163245,0
"servo","unilasso_loo_true",20,0,-0.213130027762598,-0.883583471275613,0
"servo","unilasso_loo_true",21,0,0,-0.741699825390963,0
"servo","unilasso_loo_true",22,0,0,-0.838740164569145,0
"servo","unilasso_loo_true",23,0,-0.206290499405835,-0.848015052102083,0
"servo","unilasso_loo_true",24,-0.272906742450365,-0.174101454091803,-1.07591376608075,0
"servo","unilasso_loo_true",25,0,-0.145206331830381,-0.778156072995151,0
"servo","unilasso_loo_true",26,0,-0.199735793853251,-0.791735436768444,0
"servo","unilasso_loo_true",27,-0.101765159203679,0,-0.786559523940666,0
"servo","unilasso_loo_true",28,0,0,-0.944936483437758,0
"servo","unilasso_loo_true",29,0,0,-0.949631799026421,0
"servo","unilasso_loo_true",30,0,-0.161759650749247,-0.860524673852159,0
"servo","unilasso_loo_true",31,-0.297710475293119,0,-0.880410583219863,0
"servo","unilasso_loo_true",32,-0.100516923777797,0,-0.94481959540057,0
"servo","unilasso_loo_true",33,0,0,-0.886093354834109,0
"servo","unilasso_loo_true",34,0,0,-0.642066029830993,0
"servo","unilasso_loo_true",35,0,0,-0.643266601922186,0
"servo","unilasso_loo_true",36,0,0,-0.576681471899583,0
"servo","unilasso_loo_true",37,0,0,-0.704125702925784,0
"servo","unilasso_loo_true",38,0,0,-0.682921920927626,0
"servo","unilasso_loo_true",39,-0.171690173347436,-0.214780553973794,-0.971008393586534,0
"servo","unilasso_loo_true",40,-0.222084192815563,0,-0.903875213146294,0
"servo","unilasso_loo_true",41,-0.164730144125842,-0.0875095193780638,-0.962579370379607,0
"servo","unilasso_loo_true",42,-0.208026250315693,0,-0.881601968925079,0
"servo","unilasso_loo_true",43,-0.172642353830494,0,-0.996034483976956,0
"servo","unilasso_loo_true",44,0,0,-0.747144099703341,0
"servo","unilasso_loo_true",45,0,0,-0.738022906899045,0
"servo","unilasso_loo_true",46,0,0,-0.871117911342621,0
"servo","unilasso_loo_true",47,-0.16625062633352,0,-0.837290700010963,0
"servo","unilasso_loo_true",48,-0.313655791111335,0,-0.968614241764353,0
"servo","unilasso_loo_true",49,-0.0876418352171309,-0.272468773721725,-0.966221070979338,0
"servo","unilasso_loo_true",50,-0.204624154829136,-0.11403139863133,-0.899686099924463,0
"servo","unilasso_loo_true",51,0,0,-0.687186541322755,0
"servo","unilasso_loo_true",52,0,0,-0.85113646341969,0
"servo","unilasso_loo_true",53,-0.239159939733756,0,-0.827754824871683,0
"servo","unilasso_loo_true",54,0,-0.184366711924345,-0.875871751456573,0
"servo","unilasso_loo_true",55,-0.226565763937015,0,-0.684992401462686,0
"servo","unilasso_loo_true",56,0,0,-0.742823338236229,0
"servo","unilasso_loo_true",57,0,-0.247893528316637,-0.937408451916832,0
"servo","unilasso_loo_true",58,-0.32961437174048,0,-0.909480513722309,0
"servo","unilasso_loo_true",59,-0.143474273204634,0,-0.684305675469152,0
"servo","unilasso_loo_true",60,0,-0.17199189089785,-1.13052532145215,0
"servo","unilasso_loo_true",61,0,-0.234280822913291,-0.883534336628706,0
"servo","unilasso_loo_true",62,-0.207848550262684,0,-0.920154874195446,0
"servo","unilasso_loo_true",63,-0.149027530387056,-0.0273136451106983,-0.823478802300741,0
"servo","unilasso_loo_true",64,0,0,-0.833047098701996,0
"servo","unilasso_loo_true",65,-0.146781830876012,-0.192025823081258,-0.965842810642447,0
"servo","unilasso_loo_true",66,-0.193206557820453,0,-0.959585913131849,0
"servo","unilasso_loo_true",67,-0.178197972232153,0,-0.867635437725088,0
"servo","unilasso_loo_true",68,0,0,-0.763105687459675,0
"servo","unilasso_loo_true",69,0,0,-0.741533203802131,0
"servo","unilasso_loo_true",70,0,0,-0.907583040193206,0
"servo","unilasso_loo_true",71,-0.217140704541463,-0.167030867442558,-1.05680463048864,0
"servo","unilasso_loo_true",72,-0.326578364606566,0,-0.784397183676596,0
"servo","unilasso_loo_true",73,0,0,-1.03365518546618,0
"servo","unilasso_loo_true",74,-0.122683287556583,0,-0.918425200049605,0
"servo","unilasso_loo_true",75,0,0,-0.72970626763392,0
"servo","unilasso_loo_true",76,-0.147826485840312,-0.241315654459123,-1.03741587856779,0
"servo","unilasso_loo_true",77,0,-0.157666741292746,-0.631698039998033,0
"servo","unilasso_loo_true",78,-0.25882234736884,0,-0.798835103544468,0
"servo","unilasso_loo_true",79,0,0,-0.631637832971115,0
"servo","unilasso_loo_true",80,0,0,-0.804463598235964,0
"servo","unilasso_loo_true",81,0,-0.102155450882586,-0.627349417722601,0
"servo","unilasso_loo_true",82,-0.104310519234082,0,-0.793848212447096,0
"servo","unilasso_loo_true",83,-0.166107497749326,-0.245280265420969,-0.888482545738581,0
"servo","unilasso_loo_true",84,0,-0.265837021275937,-1.06977290154072,0
"servo","unilasso_loo_true",85,-0.170416141446558,0,-0.898183775941408,0
"servo","unilasso_loo_true",86,0,-0.133299823930769,-0.737295631350005,0
"servo","unilasso_loo_true",87,-0.294551223208746,-0.175322393562679,-0.914838833754036,0
"servo","unilasso_loo_true",88,0,0,-0.851239549086775,0
"servo","unilasso_loo_true",89,0,0,-0.71191046361032,0
"servo","unilasso_loo_true",90,0,-0.084255755069384,-0.880966313897885,0
"servo","unilasso_loo_true",91,0,0,-0.747690920136673,0
"servo","unilasso_loo_true",92,-0.301042649487286,0,-0.932814840393796,0
"servo","unilasso_loo_true",93,0,-0.254556317220133,-1.00830245952245,0
"servo","unilasso_loo_true",94,0,0,-0.772867319725788,0
"servo","unilasso_loo_true",95,0,-0.263414667573209,-0.906642756546178,0
"servo","unilasso_loo_true",96,0,0,-0.619776626811408,0
"servo","unilasso_loo_true",97,0,-0.147586492226006,-0.955933275350609,0
"servo","unilasso_loo_true",98,-0.199825221369782,0,-0.851795586798131,0
"servo","unilasso_loo_true",99,0,0,-0.868419109713629,0
"servo","unilasso_loo_true",100,0,0,-0.908160844941271,0
"servo","unilasso_loo_false",1,-0.130303004266521,-0.205273310489671,-0.934617851378311,0
"servo","unilasso_loo_false",2,-0.184770705495504,-0.186382893247989,-0.878826664084019,0
"servo","unilasso_loo_false",3,-0.237918804648141,-0.16796051986327,-0.754732149896348,0
"servo","unilasso_loo_false",4,-0.239674578756753,-0.159036428543303,-1.01191283637892,0
"servo","unilasso_loo_false",5,-0.283060074844686,-0.317048244443091,-1.02832865775209,0
"servo","unilasso_loo_false",6,-0.256597550423116,-0.193331357963704,-1.02183574382958,0
"servo","unilasso_loo_false",7,-0.135889179998691,-0.201775151464968,-0.756264183720559,0
"servo","unilasso_loo_false",8,-0.377887913972319,-0.123855929815102,-1.03772285486911,0
"servo","unilasso_loo_false",9,-0.213883132990174,-0.336544186324196,-0.991678639495916,0
"servo","unilasso_loo_false",10,0,0,-0.968972349816538,0
"servo","unilasso_loo_false",11,-0.150190779733891,-0.297535141432015,-0.937657939143719,0
"servo","unilasso_loo_false",12,-0.315495642107564,-0.237542265289773,-1.12511458970362,0
"servo","unilasso_loo_false",13,-0.288015685128114,-0.175323349770176,-0.969715915897124,0
"servo","unilasso_loo_false",14,-0.118247555758036,-0.343234416218728,-1.02074491626723,0
"servo","unilasso_loo_false",15,0,-0.199096445139123,-0.964740733588162,0
"servo","unilasso_loo_false",16,0,-0.198821169080637,-1.09967770473112,0
"servo","unilasso_loo_false",17,-0.278031959471327,-0.273747912990039,-0.792073378990924,0
"servo","unilasso_loo_false",18,-0.229994350926097,-0.174879864661031,-1.02045771149751,0
"servo","unilasso_loo_false",19,-0.26859972943323,-0.149652175022837,-0.88576793894666,0
"servo","unilasso_loo_false",20,-0.15576799653041,-0.298035335315326,-0.95924548722006,0
"servo","unilasso_loo_false",21,-0.236749626479633,-0.186576294371074,-0.935943558355892,0
"servo","unilasso_loo_false",22,-0.176937137947333,-0.195146541235695,-0.985718680201929,0
"servo","unilasso_loo_false",23,-0.190440390136498,-0.302457459550794,-0.953245638889941,0
"servo","unilasso_loo_false",24,-0.332305520289859,-0.28171696056829,-1.08823941951267,0
"servo","unilasso_loo_false",25,-0.122018356184196,-0.276887413438305,-0.848516675894594,0
"servo","unilasso_loo_false",26,0,-0.248834742905565,-0.823823713376784,0
"servo","unilasso_loo_false",27,-0.228771218771797,-0.156173700606318,-0.890664381083885,0
"servo","unilasso_loo_false",28,-0.187391806334163,-0.303161603728354,-1.10530294430935,0
"servo","unilasso_loo_false",29,-0.151591466710674,-0.271713881152092,-1.10353117578004,0
"servo","unilasso_loo_false",30,0,-0.236069046780782,-0.891189786555287,0
"servo","unilasso_loo_false",31,-0.360316089180495,-0.122878894132072,-0.93703168063619,0
"servo","unilasso_loo_false",32,-0.261605523758495,-0.194736722694933,-1.02434970878161,0
"servo","unilasso_loo_false",33,-0.205115805016104,-0.236588089426093,-1.0175973581186,0
"servo","unilasso_loo_false",34,0,0,-0.661804689213874,0
"servo","unilasso_loo_false",35,-0.233529602714614,-0.285268832917029,-0.907268937278654,0
"servo","unilasso_loo_false",36,-0.200152157940448,-0.229184627073036,-0.798338947582859,0
"servo","unilasso_loo_false",37,0,0,-0.720017812552755,0
"servo","unilasso_loo_false",38,-0.214108083401625,0,-0.863217872315765,0
"servo","unilasso_loo_false",39,-0.248221939940917,-0.287273204403349,-0.984581117413803,0
"servo","unilasso_loo_false",40,-0.277198213950129,-0.178295532698715,-0.970135255993933,0
"servo","unilasso_loo_false",41,-0.231008678764121,-0.211612125922181,-0.980914536908714,0
"servo","unilasso_loo_false",42,-0.242664868205823,0,-0.894086794331233,0
"servo","unilasso_loo_false",43,-0.336025982805552,-0.270968230089015,-1.12552418530225,0
"servo","unilasso_loo_false",44,-0.243568802022495,-0.265984841246557,-0.993199815415255,0
"servo","unilasso_loo_false",45,0,0,-0.75979694338137,0
"servo","unilasso_loo_false",46,-0.141359370321963,-0.265366076190746,-1.02769131364833,0
"servo","unilasso_loo_false",47,-0.221867405539852,-0.157186519551188,-0.899822886291703,0
"servo","unilasso_loo_false",48,-0.416459969052063,-0.259160133575453,-1.08257325137368,0
"servo","unilasso_loo_false",49,-0.165553506480257,-0.347510429070918,-0.985552812236981,0
"servo","unilasso_loo_false",50,-0.254621887857048,-0.200296818907842,-0.914442365697954,0
"servo","unilasso_loo_false",51,-0.159786504052163,-0.209409887419673,-0.82989685923934,0
"servo","unilasso_loo_false",52,-0.251412520045113,-0.170065630574314,-1.0351732722858,0
"servo","unilasso_loo_false",53,-0.288650026993044,0,-0.85187130573798,0
"servo","unilasso_loo_false",54,-0.136310085415273,-0.296438986460109,-0.933967839497495,0
"servo","unilasso_loo_false",55,-0.275358359662426,0,-0.714009720845911,0
"servo","unilasso_loo_false",56,-0.284231565236404,-0.200899804000567,-0.992504760518183,0
"servo","unilasso_loo_false",57,-0.231927194495758,-0.397992796149557,-1.07456627074957,0
"servo","unilasso_loo_false",58,-0.370409086644762,-0.124719059193955,-0.946649863314377,0
"servo","unilasso_loo_false",59,-0.19655971967337,0,-0.712200898395447,0
"servo","unilasso_loo_false",60,-0.200978264928397,-0.315686573045114,-1.2244621529908,0
"servo","unilasso_loo_false",61,-0.15206683119452,-0.313720051433096,-0.953901438108066,0
"servo","unilasso_loo_false",62,-0.262732676323229,-0.218951321929804,-1.02968288149479,0
"servo","unilasso_loo_false",63,-0.250104254045035,-0.189319648992124,-0.881420289684539,0
"servo","unilasso_loo_false",64,-0.213820796623414,-0.215356862024302,-1.00749673802934,0
"servo","unilasso_loo_false",65,-0.213890856573044,-0.292675105568121,-0.984349428679512,0
"servo","unilasso_loo_false",66,-0.298969695602184,-0.288595396839259,-1.10570112823055,0
"servo","unilasso_loo_false",67,-0.277456771250044,-0.14175763629591,-0.926565739277512,0
"servo","unilasso_loo_false",68,0,0,-0.782363165354305,0
"servo","unilasso_loo_false",69,-0.201207441004074,-0.14555098736474,-0.885490759999776,0
"servo","unilasso_loo_false",70,-0.267396502228433,-0.162079007103446,-1.16092496843154,0
"servo","unilasso_loo_false",71,-0.302417772525977,-0.335096634132185,-1.1005932893099,0
"servo","unilasso_loo_false",72,-0.363419294304119,-0.125547685274293,-0.814217389099625,0
"servo","unilasso_loo_false",73,-0.165701909984654,0,-1.1452951431044,0
"servo","unilasso_loo_false",74,-0.320730911208656,-0.271821339632016,-1.07369704606773,0
"servo","unilasso_loo_false",75,-0.231566120655111,-0.154734717020227,-0.923836014155928,0
"servo","unilasso_loo_false",76,-0.243847305872562,-0.308512140473206,-1.04972143475993,0
"servo","unilasso_loo_false",77,0,-0.274485794575463,-0.694310599282957,0
"servo","unilasso_loo_false",78,-0.296747880260046,0,-0.826420507880292,0
"servo","unilasso_loo_false",79,-0.150290328266111,-0.256486927991605,-0.826632805513394,0
"servo","unilasso_loo_false",80,-0.136292863124782,-0.310523369137604,-1.08759876492119,0
"servo","unilasso_loo_false",81,-0.140373047117311,-0.209051084770216,-0.745642983570206,0
"servo","unilasso_loo_false",82,-0.137852514838171,0,-0.802025478430556,0
"servo","unilasso_loo_false",83,-0.216406566344283,-0.283572831555457,-0.911124897437042,0
"servo","unilasso_loo_false",84,-0.208770116878891,-0.379330535383082,-1.11270633747016,0
"servo","unilasso_loo_false",85,-0.229210198196116,0,-0.935631029201445,0
"servo","unilasso_loo_false",86,0,-0.243716833762106,-0.78571508375657,0
"servo","unilasso_loo_false",87,-0.333511451982918,-0.225638272239656,-0.917433336672169,0
"servo","unilasso_loo_false",88,0,-0.102647521491535,-0.911880341905694,0
"servo","unilasso_loo_false",89,0,0,-0.724188932026784,0
"servo","unilasso_loo_false",90,-0.190558116567063,-0.339853898242753,-1.03871750633921,0
"servo","unilasso_loo_false",91,-0.229595099944195,-0.154795362104418,-0.967257429699167,0
"servo","unilasso_loo_false",92,-0.311325165953318,0,-0.943496921665136,0
"servo","unilasso_loo_false",93,-0.158042605104363,-0.335457451800868,-1.07942500401498,0
"servo","unilasso_loo_false",94,-0.24005022930984,-0.193022144684394,-1.00966444759293,0
"servo","unilasso_loo_false",95,0,-0.30542099774298,-0.923464217144254,0
"servo","unilasso_loo_false",96,0,-0.185215557778388,-0.751569260903621,0
"servo","unilasso_loo_false",97,-0.207773921274349,-0.28442135719188,-1.02461645397207,0
"servo","unilasso_loo_false",98,-0.330090785805005,-0.195300503295511,-0.91765070084326,0
"servo","unilasso_loo_false",99,-0.156189017302456,-0.198853975818576,-1.00660688556832,0
"servo","unilasso_loo_false",100,-0.114545007194344,-0.248433711583594,-1.04714365874211,0
"servo","polish_unilasso",1,-0.168889906228267,-0.239068809630017,-1.16838946708548,0.22872419098491
"servo","polish_unilasso",2,-0.238352619912163,-0.226892180602747,-1.67344771535717,0.655256977560439
"servo","polish_unilasso",3,-0.286182661907576,-0.201319971783727,-1.44183791593335,0.543647755789806
"servo","polish_unilasso",4,-0.275854041914004,-0.205352894324352,-1.48975289840606,0.481903022235265
"servo","polish_unilasso",5,-0.274152383719835,-0.361068930809902,-1.64948398649135,0.529732399921865
"servo","polish_unilasso",6,-0.265973372521481,-0.22522824841822,-1.346435762575,0.330271218002454
"servo","polish_unilasso",7,-0.153028782903058,-0.219207693475611,-1.02795115641506,0.305131810251366
"servo","polish_unilasso",8,-0.373431936095112,-0.188497675743018,-1.83289329286357,0.674001593820285
"servo","polish_unilasso",9,-0.255227163880975,-0.402723323598118,-1.81554487339232,0.682958531912589
"servo","polish_unilasso",10,-0.191057467436113,-0.20586365433974,-1.53941670492235,0.47765596485952
"servo","polish_unilasso",11,-0.163912065363933,-0.334352533515273,-1.57962071481501,0.587051284394358
"servo","polish_unilasso",12,-0.342822036431176,-0.302636308103026,-1.92960585721593,0.727168240243194
"servo","polish_unilasso",13,-0.164331807911168,0,-0.892898677356483,0
"servo","polish_unilasso",14,-0.16523647204513,-0.384105726224756,-1.53265911552865,0.494248305339391
"servo","polish_unilasso",15,-0.0883260823925801,-0.279690396176646,-1.63816122526578,0.594529764695917
"servo","polish_unilasso",16,-0.165778268442962,-0.300510801200069,-1.55643805842683,0.390970052320658
"servo","polish_unilasso",17,-0.225191935713814,-0.200941897316842,-0.769627576243151,0
"servo","polish_unilasso",18,-0.208488587732214,-0.225264556713949,-1.68608423855059,0.568742636800728
"servo","polish_unilasso",19,-0.281722523169643,-0.183547644639319,-1.58701997863488,0.584480942066888
"servo","polish_unilasso",20,-0.136736001756347,-0.341256863028616,-1.39744567648459,0.467377845553057
"servo","polish_unilasso",21,-0.269297708774699,-0.248676848077465,-1.3649503537037,0.407997632016875
"servo","polish_unilasso",22,-0.214796407859857,-0.204077764944885,-1.6226688083482,0.584526549641127
"servo","polish_unilasso",23,-0.191134049639699,-0.341799313828657,-1.42535304805415,0.437131863188452
"servo","polish_unilasso",24,-0.325338363175122,-0.32401803962362,-1.52333123052153,0.404521115223132
"servo","polish_unilasso",25,-0.136622486593018,-0.266769140913817,-1.625938344518,0.700211012497141
"servo","polish_unilasso",26,0,-0.199735793853251,-0.791735436768444,0
"servo","polish_unilasso",27,-0.227470969705875,-0.172477994221579,-1.1982122516042,0.300082906711231
"servo","polish_unilasso",28,-0.200864348186476,-0.348552929254684,-1.40865935710146,0.309770004033802
"servo","polish_unilasso",29,-0.184937631099224,-0.31888250473304,-1.4727308952741,0.387049380040102
"servo","polish_unilasso",30,-0.101007269954854,-0.340125040922513,-1.62167355818967,0.631642258468843
"servo","polish_unilasso",31,-0.297710475293119,0,-0.880410583219863,0
"servo","polish_unilasso",32,-0.310504462879247,-0.208139775160453,-1.76304867113231,0.627471257036597
"servo","polish_unilasso",33,-0.235045296437092,-0.324364963109904,-1.6021252158062,0.546605858399224
"servo","polish_unilasso",34,-0.184489955892569,-0.175420216754395,-1.23995830611122,0.417760049791569
"servo","polish_unilasso",35,-0.262291714267298,-0.30593962691313,-1.45588693733976,0.476791017177251
"servo","polish_unilasso",36,-0.218149088864308,-0.262681239819551,-1.55244000761022,0.595924194057528
"servo","polish_unilasso",37,-0.184100151002252,-0.19512038332283,-1.28861333461709,0.405042450577935
"servo","polish_unilasso",38,-0.253753204414948,-0.161349136508124,-1.58001205526305,0.588003111569363
"servo","polish_unilasso",39,-0.261567954515456,-0.31506711518221,-1.43030313921004,0.4420533870709
"servo","polish_unilasso",40,-0.274096018237309,-0.172512892547542,-1.42542956713629,0.429300693279098
"servo","polish_unilasso",41,-0.251591300174239,-0.27056195703401,-1.67507112549774,0.620290439370621
"servo","polish_unilasso",42,-0.301185632635637,-0.109021112124473,-1.52458976456634,0.533360636600893
"servo","polish_unilasso",43,-0.327247572725878,-0.270683322151826,-1.4661818888298,0.335666517056673
"servo","polish_unilasso",44,-0.254617100770711,-0.321881062186171,-1.76170357360195,0.664272399004688
"servo","polish_unilasso",45,-0.195089882108904,-0.209649353753295,-1.27539918611712,0.366978781138686
"servo","polish_unilasso",46,-0.210094850481328,-0.300785674833409,-1.60547116813881,0.554663325618947
"servo","polish_unilasso",47,-0.252587230464843,-0.17509096504412,-1.19361486734121,0.295263151424662
"servo","polish_unilasso",48,-0.393589208176041,-0.274348779635738,-1.41107365635946,0.343755694935807
"servo","polish_unilasso",49,-0.269602018584018,-0.366142160866194,-2.12350408836888,0.956674032302984
"servo","polish_unilasso",50,-0.264561484497869,-0.268352713689945,-1.45608925022701,0.530596018908856
"servo","polish_unilasso",51,-0.152826308736339,-0.221220104003696,-1.04802072613487,0.22010242692653
"servo","polish_unilasso",52,-0.247171206073483,-0.231765682845908,-1.72969645968359,0.62099938681846
"servo","polish_unilasso",53,-0.327267960614938,-0.109581117995724,-1.5981325469962,0.61222710507529
"servo","polish_unilasso",54,-0.187138868949988,-0.318873161242273,-1.54402680824067,0.556615097414218
"servo","polish_unilasso",55,-0.310304189622092,-0.107767344992297,-1.31212265751883,0.499161133491318
"servo","polish_unilasso",56,-0.322867635791474,-0.264400834197786,-1.67689028784041,0.572240101344205
"servo","polish_unilasso",57,-0.24366317676224,-0.414065253687589,-1.49582543874984,0.366062636415651
"servo","polish_unilasso",58,-0.359553241685003,-0.180617271608505,-1.55053029176301,0.51450382249393
"servo","polish_unilasso",59,-0.143474273204634,0,-0.684305675469152,0
"servo","polish_unilasso",60,0,-0.17199189089785,-1.13052532145215,0
"servo","polish_unilasso",61,-0.179596224305061,-0.362543310457897,-1.3625255172523,0.379733094995935
"servo","polish_unilasso",62,-0.283448414750669,-0.263868475931524,-1.44568188457947,0.402787411107729
"servo","polish_unilasso",63,-0.285958083084122,-0.230304434750791,-1.54539230368214,0.613319208178948
"servo","polish_unilasso",64,-0.208454221511253,-0.231818195592371,-1.45627665912938,0.409536828861262
"servo","polish_unilasso",65,-0.30293212097476,-0.336282483575242,-1.7994416439634,0.752206900035998
"servo","polish_unilasso",66,-0.288440806926276,-0.333481324347683,-1.76278425294566,0.598044607883991
"servo","polish_unilasso",67,-0.290698107269286,-0.187350897481806,-1.20809719571287,0.259951475943039
"servo","polish_unilasso",68,-0.159590243757758,-0.167236968543527,-1.26182032121932,0.377021005485347
"servo","polish_unilasso",69,-0.212094130737753,-0.207709759726965,-1.47375673925268,0.499080182329023
"servo","polish_unilasso",70,-0.255062519544153,-0.200543559931974,-2.06738093899899,0.786976554062919
"servo","polish_unilasso",71,-0.302055604860249,-0.376598841897178,-1.61288533679032,0.477116366335774
"servo","polish_unilasso",72,-0.326578364606566,-0.0809839231139356,-0.784397183676596,0.0297859307484279
"servo","polish_unilasso",73,-0.25692632006402,-0.194160141463831,-2.14489883226275,0.826834414701253
"servo","polish_unilasso",74,-0.32362462069147,-0.32829391430239,-1.77911553114327,0.629147264413748
"servo","polish_unilasso",75,-0.228808542467251,-0.194624595915502,-1.71949553164446,0.637303953108735
"servo","polish_unilasso",76,-0.259577834333063,-0.3384363863502,-1.45933667875262,0.401594967330631
"servo","polish_unilasso",77,0,-0.157666741292746,-0.631698039998033,0
"servo","polish_unilasso",78,-0.298880373476475,-0.105578564944472,-1.56144007956062,0.578122982167743
"servo","polish_unilasso",79,-0.15638658756936,-0.338129775874943,-1.38045338587754,0.448380332341326
"servo","polish_unilasso",80,-0.172604350438185,-0.337727704993671,-1.59754030513493,0.508287840580242
"servo","polish_unilasso",81,-0.155623837204973,-0.23179277585698,-0.987055946493167,0.217420382369481
"servo","polish_unilasso",82,-0.28029395451561,-0.26417350133859,-1.39773140709044,0.483824453481914
"servo","polish_unilasso",83,-0.249643479462354,-0.307834651045308,-1.46720988302759,0.523839246797932
"servo","polish_unilasso",84,-0.220883364358442,-0.388952371906459,-1.64031149664445,0.495435276406853
"servo","polish_unilasso",85,-0.170416141446558,0,-0.898183775941408,0
"servo","polish_unilasso",86,0,-0.133299823930769,-0.737295631350005,0
"servo","polish_unilasso",87,-0.294551223208746,-0.175322393562679,-0.914838833754036,0
"servo","polish_unilasso",88,-0.111304310170907,-0.222761355069987,-1.4684938910851,0.470174370563452
"servo","polish_unilasso",89,-0.155561785539703,-0.17869787528649,-1.33788253247871,0.447776139742017
"servo","polish_unilasso",90,-0.204081303163604,-0.364284960880609,-1.43747437466659,0.378767300305446
"servo","polish_unilasso",91,-0.246912269691088,-0.19543780264889,-1.68578933164495,0.609466071580787
"servo","polish_unilasso",92,-0.353408883161794,-0.139884808513569,-1.61713149811387,0.581861405484394
"servo","polish_unilasso",93,-0.142933261709716,-0.326347776464499,-1.71698567593445,0.572154901915835
"servo","polish_unilasso",94,-0.277115365970643,-0.235253296639677,-1.90610771133897,0.757588174332378
"servo","polish_unilasso",95,0,-0.263414667573209,-0.906642756546178,0
"servo","polish_unilasso",96,-0.129405666806134,-0.238543545898505,-1.05753651731679,0.245747128620669
"servo","polish_unilasso",97,-0.199826039306531,-0.307525873875292,-1.35145760624947,0.337794305371464
"servo","polish_unilasso",98,-0.312715634814772,-0.217227581324562,-1.41369840643277,0.454167961119759
"servo","polish_unilasso",99,-0.189208843653918,-0.228482073722354,-1.74359819153209,0.643026159498153
"servo","polish_unilasso",100,-0.205925178686116,-0.324389522751089,-2.00506819288559,0.835489942319211
"servo","lasso_cv",1,-0.168801657543357,-0.238969986574415,-1.16783163156071,0.22836189775191
"servo","lasso_cv",2,-0.23758376623274,-0.225934657587826,-1.66725531933636,0.651219127883211
"servo","lasso_cv",3,-0.285648471150637,-0.200924646773311,-1.43743555139032,0.540669866275751
"servo","lasso_cv",4,-0.276308713521656,-0.205918195685377,-1.49227266879914,0.483817821615674
"servo","lasso_cv",5,-0.273643853289659,-0.359882454262497,-1.64215071465175,0.524627998579362
"servo","lasso_cv",6,-0.265604266901664,-0.224673658254328,-1.34390558910355,0.328530021814101
"servo","lasso_cv",7,-0.1531992555006,-0.219399552964153,-1.02883551805625,0.305736682361895
"servo","lasso_cv",8,-0.373844686031964,-0.189300787691326,-1.83883000255012,0.678205672514707
"servo","lasso_cv",9,-0.254038220142121,-0.401406759321766,-1.8070998178919,0.67715604224218
"servo","lasso_cv",10,-0.191276549641721,-0.206055215951801,-1.54053059055381,0.478438610846697
"servo","lasso_cv",11,-0.162852042547028,-0.33292687282327,-1.5706837151512,0.580372740772401
"servo","lasso_cv",12,-0.344308444636934,-0.304589021984251,-1.9402523979627,0.734874680907742
"servo","lasso_cv",13,-0.269316953649316,-0.209089876358646,-1.23506209316774,0.242163397907661
"servo","lasso_cv",14,-0.166151014204195,-0.385066096357921,-1.5380237114499,0.498298108524747
"servo","lasso_cv",15,-0.0884980104620389,-0.279893336064862,-1.63933713701784,0.59528611495547
"servo","lasso_cv",16,-0.165913963695608,-0.300645142844216,-1.55727943739193,0.391568199642176
"servo","lasso_cv",17,-0.253166302982605,-0.246186595351759,-0.94233939729887,0.173611012745144
"servo","lasso_cv",18,-0.208716145649674,-0.226102000218499,-1.69129624290904,0.572369702461755
"servo","lasso_cv",19,-0.281201537523098,-0.18282984066857,-1.58048272610881,0.579747280654544
"servo","lasso_cv",20,-0.136140856614275,-0.340468087981392,-1.39394125591382,0.464948987026851
"servo","lasso_cv",21,-0.268473476440102,-0.247677171281718,-1.36026144042809,0.404621693689685
"servo","lasso_cv",22,-0.215358201179026,-0.204496581416992,-1.62631363694968,0.587128881574301
"servo","lasso_cv",23,-0.191450717025858,-0.342349571425405,-1.42888024622663,0.439574975301385
"servo","lasso_cv",24,-0.32481132253849,-0.322935697980418,-1.517679008962,0.4004329649457
"servo","lasso_cv",25,-0.135970172517901,-0.266178090664644,-1.61976285778921,0.695681124443505
"servo","lasso_cv",26,-0.0327271801061709,-0.283924601959684,-1.09019671529628,0.251708967327279
"servo","lasso_cv",27,-0.227948135900362,-0.173044850995096,-1.20246589155226,0.303155247226635
"servo","lasso_cv",28,-0.201108946754958,-0.348925599140401,-1.40995117235459,0.310748792818594
"servo","lasso_cv",29,-0.183526748107076,-0.317104705448856,-1.46471469551365,0.380899881004602
"servo","lasso_cv",30,-0.100249959419457,-0.339221092870169,-1.61704818047532,0.628317892383834
"servo","lasso_cv",31,-0.356573276666166,-0.150731596491617,-1.16259015455919,0.218688022188809
"servo","lasso_cv",32,-0.309511315112258,-0.20743268443021,-1.75585486682488,0.622298182679372
"servo","lasso_cv",33,-0.234127443815885,-0.322881324172278,-1.59641525581656,0.542277111920686
"servo","lasso_cv",34,-0.183571283109007,-0.174221121466276,-1.23508788538248,0.41454670263548
"servo","lasso_cv",35,-0.261262524876249,-0.30502096588866,-1.44925948245012,0.472340112122684
"servo","lasso_cv",36,-0.217440379094363,-0.261747716146626,-1.54603085348059,0.591877905645369
"servo","lasso_cv",37,-0.184065215241347,-0.195097197581621,-1.28853537421476,0.40500115666975
"servo","lasso_cv",38,-0.25314226803363,-0.160282577483001,-1.57339247674944,0.583385573972458
"servo","lasso_cv",39,-0.262176899344948,-0.31575323079433,-1.43442593288808,0.445118182408029
"servo","lasso_cv",40,-0.274552352451302,-0.17312054430921,-1.4305853967435,0.432985187665791
"servo","lasso_cv",41,-0.250855648416413,-0.269360157263948,-1.6677051892932,0.614687939627601
"servo","lasso_cv",42,-0.300013824538704,-0.108031416623612,-1.51694091006649,0.527807954949881
"servo","lasso_cv",43,-0.326955427777833,-0.270282780483579,-1.46374737575821,0.33396835979566
"servo","lasso_cv",44,-0.25617356896342,-0.32421404135191,-1.7776219358867,0.675394215725822
"servo","lasso_cv",45,-0.195705035281271,-0.210436598183402,-1.2795493978347,0.369854096518633
"servo","lasso_cv",46,-0.211607827024473,-0.302138495984049,-1.61308633710695,0.560260614260996
"servo","lasso_cv",47,-0.252733676253609,-0.175201135078812,-1.19420057330477,0.29569555274152
"servo","lasso_cv",48,-0.392633362673189,-0.272637870682573,-1.40336845889975,0.338375815015575
"servo","lasso_cv",49,-0.268578393894316,-0.36539784483049,-2.11572287741887,0.951016136431703
"servo","lasso_cv",50,-0.265236460304569,-0.269436154950607,-1.46060723499094,0.533862434740736
"servo","lasso_cv",51,-0.153533649265531,-0.222384648060856,-1.0547776159471,0.225102240247982
"servo","lasso_cv",52,-0.24654487588496,-0.230608020162603,-1.72265957746198,0.615878960745676
"servo","lasso_cv",53,-0.326251671958767,-0.108652584355049,-1.58982807439813,0.60637610452904
"servo","lasso_cv",54,-0.187153436202202,-0.318907523314981,-1.54414245180134,0.556710312720532
"servo","lasso_cv",55,-0.310162489351229,-0.107588970695939,-1.31116107012502,0.498503068542534
"servo","lasso_cv",56,-0.322180383748476,-0.263625878876098,-1.67103392498176,0.568157409762687
"servo","lasso_cv",57,-0.242645358563432,-0.412797823520964,-1.48529496418365,0.358722309605582
"servo","lasso_cv",58,-0.359205853507937,-0.179333603086046,-1.54036111096685,0.506861366326296
"servo","lasso_cv",59,-0.220298674293896,-0.0943164856674607,-1.0279463597523,0.262861662166042
"servo","lasso_cv",60,-0.207026919344595,-0.323234969042417,-1.49789558590846,0.329535981983059
"servo","lasso_cv",61,-0.178359524629308,-0.361176994373811,-1.35626097353658,0.375474089460264
"servo","lasso_cv",62,-0.284382756291066,-0.265288065983939,-1.45307907378989,0.408009959907598
"servo","lasso_cv",63,-0.285317827107471,-0.22959517441404,-1.54066437675531,0.609726198794917
"servo","lasso_cv",64,-0.208921739305356,-0.232663137955589,-1.46250423303023,0.414079302692108
"servo","lasso_cv",65,-0.301810103680706,-0.33523192789836,-1.7923770448005,0.746827945892397
"servo","lasso_cv",66,-0.287805611267527,-0.332027250234039,-1.75589029698349,0.593411658979129
"servo","lasso_cv",67,-0.290184639408796,-0.186707814331364,-1.20472771517157,0.257571105865783
"servo","lasso_cv",68,-0.159215726940143,-0.166722768458598,-1.25963928480711,0.375464049411495
"servo","lasso_cv",69,-0.211580314613835,-0.206787486759576,-1.46782408645283,0.494871342963764
"servo","lasso_cv",70,-0.254622155024579,-0.199747499532977,-2.06115749227992,0.782655884051673
"servo","lasso_cv",71,-0.300947560446221,-0.374559794656475,-1.60336690424071,0.470486757227074
"servo","lasso_cv",72,-0.363788271754363,-0.14762692585146,-1.05264495609247,0.245941585592266
"servo","lasso_cv",73,-0.256160058924349,-0.19304398884471,-2.13538206716997,0.819939837454288
"servo","lasso_cv",74,-0.322882613550411,-0.327119577188929,-1.7728520956453,0.62483415458381
"servo","lasso_cv",75,-0.228183618922133,-0.193656976188699,-1.71246370565271,0.632645782501094
"servo","lasso_cv",76,-0.259200851080047,-0.33796766132056,-1.45651183096391,0.399420349057247
"servo","lasso_cv",77,-0.0873810990055793,-0.279071787480886,-1.04478108023383,0.293775871989417
"servo","lasso_cv",78,-0.29892972570001,-0.105627932463982,-1.5620724317271,0.578579731968198
"servo","lasso_cv",79,-0.156092374608912,-0.337243446200639,-1.37647272019894,0.445732835864694
"servo","lasso_cv",80,-0.172369350223346,-0.337457632101155,-1.59574070856619,0.506997901190408
"servo","lasso_cv",81,-0.155082266848645,-0.231120890295422,-0.983166683810885,0.214902240451524
"servo","lasso_cv",82,-0.279825730870001,-0.263463978065653,-1.39475666317629,0.48167945722427
"servo","lasso_cv",83,-0.259341319358279,-0.316932445513549,-1.5303450931865,0.566917646650197
"servo","lasso_cv",84,-0.221184521683976,-0.389220074885606,-1.6421952368593,0.49684021316707
"servo","lasso_cv",85,-0.265358705606174,-0.165040771107593,-1.35979887931841,0.366454621406732
"servo","lasso_cv",86,-0.024489159178971,-0.278589986718663,-1.19791744432534,0.367378074096522
"servo","lasso_cv",87,-0.337738381996951,-0.266950979895746,-1.16548685451689,0.238613825989397
"servo","lasso_cv",88,-0.110954087856763,-0.222336039638861,-1.46598884410185,0.468367588345944
"servo","lasso_cv",89,-0.154480903692983,-0.177071132704212,-1.32969001279252,0.442346884417525
"servo","lasso_cv",90,-0.204277606390579,-0.364567169570975,-1.43886217177385,0.37976640870995
"servo","lasso_cv",91,-0.24634732056072,-0.194642983122584,-1.68073458063086,0.606136081072918
"servo","lasso_cv",92,-0.355411506596582,-0.142970044333297,-1.6366227741545,0.595574364693619
"servo","lasso_cv",93,-0.147661445367107,-0.330926871018443,-1.7639467511155,0.604342329939087
"servo","lasso_cv",94,-0.277543265859132,-0.235659180549382,-1.90981150471658,0.760147099388495
"servo","lasso_cv",95,-0.175279015208955,-0.366359916011198,-1.35125439836588,0.360324679596344
"servo","lasso_cv",96,-0.129243704669439,-0.238296542086139,-1.05630445565417,0.244949050952402
"servo","lasso_cv",97,-0.199525180168523,-0.307136308335325,-1.34959726093729,0.336370936209883
"servo","lasso_cv",98,-0.313027469873021,-0.217803651304741,-1.41743786940908,0.45697977215694
"servo","lasso_cv",99,-0.188217213925327,-0.227274023043876,-1.73586055116764,0.637608553449353
"servo","lasso_cv",100,-0.204887530251632,-0.323215430050485,-1.99825803716478,0.830616589201358
"servo","unireg",1,0,0,-0.823284915917156,0
"servo","unireg",2,0,0,-0.690243873213841,0
"servo","unireg",3,-0.18663222377218,-0.0965094392819795,-0.718359278197767,0
"servo","unireg",4,-0.15422882539691,0,-0.966232632776519,0
"servo","unireg",5,-0.205184546387072,-0.206255297196626,-1.00078154098905,0
"servo","unireg",6,-0.189579317079903,0,-0.936392772205334,0
"servo","unireg",7,0,0,-0.610653530663758,0
"servo","unireg",8,-0.347941625835963,0,-1.00087043404049,0
"servo","unireg",9,0,-0.225265738384302,-0.907493312312716,0
"servo","unireg",10,0,0,-0.958347526098684,0
"servo","unireg",11,0,-0.177761958919386,-0.879294887083584,0
"servo","unireg",12,-0.145818246293329,0,-1.03847900491384,0
"servo","unireg",13,-0.164331807911168,0,-0.892898677356483,0
"servo","unireg",14,0,-0.211230240079561,-0.957673405586964,0
"servo","unireg",15,0,0,-0.850100382095189,0
"servo","unireg",16,0,-0.192534780022816,-1.10089657571945,0
"servo","unireg",17,-0.225331935699836,-0.201091831539876,-0.769765324341605,0
"servo","unireg",18,-0.162706333552903,0,-0.944481681776923,0
"servo","unireg",19,-0.195695370007769,0,-0.849251331163245,0
"servo","unireg",20,0,-0.213130027762598,-0.883583471275613,0
"servo","unireg",21,0,0,-0.741699825390963,0
"servo","unireg",22,0,0,-0.838740164569145,0
"servo","unireg",23,0,-0.206290499405835,-0.848015052102083,0
"servo","unireg",24,-0.272906742450365,-0.174101454091803,-1.07591376608075,0
"servo","unireg",25,0,-0.15033622387213,-0.781434957619198,0
"servo","unireg",26,0,-0.199735793853251,-0.791735436768444,0
"servo","unireg",27,-0.101765159203679,0,-0.786559523940666,0
"servo","unireg",28,0,0,-0.944936483437758,0
"servo","unireg",29,0,0,-0.949631799026421,0
"servo","unireg",30,0,-0.161759650749247,-0.860524673852159,0
"servo","unireg",31,-0.297710475293119,0,-0.880410583219863,0
"servo","unireg",32,-0.100516923777797,0,-0.94481959540057,0
"servo","unireg",33,0,0,-0.886093354834109,0
"servo","unireg",34,0,0,-0.642066029830993,0
"servo","unireg",35,0,0,-0.643266601922186,0
"servo","unireg",36,0,0,-0.576681471899583,0
"servo","unireg",37,0,0,-0.704125702925784,0
"servo","unireg",38,0,0,-0.682921920927626,0
"servo","unireg",39,-0.171690173347436,-0.214780553973794,-0.971008393586534,0
"servo","unireg",40,-0.222084192815563,0,-0.903875213146294,0
"servo","unireg",41,-0.164938316950001,-0.0878789965762641,-0.962781409029214,0
"servo","unireg",42,-0.208216252175289,0,-0.881710150814001,0
"servo","unireg",43,-0.172642353830494,0,-0.996034483976956,0
"servo","unireg",44,0,0,-0.755115989661589,0
"servo","unireg",45,0,0,-0.738022906899045,0
"servo","unireg",46,0,0,-0.871117911342621,0
"servo","unireg",47,-0.166384618059177,0,-0.837363792943648,0
"servo","unireg",48,-0.313655791111335,0,-0.968614241764353,0
"servo","unireg",49,-0.0878309460730732,-0.272663657392259,-0.966375091111957,0
"servo","unireg",50,-0.204799659900281,-0.114275168882201,-0.899813742971138,0
"servo","unireg",51,0,0,-0.687186541322755,0
"servo","unireg",52,0,0,-0.85113646341969,0
"servo","unireg",53,-0.239312715852646,0,-0.827866126760278,0
"servo","unireg",54,0,-0.184366711924345,-0.875871751456573,0
"servo","unireg",55,-0.226565763937015,0,-0.684992401462686,0
"servo","unireg",56,0,0,-0.742823338236229,0
"servo","unireg",57,0,-0.247893528316637,-0.937408451916832,0
"servo","unireg",58,-0.32961437174048,0,-0.909480513722309,0
"servo","unireg",59,-0.143474273204634,0,-0.684305675469152,0
"servo","unireg",60,0,-0.17199189089785,-1.13052532145215,0
"servo","unireg",61,0,-0.234427575263842,-0.883649668475649,0
"servo","unireg",62,-0.207848550262684,0,-0.920154874195446,0
"servo","unireg",63,-0.149027530387056,-0.0273136451106983,-0.823478802300741,0
"servo","unireg",64,0,0,-0.833047098701996,0
"servo","unireg",65,-0.146781830876012,-0.192025823081258,-0.965842810642447,0
"servo","unireg",66,-0.193206557820453,0,-0.959585913131849,0
"servo","unireg",67,-0.178197972232153,0,-0.867635437725088,0
"servo","unireg",68,0,0,-0.768515872724898,0
"servo","unireg",69,0,0,-0.741533203802131,0
"servo","unireg",70,0,0,-0.907583040193206,0
"servo","unireg",71,-0.217140704541463,-0.167030867442558,-1.05680463048864,0
"servo","unireg",72,-0.326684306408704,0,-0.784479252421298,0
"servo","unireg",73,0,0,-1.03365518546618,0
"servo","unireg",74,-0.122683287556583,0,-0.918425200049605,0
"servo","unireg",75,0,0,-0.73749209913514,0
"servo","unireg",76,-0.148068352408605,-0.241525439182764,-1.03759640829085,0
"servo","unireg",77,0,-0.157666741292746,-0.631698039998032,0
"servo","unireg",78,-0.25882234736884,0,-0.798835103544468,0
"servo","unireg",79,0,0,-0.631637832971115,0
"servo","unireg",80,0,0,-0.804463598235964,0
"servo","unireg",81,0,-0.103632509910083,-0.628594746730906,0
"servo","unireg",82,-0.104310519234082,0,-0.793848212447096,0
"servo","unireg",83,-0.166253997449886,-0.245397211634398,-0.888611749631704,0
"servo","unireg",84,0,-0.265837021275937,-1.06977290154072,0
"servo","unireg",85,-0.170416141446558,0,-0.898183775941408,0
"servo","unireg",86,0,-0.133299823930769,-0.737295631350005,0
"servo","unireg",87,-0.294551223208746,-0.175322393562678,-0.914838833754036,0
"servo","unireg",88,0,0,-0.851239549086775,0
"servo","unireg",89,0,0,-0.71191046361032,0
"servo","unireg",90,0,-0.084255755069384,-0.880966313897885,0
"servo","unireg",91,0,0,-0.747690920136673,0
"servo","unireg",92,-0.301042649487286,0,-0.932814840393796,0
"servo","unireg",93,0,-0.254723708039741,-1.00843167399443,0
"servo","unireg",94,0,0,-0.772867319725788,0
"servo","unireg",95,0,-0.262205093329652,-0.90572163423345,0
"servo","unireg",96,0,0,-0.619776626811408,0
"servo","unireg",97,0,-0.147586492226006,-0.955933275350609,0
"servo","unireg",98,-0.199825221369782,0,-0.851795586798131,0
"servo","unireg",99,0,0,-0.868419109713629,0
"servo","unireg",100,0,0,-0.912087886616525,0
"servo","least_squares",1,-0.189197667843848,-0.260015463090002,-1.27124815393967,0.299519566795814
"servo","least_squares",2,-0.239347993339416,-0.228025075878278,-1.68167542486522,0.660616328307269
"servo","least_squares",3,-0.287022041013448,-0.201953817266522,-1.44951428275205,0.54878515722738
"servo","least_squares",4,-0.288531872920314,-0.222200437641066,-1.56098835828785,0.536390076837405
"servo","least_squares",5,-0.27456545232875,-0.362091047588416,-1.65643347215017,0.534511305759647
"servo","least_squares",6,-0.273493927503767,-0.236060904126539,-1.39812147195409,0.365610589481141
"servo","least_squares",7,-0.166300555708381,-0.235455467403008,-1.09406909196177,0.351210245326485
"servo","least_squares",8,-0.374794246017939,-0.191413243998701,-1.85478053740395,0.689365668551647
"servo","least_squares",9,-0.256256733738253,-0.403899258960087,-1.82355075244415,0.688407796423262
"servo","least_squares",10,-0.205054895886835,-0.21874713249333,-1.60470163826602,0.524401347942407
"servo","least_squares",11,-0.164624962193703,-0.335332951002499,-1.58651820824546,0.592097896943359
"servo","least_squares",12,-0.346538904242882,-0.307568243740103,-1.95676874300725,0.746732648017693
"servo","least_squares",13,-0.272260994772894,-0.221653850733764,-1.29721119291348,0.287618867093683
"servo","least_squares",14,-0.172700450133449,-0.392425375831065,-1.57920211184985,0.528997982289709
"servo","least_squares",15,-0.103011314206939,-0.297243192041532,-1.72429158780853,0.65081873952596
"servo","least_squares",16,-0.177586451511502,-0.311254438988495,-1.63501256593218,0.445555294111742
"servo","least_squares",17,-0.286363938876959,-0.276709086554564,-1.1712404174694,0.325171337839522
"servo","least_squares",18,-0.210370492394871,-0.234348259511253,-1.74101020470878,0.606741472371261
"servo","least_squares",19,-0.282386588674133,-0.184428865436461,-1.59527372326917,0.590431085406554
"servo","least_squares",20,-0.160723171396957,-0.3738432766193,-1.54506089203237,0.569246130514016
"servo","least_squares",21,-0.270313906453988,-0.249911998516054,-1.37078254255283,0.412172136878085
"servo","least_squares",22,-0.226576777610355,-0.213374719274113,-1.69954473451048,0.639095466640178
"servo","least_squares",23,-0.203642174478882,-0.363041123669226,-1.55958945697844,0.529606902438234
"servo","least_squares",24,-0.339077545710371,-0.351022798380761,-1.66424306022544,0.507250263906666
"servo","least_squares",25,-0.137279457822949,-0.267343909446165,-1.63255639911631,0.705013742091537
"servo","least_squares",26,-0.0706456652857727,-0.320558981252992,-1.3260334960871,0.418323444735621
"servo","least_squares",27,-0.240749670204945,-0.188172024424087,-1.31360398609783,0.383113441907575
"servo","least_squares",28,-0.203637470096358,-0.35311684259964,-1.42489123892925,0.321717892785734
"servo","least_squares",29,-0.185795362134459,-0.319985270463425,-1.47779414782776,0.390885086159638
"servo","least_squares",30,-0.102016212564818,-0.341460122624468,-1.62876802467095,0.636620034523778
"servo","least_squares",31,-0.371950552821274,-0.171854282532382,-1.25684738424791,0.2810034123573
"servo","least_squares",32,-0.3116548877086,-0.208921756865303,-1.77185261807481,0.633727379574194
"servo","least_squares",33,-0.236120204357099,-0.326106981069764,-1.60937074390413,0.551979051820724
"servo","least_squares",34,-0.18538697399551,-0.176591788962545,-1.24519777232057,0.421167713903571
"servo","least_squares",35,-0.272138282242208,-0.314769234653348,-1.51860113783862,0.51910263312461
"servo","least_squares",36,-0.219055540885243,-0.263864300582745,-1.56056340258406,0.601031397433383
"servo","least_squares",37,-0.191422376769822,-0.203286148813528,-1.33432241382527,0.436202502318164
"servo","least_squares",38,-0.254475417077389,-0.162616678846395,-1.58796086427976,0.593522918053515
"servo","least_squares",39,-0.281859665389917,-0.338576125708037,-1.57026761320374,0.545689824553634
"servo","least_squares",40,-0.288575826701146,-0.192384434097237,-1.58858558367595,0.545443344952272
"servo","least_squares",41,-0.252365774984728,-0.271813137467718,-1.68337453028109,0.626507029687496
"servo","least_squares",42,-0.30200643593825,-0.109698754375225,-1.53038043536222,0.537486118287456
"servo","least_squares",43,-0.335652270788778,-0.280844944284743,-1.53100815453563,0.381315570925736
"servo","least_squares",44,-0.257659829241046,-0.326505826776394,-1.79371583490181,0.686497257434195
"servo","least_squares",45,-0.199634044899148,-0.21548289220025,-1.30622364036784,0.388317719841572
"servo","least_squares",46,-0.219447609439797,-0.309409661841007,-1.65316870098992,0.589595270636793
"servo","least_squares",47,-0.269406787748748,-0.193057018640136,-1.27569598746918,0.353534953486646
"servo","least_squares",48,-0.408280205126966,-0.300602375316398,-1.53165086638878,0.427784923419188
"servo","least_squares",49,-0.270883610105227,-0.366963094186555,-2.13343852511617,0.963835711781313
"servo","least_squares",50,-0.269106037879404,-0.27570139587586,-1.48686721756173,0.552799449277442
"servo","least_squares",51,-0.169678033919733,-0.249337463182661,-1.21267872888748,0.341469349923317
"servo","least_squares",52,-0.247828196947938,-0.233037712259241,-1.73764368731108,0.626724365320114
"servo","least_squares",53,-0.327905018910625,-0.110155832946836,-1.60411531291238,0.616380050218034
"servo","least_squares",54,-0.196073962715617,-0.32633533373028,-1.59995812233682,0.597883626015994
"servo","least_squares",55,-0.31515451776548,-0.113539492429557,-1.34714558767438,0.523439435711002
"servo","least_squares",56,-0.327332754318213,-0.269417193427455,-1.71464809619985,0.598580344164619
"servo","least_squares",57,-0.244203745105888,-0.414743712664106,-1.50161436153911,0.370071845100913
"servo","least_squares",58,-0.359699580053293,-0.181341757255851,-1.5568063937442,0.519135664571201
"servo","least_squares",59,-0.221349182072583,-0.0966395261904077,-1.03790579305574,0.269937544866318
"servo","least_squares",60,-0.254622380831645,-0.376669354202643,-1.74449657716318,0.502197289105244
"servo","least_squares",61,-0.18045888906035,-0.36352477063858,-1.36726716135273,0.382912065937336
"servo","least_squares",62,-0.298721358246873,-0.287910770803075,-1.56908052684136,0.489681005560509
"servo","least_squares",63,-0.292301539741578,-0.237214641307729,-1.59307206338663,0.649417766712159
"servo","least_squares",64,-0.214751680218728,-0.243499109340253,-1.54382422869585,0.47311469721161
"servo","least_squares",65,-0.304240722031611,-0.33740683777628,-1.80775200866325,0.758433556965123
"servo","least_squares",66,-0.289016153198397,-0.334814867919335,-1.76982503578068,0.602695665232533
"servo","least_squares",67,-0.302330664619216,-0.202329408108943,-1.28927072410999,0.317096997841476
"servo","least_squares",68,-0.179803707541973,-0.192590192629448,-1.37223780426542,0.456517432687686
"servo","least_squares",69,-0.212630532387217,-0.208710839479429,-1.48036309899639,0.503724772781149
"servo","least_squares",70,-0.255791345195783,-0.201945434827987,-2.07864100676096,0.794720971649744
"servo","least_squares",71,-0.302638286639971,-0.377658316486336,-1.61826080006332,0.480815160205332
"servo","least_squares",72,-0.386915923059379,-0.178929621737886,-1.204700936385,0.361689858691078
"servo","least_squares",73,-0.257625895537202,-0.195191028299238,-2.15448224963626,0.833705296433053
"servo","least_squares",74,-0.324459712894616,-0.32963468519241,-1.78671881176738,0.634366385046337
"servo","least_squares",75,-0.229509133008165,-0.195731829296821,-1.72788290188562,0.642812110307644
"servo","least_squares",76,-0.26659479352818,-0.346947681505951,-1.51162657580171,0.442040183673493
"servo","least_squares",77,-0.106025241300038,-0.296757501568334,-1.16056371953931,0.371117287088821
"servo","least_squares",78,-0.300861669271091,-0.108676605165541,-1.59068122635183,0.597964846687087
"servo","least_squares",79,-0.156903873006257,-0.339813026838958,-1.38810720260121,0.453418999826937
"servo","least_squares",80,-0.179329718828932,-0.345539284781934,-1.64936929652454,0.545482562756932
"servo","least_squares",81,-0.164407920735575,-0.242648970252149,-1.0497390541711,0.258043086353202
"servo","least_squares",82,-0.298157467009557,-0.289618909074665,-1.50574393065852,0.562120086582141
"servo","least_squares",83,-0.260994136498111,-0.318483354961705,-1.54127253928371,0.574324847751396
"servo","least_squares",84,-0.241322676397769,-0.407166829030227,-1.77117484948291,0.592344642402325
"servo","least_squares",85,-0.28518054262719,-0.188831132834549,-1.46824907299702,0.438347476853295
"servo","least_squares",86,-0.0416511964558948,-0.297893751009998,-1.30230471663418,0.439268163234907
"servo","least_squares",87,-0.340402547196413,-0.272108251036776,-1.19042290825381,0.257669645140235
"servo","least_squares",88,-0.112470897013323,-0.224150897736035,-1.47746976973958,0.476554349858852
"servo","least_squares",89,-0.176568998843847,-0.209579466928981,-1.4991896516632,0.554577409196046
"servo","least_squares",90,-0.211232622066769,-0.375113339950459,-1.49349192794348,0.418128360114552
"servo","least_squares",91,-0.247683264244389,-0.196584308920553,-1.69331909232536,0.61435356142088
"servo","least_squares",92,-0.358158128376412,-0.14725120424185,-1.66386501241423,0.614683839910397
"servo","least_squares",93,-0.149098089843626,-0.332306545638859,-1.77874355244315,0.614412736214766
"servo","least_squares",94,-0.279267763583272,-0.237308571956722,-1.9255873150562,0.770907155901283
"servo","least_squares",95,-0.178033550974199,-0.368520047741336,-1.36565954516311,0.370622747125153
"servo","least_squares",96,-0.138980088203386,-0.252706736582298,-1.12681652741097,0.290735071771912
"servo","least_squares",97,-0.214017786228786,-0.326084296586946,-1.44221252898257,0.407824233875241
"servo","least_squares",98,-0.32142795684645,-0.233782838369565,-1.52441385164041,0.537096225111548
"servo","least_squares",99,-0.19015079833581,-0.229511556703332,-1.75082338342137,0.648079502538809
"servo","least_squares",100,-0.207234465620135,-0.325806165068446,-2.01392927811974,0.841756813111194
