"dataset","method","split_id","DateTime","Temperature","Humidity","Wind.Speed","general.diffuse.flows","diffuse.flows"
"power_consumption_of_tetouan_city","uni_loo",1,0.108751999965806,536.196012096723,-130.721148119082,490.910281215881,4.97343556945724,4.54964322645571
"power_consumption_of_tetouan_city","uni_loo",2,0.110031267982433,544.383875207895,-133.201647400591,533.283114699541,5.11733359707327,4.64885235717692
"power_consumption_of_tetouan_city","uni_loo",3,0.110732888559101,537.391979683121,-130.432083463617,513.993170563945,5.11022463451748,4.73265901354958
"power_consumption_of_tetouan_city","uni_loo",4,0.111107003299797,542.075367969522,-132.010458738695,511.775005443704,5.01410158705409,4.58327489977533
"power_consumption_of_tetouan_city","uni_loo",5,0.10879843163273,536.912739247116,-132.745840875889,512.564025857419,5.02667226997956,4.35773810799667
"power_consumption_of_tetouan_city","uni_loo",6,0.105121695843437,538.704484390815,-129.919216209817,490.224280078732,5.03690202044407,4.51373015879387
"power_consumption_of_tetouan_city","uni_loo",7,0.107575408988679,539.370774390235,-134.623136945324,490.706409216777,5.14994725393873,4.95373900809665
"power_consumption_of_tetouan_city","uni_loo",8,0.107811431451613,538.090423953515,-133.222351367484,512.635790565697,4.91528410842234,4.55084920238141
"power_consumption_of_tetouan_city","uni_loo",9,0.110076999849633,542.511878978229,-132.24349485522,490.006019928658,5.14283359677705,4.7165438363506
"power_consumption_of_tetouan_city","uni_loo",10,0.109470337883797,543.731115165866,-132.606519329861,505.181708177562,5.16924567197062,4.88110781051116
"power_consumption_of_tetouan_city","uni_loo",11,0.108140372915601,535.9270535614,-131.659695369671,501.315568107586,4.86773904187008,4.39278272855045
"power_consumption_of_tetouan_city","uni_loo",12,0.112419929378118,545.417979287696,-131.206346847925,520.097516904825,5.06308528812657,4.58015462587964
"power_consumption_of_tetouan_city","uni_loo",13,0.107192890766022,531.921196511535,-130.033179729323,491.414671199436,4.98200807537197,4.33826168606139
"power_consumption_of_tetouan_city","uni_loo",14,0.111066510255235,544.997186503534,-132.805968994265,506.213719449069,5.09204184879987,4.50166998444317
"power_consumption_of_tetouan_city","uni_loo",15,0.11271480919258,546.24848834279,-132.669796415744,541.573356555288,4.99074646728733,4.44190001093387
"power_consumption_of_tetouan_city","uni_loo",16,0.111157551418475,541.183369044719,-131.380074172595,506.34368664217,5.19548464610326,4.75466002335589
"power_consumption_of_tetouan_city","uni_loo",17,0.110468958332279,540.615177499427,-133.54523061687,498.813640405309,5.07483552162413,4.48583585253994
"power_consumption_of_tetouan_city","uni_loo",18,0.107488899714002,532.635721624127,-133.067835821356,473.745880805605,5.23069862626493,4.78409894910522
"power_consumption_of_tetouan_city","uni_loo",19,0.110600539269138,542.417015616962,-130.206003460944,523.985995075318,5.10530793755753,4.50345711652089
"power_consumption_of_tetouan_city","uni_loo",20,0.110719889487946,541.746476637139,-131.590227856234,508.924108074083,5.16645148449211,4.64044538677031
"power_consumption_of_tetouan_city","uni_loo",21,0.109228408962892,544.404890749805,-132.819259316754,521.30222859487,4.94897347747759,4.68396094351605
"power_consumption_of_tetouan_city","uni_loo",22,0.108028935641342,537.090985504788,-134.044787699704,508.976054592752,5.21049500581841,4.6370712629623
"power_consumption_of_tetouan_city","uni_loo",23,0.109023215839354,536.894229587547,-131.724622000167,518.276604432245,5.12270806314154,4.69159324548852
"power_consumption_of_tetouan_city","uni_loo",24,0.108584042547419,540.536126998635,-134.010332359892,512.010053690968,4.89602825566143,4.23273435605197
"power_consumption_of_tetouan_city","uni_loo",25,0.109541176013652,547.096937112364,-134.191746393595,518.268730484121,5.02382650391169,4.39292407361177
"power_consumption_of_tetouan_city","uni_loo",26,0.108769937859477,538.359174847586,-132.583227754854,504.613849770219,5.0335285875947,4.62021051071514
"power_consumption_of_tetouan_city","uni_loo",27,0.111229468983704,546.738327121599,-135.693005470868,499.986897388937,5.08609832775914,4.68203988238474
"power_consumption_of_tetouan_city","uni_loo",28,0.111067024418426,544.673693820274,-133.315910399847,507.644957060516,5.19582871632746,4.85479997254672
"power_consumption_of_tetouan_city","uni_loo",29,0.107970072534111,538.397627353133,-132.370742056954,544.333213401313,5.16286372113576,4.78299619331424
"power_consumption_of_tetouan_city","uni_loo",30,0.110172245504106,540.769634468645,-131.805664026236,496.695317716796,5.12161242995873,4.71846485818006
"power_consumption_of_tetouan_city","uni_loo",31,0.108121360893508,539.924803586499,-131.419438579313,507.555736156262,5.05268568878254,4.61763391550273
"power_consumption_of_tetouan_city","uni_loo",32,0.108962811986209,541.623907152383,-130.182260813487,498.798490542949,5.11832489463972,4.57317493653081
"power_consumption_of_tetouan_city","uni_loo",33,0.110368978749614,537.195433339159,-132.773274463519,503.90460013972,5.05719543957288,4.41541041589689
"power_consumption_of_tetouan_city","uni_loo",34,0.109318005445109,540.218488615849,-128.453570651979,497.715857474887,4.94581604383413,4.58477620988363
"power_consumption_of_tetouan_city","uni_loo",35,0.109941638058597,543.184349467899,-128.881766739939,510.865959131552,5.07090787094276,4.60138643009795
"power_consumption_of_tetouan_city","uni_loo",36,0.112379766443091,542.592787578691,-130.886377418397,511.909514110335,5.07830738717202,4.71862203371098
"power_consumption_of_tetouan_city","uni_loo",37,0.112165097829855,542.470669595984,-131.959587647371,516.964809629817,5.105138616607,4.58372999166291
"power_consumption_of_tetouan_city","uni_loo",38,0.108553576800775,542.875374712141,-131.725175819348,489.962487715452,5.06558470022842,4.93163940881148
"power_consumption_of_tetouan_city","uni_loo",39,0.111633372422793,538.946541670995,-130.423527332378,507.738181573773,5.07942513141811,4.62864286046269
"power_consumption_of_tetouan_city","uni_loo",40,0.108310949672369,539.000968571702,-132.008878887003,504.905764948629,5.15535937532904,4.630868459889
"power_consumption_of_tetouan_city","uni_loo",41,0.108631991065438,536.778947007805,-131.483131982652,491.736989886246,4.87232218099576,4.48282700632424
"power_consumption_of_tetouan_city","uni_loo",42,0.107103375704512,536.568514964106,-130.463394851578,499.99089049921,5.06778223182059,4.5390008777657
"power_consumption_of_tetouan_city","uni_loo",43,0.108200310386137,535.990430262633,-132.148814386534,496.437702639638,4.99067579156428,4.49036713868014
"power_consumption_of_tetouan_city","uni_loo",44,0.113730245614606,541.763038507573,-133.319438905499,520.696661725893,5.27676231092078,4.72251419103529
"power_consumption_of_tetouan_city","uni_loo",45,0.105496500155187,531.139010185352,-129.232787774732,483.443167790462,5.00093092060068,4.56384394185394
"power_consumption_of_tetouan_city","uni_loo",46,0.108900124454234,539.920481210379,-131.723799860341,513.081977487555,5.09163761929219,4.80534577642088
"power_consumption_of_tetouan_city","uni_loo",47,0.111518182966821,537.418242358992,-132.566044135572,525.929016017899,4.87466223844268,4.35078093732489
"power_consumption_of_tetouan_city","uni_loo",48,0.1140428870388,542.486793622405,-131.555362017059,502.96957635303,5.13469845383186,4.62872778051806
"power_consumption_of_tetouan_city","uni_loo",49,0.111694889048778,544.994917993779,-135.442382746436,513.8656228779,4.99680659993671,4.53154470386117
"power_consumption_of_tetouan_city","uni_loo",50,0.109888577691242,541.747471570235,-132.537718436163,506.051081925935,5.15339273874138,4.59632099173184
"power_consumption_of_tetouan_city","uni_loo",51,0.108526950808203,537.009897927908,-128.215912793439,510.985216631364,5.02916702613444,4.30504200837866
"power_consumption_of_tetouan_city","uni_loo",52,0.109385052659101,538.221698061866,-130.687417051903,495.18121210531,5.04231636742333,4.44305555679308
"power_consumption_of_tetouan_city","uni_loo",53,0.110404679036174,548.215551344911,-132.323118382707,511.628484574095,5.18337591829401,4.97935967967957
"power_consumption_of_tetouan_city","uni_loo",54,0.112756397874978,547.322856778726,-134.860246007717,534.993127332412,5.11180031281335,4.54289345086747
"power_consumption_of_tetouan_city","uni_loo",55,0.108897300893804,538.748374179702,-132.752783056166,520.328636048849,5.22389552805228,5.02693319086975
"power_consumption_of_tetouan_city","uni_loo",56,0.1110402552923,538.749057021088,-128.057443882994,529.124564613368,5.02537647480883,4.56444230739942
"power_consumption_of_tetouan_city","uni_loo",57,0.11268798032009,554.842408611863,-129.972095030904,548.802637057838,5.07713472450756,4.61361196683895
"power_consumption_of_tetouan_city","uni_loo",58,0.114997395206198,547.231823827499,-131.977693520924,519.773573418217,5.10547984688487,4.68602311113611
"power_consumption_of_tetouan_city","uni_loo",59,0.108391893763479,533.761010823977,-130.346765421316,489.782854767853,4.82810821994901,4.15996230263713
"power_consumption_of_tetouan_city","uni_loo",60,0.106720217675743,535.155032214922,-129.935709598405,498.418310054593,4.9944720313567,4.44656105321531
"power_consumption_of_tetouan_city","uni_loo",61,0.113237010329686,548.364938108583,-134.909069394414,530.170959939784,5.20809680935328,4.96387219041932
"power_consumption_of_tetouan_city","uni_loo",62,0.110301541555168,539.228646124687,-132.067597605149,508.019748284386,5.00129804218797,4.57604259353906
"power_consumption_of_tetouan_city","uni_loo",63,0.107367258077856,533.626861367491,-130.425721449574,488.750991456331,4.97121507854175,4.44379964819286
"power_consumption_of_tetouan_city","uni_loo",64,0.108425951051046,540.808766566685,-130.508864331167,516.949494277992,5.09200630650971,4.43861209704793
"power_consumption_of_tetouan_city","uni_loo",65,0.108297605323896,534.42550684494,-130.338374799656,508.889301254956,5.02714296271508,4.57202716232516
"power_consumption_of_tetouan_city","uni_loo",66,0.1075492553673,543.390756637402,-133.462812814589,498.516451992477,5.10228340009169,4.69105282568951
"power_consumption_of_tetouan_city","uni_loo",67,0.110935530326998,545.140281428017,-134.44403243298,504.27131694713,5.01271442602663,4.4767275703138
"power_consumption_of_tetouan_city","uni_loo",68,0.109032205134977,534.942098672531,-130.315938040226,498.423690769844,5.14439586689856,4.94232177794051
"power_consumption_of_tetouan_city","uni_loo",69,0.110051191923944,537.496189860172,-132.019557399312,495.889793953079,5.15545238307402,4.61966202869326
"power_consumption_of_tetouan_city","uni_loo",70,0.108604815010332,537.082615661323,-131.522991690117,490.088253595061,5.1968096569003,4.9203163426263
"power_consumption_of_tetouan_city","uni_loo",71,0.108611326900491,536.143835645704,-129.980927146502,505.529113932302,4.97824706043361,4.58591931924953
"power_consumption_of_tetouan_city","uni_loo",72,0.109678478146121,540.469161542558,-133.122122471625,495.739530122044,5.07991698418781,4.59720985694516
"power_consumption_of_tetouan_city","uni_loo",73,0.105339484427447,533.656007839979,-130.399671470439,503.077411300547,4.98838156254014,4.36531673719891
"power_consumption_of_tetouan_city","uni_loo",74,0.108990253343553,538.612243875489,-130.928445877831,514.164229182496,5.1162342859419,4.67687147203249
"power_consumption_of_tetouan_city","uni_loo",75,0.108546487155738,546.620079898558,-136.393221067629,520.383830491223,5.35114721861096,4.96929287119406
"power_consumption_of_tetouan_city","uni_loo",76,0.1086991350749,532.761415706057,-127.875114789172,485.414555393446,4.94748899141784,4.51289895970814
"power_consumption_of_tetouan_city","uni_loo",77,0.107589017149908,536.90645245754,-130.56615224013,506.80513104279,5.21422305946381,4.79259700736771
"power_consumption_of_tetouan_city","uni_loo",78,0.109799701030522,548.763081758462,-132.904724758335,524.084933805902,5.18742949733557,4.88073109925199
"power_consumption_of_tetouan_city","uni_loo",79,0.10685723441309,538.629067075707,-134.24310289757,507.694409550854,5.17446909403316,4.71669706408944
"power_consumption_of_tetouan_city","uni_loo",80,0.11280762012547,543.223663867392,-128.394228566799,522.357549859608,5.11410800148484,4.71625967899339
"power_consumption_of_tetouan_city","uni_loo",81,0.109695510321068,544.475770433677,-132.08629753803,491.342488150019,5.02347548928074,4.56143871532089
"power_consumption_of_tetouan_city","uni_loo",82,0.110496638431354,540.810462001987,-130.320196191362,522.237759599892,5.14746457384167,4.69868073020645
"power_consumption_of_tetouan_city","uni_loo",83,0.111321265045858,543.153802247907,-135.893808200975,513.137504345448,5.00468144952236,4.48358010758442
"power_consumption_of_tetouan_city","uni_loo",84,0.107218447463444,539.809945306708,-130.737650925628,509.841377498747,5.03451134323331,4.73348712998651
"power_consumption_of_tetouan_city","uni_loo",85,0.111076740321023,546.097142197109,-131.254181335294,544.540464498281,5.05813547999996,4.55435619763956
"power_consumption_of_tetouan_city","uni_loo",86,0.105995296213449,535.070806745906,-132.765117923564,491.274800461638,5.07835360080253,4.79552477530139
"power_consumption_of_tetouan_city","uni_loo",87,0.109702565510668,541.040049009909,-132.853595564416,502.239450309155,5.11429120983875,4.58681464992298
"power_consumption_of_tetouan_city","uni_loo",88,0.109310561311028,542.088674719885,-129.829252156195,513.959268764601,4.92574869165016,4.30499197217621
"power_consumption_of_tetouan_city","uni_loo",89,0.111012816910109,543.311657415401,-132.904379070751,527.182033573368,4.9939514368398,4.52963784850941
"power_consumption_of_tetouan_city","uni_loo",90,0.106001488915719,535.454045688808,-130.317058930392,497.635383924295,4.98384090242279,4.37370945144438
"power_consumption_of_tetouan_city","uni_loo",91,0.11058537175961,542.371383971806,-133.034216389176,503.214596850784,5.09561264791087,4.49196458239719
"power_consumption_of_tetouan_city","uni_loo",92,0.108513911232232,542.165495279733,-131.538393555343,517.308953431793,5.09897242913564,4.86272966242828
"power_consumption_of_tetouan_city","uni_loo",93,0.113158300385304,544.781134425061,-132.667994187587,522.20849194739,4.99459871245415,4.6612692385857
"power_consumption_of_tetouan_city","uni_loo",94,0.107614060959918,542.673858732296,-132.200609062284,516.773212080186,4.8050767270673,4.24522658385041
"power_consumption_of_tetouan_city","uni_loo",95,0.110713677172156,539.383891312589,-130.225227617133,511.153069011019,5.06726544574546,4.61936260606598
"power_consumption_of_tetouan_city","uni_loo",96,0.110956850775396,538.357342385822,-132.910628574494,496.986314492017,5.07117194931905,4.6797627114407
"power_consumption_of_tetouan_city","uni_loo",97,0.111828826013811,543.905024435094,-132.884041626756,509.360336617121,5.03310181164892,4.6639408931885
"power_consumption_of_tetouan_city","uni_loo",98,0.110495247561656,541.59274845808,-130.911859536587,513.27849382459,4.96746721697849,4.46686879545488
"power_consumption_of_tetouan_city","uni_loo",99,0.115941112899413,549.576647435706,-134.025606274438,532.91445783632,5.15665064092558,4.83268746407923
"power_consumption_of_tetouan_city","uni_loo",100,0.107210645662438,536.834794152056,-131.766512284486,514.510283523125,4.99746481287817,4.52226955847657
"power_consumption_of_tetouan_city","unilasso_loo_true",1,0,475.896825296192,-49.07567881855,0,0,0
"power_consumption_of_tetouan_city","unilasso_loo_true",2,0,482.476443832251,-50.183557345016,0,0,0
"power_consumption_of_tetouan_city","unilasso_loo_true",3,0,479.043330377036,-47.6815852816706,0,0,0
"power_consumption_of_tetouan_city","unilasso_loo_true",4,0,481.753114927749,-49.8264360194685,0,0,0
"power_consumption_of_tetouan_city","unilasso_loo_true",5,0,474.002220367272,-50.3095434589048,0,0,0
"power_consumption_of_tetouan_city","unilasso_loo_true",6,0,479.086867154234,-49.0223074573812,0,0,0
"power_consumption_of_tetouan_city","unilasso_loo_true",7,0,475.457055546266,-50.8104703294606,0,0,0
"power_consumption_of_tetouan_city","unilasso_loo_true",8,0,474.295575338278,-51.5271683898764,0,0,0
"power_consumption_of_tetouan_city","unilasso_loo_true",9,0,481.429768574717,-49.0613844462473,0,0,0
"power_consumption_of_tetouan_city","unilasso_loo_true",10,0,482.303540585948,-50.0182000137816,0,0,0
"power_consumption_of_tetouan_city","unilasso_loo_true",11,0,474.145796027927,-50.2315535362487,0,0,0
"power_consumption_of_tetouan_city","unilasso_loo_true",12,0,486.632604838025,-47.9349324741764,0,0,0
"power_consumption_of_tetouan_city","unilasso_loo_true",13,0,471.305285559812,-49.0201805975564,0,0,0
"power_consumption_of_tetouan_city","unilasso_loo_true",14,0,484.120604872005,-49.8497325015695,0,0,0
"power_consumption_of_tetouan_city","unilasso_loo_true",15,0,485.543216283631,-48.686683747504,0,0,0
"power_consumption_of_tetouan_city","unilasso_loo_true",16,0,481.778079028171,-47.8759592559395,0,0,0
"power_consumption_of_tetouan_city","unilasso_loo_true",17,0,477.87906647995,-50.7688161833171,0,0,0
"power_consumption_of_tetouan_city","unilasso_loo_true",18,0,467.753856359149,-52.8049778543601,0,0,0
"power_consumption_of_tetouan_city","unilasso_loo_true",19,0,485.273976760417,-45.9095792799006,0,0,0
"power_consumption_of_tetouan_city","unilasso_loo_true",20,0,483.428987756295,-47.3828556183116,0,0,0
"power_consumption_of_tetouan_city","unilasso_loo_true",21,0,483.331465935318,-50.0682522753139,0,0,0
"power_consumption_of_tetouan_city","unilasso_loo_true",22,0,473.228589114072,-51.348716260361,0,0,0
"power_consumption_of_tetouan_city","unilasso_loo_true",23,0,474.652620142246,-51.0316740665832,0,0,0
"power_consumption_of_tetouan_city","unilasso_loo_true",24,0,476.24421840926,-52.1691363197883,0,0,0
"power_consumption_of_tetouan_city","unilasso_loo_true",25,0,484.607752436069,-50.8194710685994,0,0,0
"power_consumption_of_tetouan_city","unilasso_loo_true",26,0,476.389599140398,-50.472828924287,0,0,0
"power_consumption_of_tetouan_city","unilasso_loo_true",27,0,481.778105953826,-52.9155553734113,0,0,0
"power_consumption_of_tetouan_city","unilasso_loo_true",28,0,482.255298644403,-50.6130019006516,0,0,0
"power_consumption_of_tetouan_city","unilasso_loo_true",29,0,475.92955181847,-50.4784660932534,0,0,0
"power_consumption_of_tetouan_city","unilasso_loo_true",30,0,479.399206842224,-49.4910077378205,0,0,0
"power_consumption_of_tetouan_city","unilasso_loo_true",31,0,479.10218055229,-49.2424464923021,0,0,0
"power_consumption_of_tetouan_city","unilasso_loo_true",32,0,483.687222884257,-47.5891604784347,0,0,0
"power_consumption_of_tetouan_city","unilasso_loo_true",33,0,474.69688088756,-51.1077693997372,0,0,0
"power_consumption_of_tetouan_city","unilasso_loo_true",34,0,482.938788342507,-47.1208290517785,0,0,0
"power_consumption_of_tetouan_city","unilasso_loo_true",35,0,487.030773328923,-45.7189259873908,0,0,0
"power_consumption_of_tetouan_city","unilasso_loo_true",36,0,485.864465241608,-45.0773675458101,0,0,0
"power_consumption_of_tetouan_city","unilasso_loo_true",37,0,481.131773971602,-50.4279981595555,0,0,0
"power_consumption_of_tetouan_city","unilasso_loo_true",38,0,482.60361682678,-49.5621009521773,0,0,0
"power_consumption_of_tetouan_city","unilasso_loo_true",39,0,480.672107748977,-46.7790907505764,0,0,0
"power_consumption_of_tetouan_city","unilasso_loo_true",40,0,477.185478003018,-50.5020666365315,0,0,0
"power_consumption_of_tetouan_city","unilasso_loo_true",41,0,475.346319560371,-49.6112442765479,0,0,0
"power_consumption_of_tetouan_city","unilasso_loo_true",42,0,478.083740048401,-47.8686077648894,0,0,0
"power_consumption_of_tetouan_city","unilasso_loo_true",43,0,472.379474357266,-51.1592446084429,0,0,0
"power_consumption_of_tetouan_city","unilasso_loo_true",44,0,479.394408736544,-50.0719048294303,0,0,0
"power_consumption_of_tetouan_city","unilasso_loo_true",45,0,471.390571482275,-48.4462654733712,0,0,0
"power_consumption_of_tetouan_city","unilasso_loo_true",46,0,479.845490219824,-48.5347016529095,0,0,0
"power_consumption_of_tetouan_city","unilasso_loo_true",47,0,475.472738082045,-50.3515049472147,0,0,0
"power_consumption_of_tetouan_city","unilasso_loo_true",48,0,482.436507282876,-49.6175611708057,0,0,0
"power_consumption_of_tetouan_city","unilasso_loo_true",49,0,480.318501910493,-51.5389177280593,0,0,0
"power_consumption_of_tetouan_city","unilasso_loo_true",50,0,480.88916720883,-48.8308434404219,0,0,0
"power_consumption_of_tetouan_city","unilasso_loo_true",51,0,481.626961885311,-45.0983704665985,0,0,0
"power_consumption_of_tetouan_city","unilasso_loo_true",52,0,478.174525231967,-49.0928552741355,0,0,0
"power_consumption_of_tetouan_city","unilasso_loo_true",53,0,489.430185575504,-47.3061770965861,0,0,0
"power_consumption_of_tetouan_city","unilasso_loo_true",54,0,485.3708593141,-50.3590845915885,0,0,0
"power_consumption_of_tetouan_city","unilasso_loo_true",55,0,475.92854502811,-51.4712362651896,0,0,0
"power_consumption_of_tetouan_city","unilasso_loo_true",56,0,483.363247245885,-44.9374895105266,0,0,0
"power_consumption_of_tetouan_city","unilasso_loo_true",57,0,502.148622909095,-42.731275506014,0,0,0
"power_consumption_of_tetouan_city","unilasso_loo_true",58,0,488.562328810021,-46.8229338629938,0,0,0
"power_consumption_of_tetouan_city","unilasso_loo_true",59,0,474.006075595334,-48.3348290110426,0,0,0
"power_consumption_of_tetouan_city","unilasso_loo_true",60,0,476.049538528716,-48.2026584107806,0,0,0
"power_consumption_of_tetouan_city","unilasso_loo_true",61,0,485.942524825278,-50.2935370335459,0,0,0
"power_consumption_of_tetouan_city","unilasso_loo_true",62,0,477.618332383817,-49.8453301387184,0,0,0
"power_consumption_of_tetouan_city","unilasso_loo_true",63,0,473.533516040442,-48.80886026336,0,0,0
"power_consumption_of_tetouan_city","unilasso_loo_true",64,0,482.350366593256,-47.5214449712914,0,0,0
"power_consumption_of_tetouan_city","unilasso_loo_true",65,0,474.608958193865,-48.3212572867517,0,0,0
"power_consumption_of_tetouan_city","unilasso_loo_true",66,0,480.832090587189,-49.6469115702532,0,0,0
"power_consumption_of_tetouan_city","unilasso_loo_true",67,0,480.853413711444,-51.3842112456645,0,0,0
"power_consumption_of_tetouan_city","unilasso_loo_true",68,0,475.833721286626,-48.4083410655355,0,0,0
"power_consumption_of_tetouan_city","unilasso_loo_true",69,0,476.467775378934,-49.5725878711079,0,0,0
"power_consumption_of_tetouan_city","unilasso_loo_true",70,0,476.324563513597,-49.2885468348643,0,0,0
"power_consumption_of_tetouan_city","unilasso_loo_true",71,0,476.713942572823,-48.3235456245522,0,0,0
"power_consumption_of_tetouan_city","unilasso_loo_true",72,0,478.515695341949,-50.0383245146404,0,0,0
"power_consumption_of_tetouan_city","unilasso_loo_true",73,0,473.564090790047,-48.7094731828181,0,0,0
"power_consumption_of_tetouan_city","unilasso_loo_true",74,0,478.423175813994,-48.8271202594939,0,0,0
"power_consumption_of_tetouan_city","unilasso_loo_true",75,0,481.817452714079,-51.9030619860916,0,0,0
"power_consumption_of_tetouan_city","unilasso_loo_true",76,0,474.579512971114,-46.6567907881994,0,0,0
"power_consumption_of_tetouan_city","unilasso_loo_true",77,0,476.920618309608,-48.4731674508479,0,0,0
"power_consumption_of_tetouan_city","unilasso_loo_true",78,0,488.695622572054,-48.7271143307379,0,0,0
"power_consumption_of_tetouan_city","unilasso_loo_true",79,0,473.624504392627,-52.2412571109294,0,0,0
"power_consumption_of_tetouan_city","unilasso_loo_true",80,0,488.642769414723,-44.4610986687795,0,0,0
"power_consumption_of_tetouan_city","unilasso_loo_true",81,0,484.621152534759,-48.8707321115106,0,0,0
"power_consumption_of_tetouan_city","unilasso_loo_true",82,0,482.461591696563,-47.4662567559008,0,0,0
"power_consumption_of_tetouan_city","unilasso_loo_true",83,0,477.681661810284,-53.0578968596105,0,0,0
"power_consumption_of_tetouan_city","unilasso_loo_true",84,0,480.399635605962,-49.0191168983066,0,0,0
"power_consumption_of_tetouan_city","unilasso_loo_true",85,0,488.067610783856,-46.8246173996898,0,0,0
"power_consumption_of_tetouan_city","unilasso_loo_true",86,0,471.560665591115,-50.6012959323585,0,0,0
"power_consumption_of_tetouan_city","unilasso_loo_true",87,0,479.350443746026,-50.2009725132963,0,0,0
"power_consumption_of_tetouan_city","unilasso_loo_true",88,0,485.740301408306,-46.5614531468561,0,0,0
"power_consumption_of_tetouan_city","unilasso_loo_true",89,0,480.978238410394,-50.9869500766647,0,0,0
"power_consumption_of_tetouan_city","unilasso_loo_true",90,0,475.523468567494,-47.7071596863767,0,0,0
"power_consumption_of_tetouan_city","unilasso_loo_true",91,0,480.12443428017,-50.481431459069,0,0,0
"power_consumption_of_tetouan_city","unilasso_loo_true",92,0,482.339739994571,-48.817622120751,0,0,0
"power_consumption_of_tetouan_city","unilasso_loo_true",93,0,484.823495246714,-47.6390206320889,0,0,0
"power_consumption_of_tetouan_city","unilasso_loo_true",94,0,481.027637379154,-50.3240913384287,0,0,0
"power_consumption_of_tetouan_city","unilasso_loo_true",95,0,480.81272513558,-47.1353878473578,0,0,0
"power_consumption_of_tetouan_city","unilasso_loo_true",96,0,475.836947128337,-51.0258321288269,0,0,0
"power_consumption_of_tetouan_city","unilasso_loo_true",97,0,482.82220807178,-48.9414089014417,0,0,0
"power_consumption_of_tetouan_city","unilasso_loo_true",98,0,481.458261624576,-49.2241884330621,0,0,0
"power_consumption_of_tetouan_city","unilasso_loo_true",99,0,489.444399093199,-48.4139743432083,0,0,0
"power_consumption_of_tetouan_city","unilasso_loo_true",100,0,475.021622831948,-50.3228477002854,0,0,0
"power_consumption_of_tetouan_city","unilasso_loo_false",1,0,475.942829609209,-49.1536808131914,0,0,0
"power_consumption_of_tetouan_city","unilasso_loo_false",2,0,482.520935551112,-50.2612395266748,0,0,0
"power_consumption_of_tetouan_city","unilasso_loo_false",3,0,479.089878892037,-47.7615426884773,0,0,0
"power_consumption_of_tetouan_city","unilasso_loo_false",4,0,481.798276499587,-49.9065088501055,0,0,0
"power_consumption_of_tetouan_city","unilasso_loo_false",5,0,474.048499874732,-50.3870952849199,0,0,0
"power_consumption_of_tetouan_city","unilasso_loo_false",6,0,479.132399384002,-49.1015422205131,0,0,0
"power_consumption_of_tetouan_city","unilasso_loo_false",7,0,475.502607700737,-50.8868478697929,0,0,0
"power_consumption_of_tetouan_city","unilasso_loo_false",8,0,474.344280046967,-51.6048957865908,0,0,0
"power_consumption_of_tetouan_city","unilasso_loo_false",9,0,481.474363201593,-49.1392940058056,0,0,0
"power_consumption_of_tetouan_city","unilasso_loo_false",10,0,482.348048613267,-50.0960963134718,0,0,0
"power_consumption_of_tetouan_city","unilasso_loo_false",11,0,474.193519473622,-50.3099015711932,0,0,0
"power_consumption_of_tetouan_city","unilasso_loo_false",12,0,486.675901996611,-48.0130196230534,0,0,0
"power_consumption_of_tetouan_city","unilasso_loo_false",13,0,471.35223645742,-49.0993489479766,0,0,0
"power_consumption_of_tetouan_city","unilasso_loo_false",14,0,484.165149451716,-49.9275294640345,0,0,0
"power_consumption_of_tetouan_city","unilasso_loo_false",15,0,485.587667502065,-48.7637100053222,0,0,0
"power_consumption_of_tetouan_city","unilasso_loo_false",16,0,481.821011179777,-47.9537848835406,0,0,0
"power_consumption_of_tetouan_city","unilasso_loo_false",17,0,477.925158833039,-50.8458230725474,0,0,0
"power_consumption_of_tetouan_city","unilasso_loo_false",18,0,467.804112659265,-52.8809590843685,0,0,0
"power_consumption_of_tetouan_city","unilasso_loo_false",19,0,485.31621471947,-45.9886615167262,0,0,0
"power_consumption_of_tetouan_city","unilasso_loo_false",20,0,483.471615460751,-47.4613989198875,0,0,0
"power_consumption_of_tetouan_city","unilasso_loo_false",21,0,483.377396125495,-50.1461993007365,0,0,0
"power_consumption_of_tetouan_city","unilasso_loo_false",22,0,473.274608443326,-51.4240093414071,0,0,0
"power_consumption_of_tetouan_city","unilasso_loo_false",23,0,474.701438172628,-51.1102955710698,0,0,0
"power_consumption_of_tetouan_city","unilasso_loo_false",24,0,476.293495395994,-52.2459905855802,0,0,0
"power_consumption_of_tetouan_city","unilasso_loo_false",25,0,484.653798319,-50.8959495238583,0,0,0
"power_consumption_of_tetouan_city","unilasso_loo_false",26,0,476.436818809891,-50.5501267399213,0,0,0
"power_consumption_of_tetouan_city","unilasso_loo_false",27,0,481.825961971313,-52.9909584342212,0,0,0
"power_consumption_of_tetouan_city","unilasso_loo_false",28,0,482.301872799597,-50.6904803812902,0,0,0
"power_consumption_of_tetouan_city","unilasso_loo_false",29,0,475.97644157396,-50.5558723776884,0,0,0
"power_consumption_of_tetouan_city","unilasso_loo_false",30,0,479.445385189799,-49.5680634971993,0,0,0
"power_consumption_of_tetouan_city","unilasso_loo_false",31,0,479.148870866395,-49.3196113198856,0,0,0
"power_consumption_of_tetouan_city","unilasso_loo_false",32,0,483.731178466792,-47.6694528801755,0,0,0
"power_consumption_of_tetouan_city","unilasso_loo_false",33,0,474.744856926338,-51.1854725792006,0,0,0
"power_consumption_of_tetouan_city","unilasso_loo_false",34,0,482.983417732939,-47.2012658250504,0,0,0
"power_consumption_of_tetouan_city","unilasso_loo_false",35,0,487.073043730664,-45.801017832183,0,0,0
"power_consumption_of_tetouan_city","unilasso_loo_false",36,0,485.90594045718,-45.1564407343709,0,0,0
"power_consumption_of_tetouan_city","unilasso_loo_false",37,0,481.177767574183,-50.5054240469547,0,0,0
"power_consumption_of_tetouan_city","unilasso_loo_false",38,0,482.649066337913,-49.6401285052868,0,0,0
"power_consumption_of_tetouan_city","unilasso_loo_false",39,0,480.714173004934,-46.8577303859462,0,0,0
"power_consumption_of_tetouan_city","unilasso_loo_false",40,0,477.232349468147,-50.579264517453,0,0,0
"power_consumption_of_tetouan_city","unilasso_loo_false",41,0,475.393195195784,-49.6904165589069,0,0,0
"power_consumption_of_tetouan_city","unilasso_loo_false",42,0,478.127904561395,-47.9488995331118,0,0,0
"power_consumption_of_tetouan_city","unilasso_loo_false",43,0,472.427825600307,-51.2361564626833,0,0,0
"power_consumption_of_tetouan_city","unilasso_loo_false",44,0,479.439120188949,-50.1481115289311,0,0,0
"power_consumption_of_tetouan_city","unilasso_loo_false",45,0,471.436959205447,-48.5254433075216,0,0,0
"power_consumption_of_tetouan_city","unilasso_loo_false",46,0,479.891201224837,-48.6127365054044,0,0,0
"power_consumption_of_tetouan_city","unilasso_loo_false",47,0,475.520515047689,-50.4294772093686,0,0,0
"power_consumption_of_tetouan_city","unilasso_loo_false",48,0,482.480947912163,-49.6953811362998,0,0,0
"power_consumption_of_tetouan_city","unilasso_loo_false",49,0,480.365344891443,-51.614617034554,0,0,0
"power_consumption_of_tetouan_city","unilasso_loo_false",50,0,480.932267539342,-48.908933285415,0,0,0
"power_consumption_of_tetouan_city","unilasso_loo_false",51,0,481.671229098874,-45.1795271563584,0,0,0
"power_consumption_of_tetouan_city","unilasso_loo_false",52,0,478.221148698211,-49.1733999093704,0,0,0
"power_consumption_of_tetouan_city","unilasso_loo_false",53,0,489.470576342402,-47.3836917148681,0,0,0
"power_consumption_of_tetouan_city","unilasso_loo_false",54,0,485.414200235438,-50.4353116237095,0,0,0
"power_consumption_of_tetouan_city","unilasso_loo_false",55,0,475.976276100814,-51.5484841485403,0,0,0
"power_consumption_of_tetouan_city","unilasso_loo_false",56,0,483.405424804393,-45.0186413514599,0,0,0
"power_consumption_of_tetouan_city","unilasso_loo_false",57,0,502.18593241419,-42.8123122123819,0,0,0
"power_consumption_of_tetouan_city","unilasso_loo_false",58,0,488.60466963066,-46.9003307417929,0,0,0
"power_consumption_of_tetouan_city","unilasso_loo_false",59,0,474.05348306664,-48.4149898724159,0,0,0
"power_consumption_of_tetouan_city","unilasso_loo_false",60,0,476.095721001982,-48.2818752465656,0,0,0
"power_consumption_of_tetouan_city","unilasso_loo_false",61,0,485.986599018905,-50.3693489244972,0,0,0
"power_consumption_of_tetouan_city","unilasso_loo_false",62,0,477.663238586028,-49.9233438522368,0,0,0
"power_consumption_of_tetouan_city","unilasso_loo_false",63,0,473.579278324144,-48.888397666764,0,0,0
"power_consumption_of_tetouan_city","unilasso_loo_false",64,0,482.393385401655,-47.6001662901133,0,0,0
"power_consumption_of_tetouan_city","unilasso_loo_false",65,0,474.655086581054,-48.401431000023,0,0,0
"power_consumption_of_tetouan_city","unilasso_loo_false",66,0,480.874961954457,-49.7229801463575,0,0,0
"power_consumption_of_tetouan_city","unilasso_loo_false",67,0,480.900789792119,-51.4596238133856,0,0,0
"power_consumption_of_tetouan_city","unilasso_loo_false",68,0,475.878186897966,-48.4873080178012,0,0,0
"power_consumption_of_tetouan_city","unilasso_loo_false",69,0,476.51304553672,-49.6495163838464,0,0,0
"power_consumption_of_tetouan_city","unilasso_loo_false",70,0,476.36892518698,-49.3662529805219,0,0,0
"power_consumption_of_tetouan_city","unilasso_loo_false",71,0,476.759522809059,-48.403428860326,0,0,0
"power_consumption_of_tetouan_city","unilasso_loo_false",72,0,478.561016769622,-50.1153184083624,0,0,0
"power_consumption_of_tetouan_city","unilasso_loo_false",73,0,473.610683516028,-48.7896730124311,0,0,0
"power_consumption_of_tetouan_city","unilasso_loo_false",74,0,478.469197077483,-48.9045747152812,0,0,0
"power_consumption_of_tetouan_city","unilasso_loo_false",75,0,481.86093244438,-51.9771113038419,0,0,0
"power_consumption_of_tetouan_city","unilasso_loo_false",76,0,474.626464730536,-46.7367733833428,0,0,0
"power_consumption_of_tetouan_city","unilasso_loo_false",77,0,476.965569330019,-48.5516987221308,0,0,0
"power_consumption_of_tetouan_city","unilasso_loo_false",78,0,488.739918928678,-48.8053635632024,0,0,0
"power_consumption_of_tetouan_city","unilasso_loo_false",79,0,473.673286356747,-52.3172380133722,0,0,0
"power_consumption_of_tetouan_city","unilasso_loo_false",80,0,488.68557172815,-44.5425500501828,0,0,0
"power_consumption_of_tetouan_city","unilasso_loo_false",81,0,484.665180992009,-48.9493829774077,0,0,0
"power_consumption_of_tetouan_city","unilasso_loo_false",82,0,482.504467874372,-47.5453779993349,0,0,0
"power_consumption_of_tetouan_city","unilasso_loo_false",83,0,477.727621827387,-53.1321024546899,0,0,0
"power_consumption_of_tetouan_city","unilasso_loo_false",84,0,480.446586245847,-49.0993193836724,0,0,0
"power_consumption_of_tetouan_city","unilasso_loo_false",85,0,488.110646543574,-46.903206560522,0,0,0
"power_consumption_of_tetouan_city","unilasso_loo_false",86,0,471.607626947,-50.6776407169184,0,0,0
"power_consumption_of_tetouan_city","unilasso_loo_false",87,0,479.396476233444,-50.2785101964686,0,0,0
"power_consumption_of_tetouan_city","unilasso_loo_false",88,0,485.782684201102,-46.6433806620823,0,0,0
"power_consumption_of_tetouan_city","unilasso_loo_false",89,0,481.025614115911,-51.0646789159037,0,0,0
"power_consumption_of_tetouan_city","unilasso_loo_false",90,0,475.569126792646,-47.7854564660061,0,0,0
"power_consumption_of_tetouan_city","unilasso_loo_false",91,0,480.170347802558,-50.5586291518985,0,0,0
"power_consumption_of_tetouan_city","unilasso_loo_false",92,0,482.384734894373,-48.8970665646553,0,0,0
"power_consumption_of_tetouan_city","unilasso_loo_false",93,0,484.865889554787,-47.7150283245538,0,0,0
"power_consumption_of_tetouan_city","unilasso_loo_false",94,0,481.07395189967,-50.4027299434994,0,0,0
"power_consumption_of_tetouan_city","unilasso_loo_false",95,0,480.857552075635,-47.2147660156142,0,0,0
"power_consumption_of_tetouan_city","unilasso_loo_false",96,0,475.883578541772,-51.1028455217482,0,0,0
"power_consumption_of_tetouan_city","unilasso_loo_false",97,0,482.867259173726,-49.0192469892269,0,0,0
"power_consumption_of_tetouan_city","unilasso_loo_false",98,0,481.505513519936,-49.3043591625377,0,0,0
"power_consumption_of_tetouan_city","unilasso_loo_false",99,0,489.486784035325,-48.4911974422326,0,0,0
"power_consumption_of_tetouan_city","unilasso_loo_false",100,0,475.06842133797,-50.3999705451407,0,0,0
"power_consumption_of_tetouan_city","polish_unilasso",1,-0.0125317995537715,536.195438005555,-54.7283742006227,-93.5168624767393,-1.66125613480787,-0.110515892774828
"power_consumption_of_tetouan_city","polish_unilasso",2,-0.0137608516084862,536.348876636419,-55.2624804797587,-60.7720098053194,-1.57165462912647,0
"power_consumption_of_tetouan_city","polish_unilasso",3,-0.0109739714523604,535.221749286943,-52.8070832744639,-88.379842690067,-1.57597357364251,0
"power_consumption_of_tetouan_city","polish_unilasso",4,-0.0106612196120995,536.62582970338,-55.381723648819,-83.5844281254245,-1.58744233094845,-0.105519491595467
"power_consumption_of_tetouan_city","polish_unilasso",5,-0.0136837086570134,531.004633161274,-55.8098291635338,-68.2175876591711,-1.60219163080635,-0.285469468640098
"power_consumption_of_tetouan_city","polish_unilasso",6,-0.0181880544216308,539.283167950978,-52.5624632338585,-68.4461146898135,-1.41712078115579,-0.283399329812498
"power_consumption_of_tetouan_city","polish_unilasso",7,-0.0151108881403282,533.237339628936,-54.5133100139486,-78.9857882852301,-1.47318880096064,0.0528421724265983
"power_consumption_of_tetouan_city","polish_unilasso",8,-0.0135616716385344,530.943961586642,-57.4958626498418,-63.1432220255908,-1.7863269988371,0.146720039778349
"power_consumption_of_tetouan_city","polish_unilasso",9,-0.0127127329015298,540.919911264579,-53.912107144509,-96.6949600301216,-1.55237842041758,-0.0702354569019134
"power_consumption_of_tetouan_city","polish_unilasso",10,-0.0129168157058588,539.610911031442,-54.1543064912779,-90.730673519094,-1.50208618675664,0.188695755202805
"power_consumption_of_tetouan_city","polish_unilasso",11,-0.0118112272899483,533.448082763859,-56.5229597547336,-83.8842463378006,-1.82060992087907,0.0584285925634586
"power_consumption_of_tetouan_city","polish_unilasso",12,-0.0104199658229066,543.383286741445,-53.9783071753441,-88.6450347395413,-1.68394504909659,-0.0460558015560062
"power_consumption_of_tetouan_city","polish_unilasso",13,-0.0127667631875378,530.02826060155,-53.7100510135767,-95.5336216163338,-1.45560714900125,-0.395203531647878
"power_consumption_of_tetouan_city","polish_unilasso",14,-0.0118503415617974,545.846796293617,-55.608085717866,-96.7402055683332,-1.70761194221828,-0.156919244919508
"power_consumption_of_tetouan_city","polish_unilasso",15,-0.0121637831747782,539.052099511109,-55.173535762542,-57.8564447845044,-1.71470257272842,-0.135150990421216
"power_consumption_of_tetouan_city","polish_unilasso",16,-0.0111990794700258,536.147497220988,-52.0896839045548,-90.6257200168892,-1.40196001860341,-0.0807881817050571
"power_consumption_of_tetouan_city","polish_unilasso",17,-0.0123255227070746,535.739516847993,-56.5214437279422,-86.1095766571934,-1.57880081388888,-0.396096962420641
"power_consumption_of_tetouan_city","polish_unilasso",18,-0.0131584383049954,529.196279228069,-57.1135853511468,-106.287020664941,-1.42759784554976,-0.315901168727236
"power_consumption_of_tetouan_city","polish_unilasso",19,-0.0125724154931815,537.977770775931,-51.0353304288315,-64.2232932981868,-1.5572548222364,0
"power_consumption_of_tetouan_city","polish_unilasso",20,-0.01279424832992,537.636564894528,-52.311687806746,-74.765911856486,-1.5311576486478,0.0395414712945474
"power_consumption_of_tetouan_city","polish_unilasso",21,-0.0148773699168828,540.098246578944,-55.721421800356,-54.7322788809792,-1.79134525016335,0.193198935759542
"power_consumption_of_tetouan_city","polish_unilasso",22,-0.0141524046193826,526.858306823988,-55.804165837454,-61.6911470629814,-1.45125979830513,-0.194183361967498
"power_consumption_of_tetouan_city","polish_unilasso",23,-0.0118078279202514,523.974494506349,-56.3699649631896,-54.3010096365612,-1.49965345388686,-0.120030618141079
"power_consumption_of_tetouan_city","polish_unilasso",24,-0.0147351215801372,538.963708828506,-58.784797933797,-72.2837545261673,-1.80850017352524,-0.387499086569922
"power_consumption_of_tetouan_city","polish_unilasso",25,-0.0153596594611087,541.825949556908,-56.7668255158047,-58.6110989459964,-1.69461922467339,-0.143683893944199
"power_consumption_of_tetouan_city","polish_unilasso",26,-0.0128426723945383,534.402832393292,-55.943410870388,-77.3244799430823,-1.65452945779196,-0.0855273333782371
"power_consumption_of_tetouan_city","polish_unilasso",27,-0.0130067535859958,542.620876357979,-57.848001992055,-94.6557637186779,-1.64497547199052,0.00756576264225692
"power_consumption_of_tetouan_city","polish_unilasso",28,-0.0112760721094123,535.246363460737,-55.0939699605042,-80.3162056421302,-1.48429285083995,0.0746720613575546
"power_consumption_of_tetouan_city","polish_unilasso",29,-0.0147119744715726,522.616965669911,-54.894149948229,-29.6047868104572,-1.4185538964871,0.0064186021384879
"power_consumption_of_tetouan_city","polish_unilasso",30,-0.0117054938924027,536.289122101438,-54.0428576566977,-91.2220682951117,-1.52559618364212,-0.03354667351787
"power_consumption_of_tetouan_city","polish_unilasso",31,-0.0145200044942067,533.623466289668,-54.280986768753,-60.6071473054798,-1.5275287709865,-0.173479331053732
"power_consumption_of_tetouan_city","polish_unilasso",32,-0.0149575458604073,541.103396476775,-52.3629816005656,-70.1225020925992,-1.53308289546688,-0.234128322339913
"power_consumption_of_tetouan_city","polish_unilasso",33,-0.0116889847692083,532.044342126055,-56.7316472840561,-85.7988332290158,-1.55459163979697,-0.353517295160803
"power_consumption_of_tetouan_city","polish_unilasso",34,-0.0133120268459163,543.045899229215,-52.3280743112888,-84.6886222619243,-1.70106426426023,0.0945246473566356
"power_consumption_of_tetouan_city","polish_unilasso",35,-0.0137299446682311,542.11406762571,-50.3548202087914,-70.0334955149911,-1.49563919127554,-0.155629332304165
"power_consumption_of_tetouan_city","polish_unilasso",36,-0.0115594112970754,541.062588783813,-50.1655468287025,-85.2076587475793,-1.5802412409157,0.147029866116513
"power_consumption_of_tetouan_city","polish_unilasso",37,-0.0092099020219297,537.785735562322,-56.4899306484545,-99.400506221968,-1.61185211058141,-0.193441994886172
"power_consumption_of_tetouan_city","polish_unilasso",38,-0.0145532520063367,543.568802513675,-54.5251099767927,-84.0012509579676,-1.7127192242281,0.242300430197603
"power_consumption_of_tetouan_city","polish_unilasso",39,-0.0101239959549672,540.695919969121,-52.2907350580312,-111.409278002947,-1.61052758729803,-0.0169597320579094
"power_consumption_of_tetouan_city","polish_unilasso",40,-0.0147290852516653,531.908772531279,-54.727593524988,-71.1006127965559,-1.4299213695385,-0.0252811045217653
"power_consumption_of_tetouan_city","polish_unilasso",41,-0.0117319001740994,532.772363054598,-55.548599657298,-81.9886624132132,-1.73992765254469,-0.0720657804743755
"power_consumption_of_tetouan_city","polish_unilasso",42,-0.0164974169715794,535.180798882743,-52.0127108468562,-64.9873972932846,-1.50649842237654,0.0316214242879682
"power_consumption_of_tetouan_city","polish_unilasso",43,-0.0130328396988276,530.838245560232,-57.0024961740005,-78.5635716187676,-1.63292015306037,-0.405533386084514
"power_consumption_of_tetouan_city","polish_unilasso",44,-0.00822634467381312,532.340424713107,-55.1630946860635,-96.0444880351051,-1.48119815034529,-0.0627677892317771
"power_consumption_of_tetouan_city","polish_unilasso",45,-0.0163589733422634,529.678233354156,-52.440234917042,-69.3657509582619,-1.49908677742048,-0.0209986349345551
"power_consumption_of_tetouan_city","polish_unilasso",46,-0.0141283620154543,535.748934877131,-53.8607869313499,-62.2649850828785,-1.65019569285105,0.00512230921272727
"power_consumption_of_tetouan_city","polish_unilasso",47,-0.0105862506533598,532.574339899465,-57.5576570700955,-73.4679848986912,-1.84905091520775,-0.068390518543448
"power_consumption_of_tetouan_city","polish_unilasso",48,-0.00732295577955128,538.085919997,-55.5417910859018,-112.730162057411,-1.55180987025461,-0.232996390750277
"power_consumption_of_tetouan_city","polish_unilasso",49,-0.0124442014173148,538.596835576531,-57.5567565404073,-77.9648055326784,-1.75466877551374,-0.00731848444819165
"power_consumption_of_tetouan_city","polish_unilasso",50,-0.0128598040450096,535.992073726999,-53.4974209556705,-77.2957364682908,-1.38995909762589,-0.428184431970695
"power_consumption_of_tetouan_city","polish_unilasso",51,-0.0152600222715548,535.615300336675,-49.6766956312124,-59.9031956238827,-1.40118060858122,-0.328044696931136
"power_consumption_of_tetouan_city","polish_unilasso",52,-0.0115755324869238,537.231767644178,-54.0439689915737,-99.1022585074311,-1.54358804523954,-0.177571859359433
"power_consumption_of_tetouan_city","polish_unilasso",53,-0.0159978296074499,548.99653925185,-51.6983351455254,-72.6292039280776,-1.5768073019738,0.0439595259007083
"power_consumption_of_tetouan_city","polish_unilasso",54,-0.012622830587442,540.230714417954,-56.3952690983255,-65.708012267405,-1.6375282845402,-0.273440621569097
"power_consumption_of_tetouan_city","polish_unilasso",55,-0.0124580666110243,525.833924630525,-55.8478942888241,-58.1366318747928,-1.47285054780138,0.218608654763954
"power_consumption_of_tetouan_city","polish_unilasso",56,-0.0121790616008075,537.704116389045,-50.2781897330696,-70.8972545432582,-1.55145000846037,-0.0848399941709972
"power_consumption_of_tetouan_city","polish_unilasso",57,-0.0181578805504411,561.497547535181,-47.2787809568412,-50.8840251158005,-1.63902505515986,-0.0168907176570189
"power_consumption_of_tetouan_city","polish_unilasso",58,-0.00913783008124115,543.036625355313,-52.6185085074499,-91.0774199584363,-1.60085250178756,-0.123917786759703
"power_consumption_of_tetouan_city","polish_unilasso",59,-0.011971717140823,533.565677147163,-54.5267824014263,-90.6306376937869,-1.68798753356977,-0.408933329821226
"power_consumption_of_tetouan_city","polish_unilasso",60,-0.0148318454465657,531.848592412509,-52.8928548674569,-67.2149480543073,-1.52516423532179,-0.0301253148983775
"power_consumption_of_tetouan_city","polish_unilasso",61,-0.0116176011083432,543.491013018442,-56.2149267500645,-83.111678350001,-1.75912052046729,0.209395644708174
"power_consumption_of_tetouan_city","polish_unilasso",62,-0.0112560081802733,532.35943880022,-55.6588678180981,-77.6488661104625,-1.66337683129821,0.0280669011606167
"power_consumption_of_tetouan_city","polish_unilasso",63,-0.0137579796629119,534.074537682639,-54.1301359851261,-91.0023719353516,-1.56735359134921,-0.317956046422718
"power_consumption_of_tetouan_city","polish_unilasso",64,-0.0159910414841814,537.873435019993,-52.3331747996861,-57.6964653570159,-1.477662880824,-0.287690801486408
"power_consumption_of_tetouan_city","polish_unilasso",65,-0.0133646741785763,528.72954138407,-53.2325135578429,-63.7976588569143,-1.52284617670483,-0.14182304508412
"power_consumption_of_tetouan_city","polish_unilasso",66,-0.017501903505726,542.81365327358,-54.1486607099318,-68.2960457541711,-1.62125930440562,-0.0617036322000412
"power_consumption_of_tetouan_city","polish_unilasso",67,-0.0115872727906417,542.149407424547,-58.1131608343925,-93.0123360623403,-1.783811866255,-0.241223820753918
"power_consumption_of_tetouan_city","polish_unilasso",68,-0.0130096739375215,533.536893948809,-52.8695760998208,-89.3025265174101,-1.5547002251453,0.24253605465246
"power_consumption_of_tetouan_city","polish_unilasso",69,-0.0122417225386067,531.906015620781,-54.1251179594919,-90.1737655887783,-1.4310447258567,-0.0740552344427114
"power_consumption_of_tetouan_city","polish_unilasso",70,-0.0142859827449759,533.863610386745,-52.8871142200219,-85.611282260808,-1.44724103240425,0.139912644853098
"power_consumption_of_tetouan_city","polish_unilasso",71,-0.0120756113292159,533.309334895786,-53.7338916712896,-80.3772005506247,-1.65241531106519,-0.0138164592294156
"power_consumption_of_tetouan_city","polish_unilasso",72,-0.0131452443653201,537.221731987708,-54.5611601244936,-93.522878726254,-1.51827707409669,-0.0988524832299465
"power_consumption_of_tetouan_city","polish_unilasso",73,-0.0154817738141334,530.308819981244,-53.4544111258461,-63.9863379096295,-1.49331794145777,-0.250209044847051
"power_consumption_of_tetouan_city","polish_unilasso",74,-0.0142590437627169,537.199719011473,-54.2042233709704,-71.1050686478963,-1.67007332743606,-0.0162320544949748
"power_consumption_of_tetouan_city","polish_unilasso",75,-0.0171498007342749,539.489507778031,-55.5224047559649,-60.4756507424941,-1.50691511127802,0.170825204328272
"power_consumption_of_tetouan_city","polish_unilasso",76,-0.0098538547551609,530.991936080632,-51.7930212925112,-98.4731840512154,-1.58524242939595,0.0546638793417601
"power_consumption_of_tetouan_city","polish_unilasso",77,-0.0142164501381415,530.190111445041,-52.4839392036124,-65.6558593134826,-1.36070876208062,-0.192816301785537
"power_consumption_of_tetouan_city","polish_unilasso",78,-0.0156014873692042,544.593907997185,-53.339883040476,-55.2279118421348,-1.59736372307821,0.174518273270702
"power_consumption_of_tetouan_city","polish_unilasso",79,-0.0153976106401144,529.405431408423,-56.307294072052,-65.808210932453,-1.35850900875748,-0.423799690925656
"power_consumption_of_tetouan_city","polish_unilasso",80,-0.0111890408755061,539.892841983849,-49.3263605887907,-72.6515816687139,-1.47798031267289,0.0675522592215018
"power_consumption_of_tetouan_city","polish_unilasso",81,-0.0157180830775142,548.32436150949,-53.6856752350592,-88.1943966492501,-1.64313058034055,-0.059013238952312
"power_consumption_of_tetouan_city","polish_unilasso",82,-0.0128999143316948,534.042682552526,-51.7262315843048,-64.6148771765558,-1.46100886801004,0.129536519201758
"power_consumption_of_tetouan_city","polish_unilasso",83,-0.0123912176868131,536.541597863143,-59.8405220611475,-82.5409138642719,-1.76931572083505,-0.158026158346931
"power_consumption_of_tetouan_city","polish_unilasso",84,-0.0152687593496202,535.56343567848,-53.746906327898,-60.5500503089118,-1.48349810096145,-0.155621637996734
"power_consumption_of_tetouan_city","polish_unilasso",85,-0.0141040434159484,540.238268523173,-52.384116373295,-45.0105750391915,-1.59381385720025,-0.219610143016202
"power_consumption_of_tetouan_city","polish_unilasso",86,-0.0170523733063844,528.082931409159,-54.4554228781706,-60.1027568446636,-1.49002647223899,0.113043486650894
"power_consumption_of_tetouan_city","polish_unilasso",87,-0.0126544897359288,536.639045933969,-55.3294726988929,-84.358023734571,-1.59551855961922,-0.0561829704596431
"power_consumption_of_tetouan_city","polish_unilasso",88,-0.016140169156136,548.034918045517,-51.3709998544079,-79.9367206492413,-1.63805903634908,-0.0514551843589069
"power_consumption_of_tetouan_city","polish_unilasso",89,-0.0110801706429841,532.095796666006,-57.6710135801772,-56.331485012849,-1.72426585029279,-0.0730004221153702
"power_consumption_of_tetouan_city","polish_unilasso",90,-0.0151235600686267,533.364401342932,-51.920253688827,-79.3790600108463,-1.41843549798882,-0.344732931671277
"power_consumption_of_tetouan_city","polish_unilasso",91,-0.0113861296874774,537.341738245819,-56.2297281576954,-92.328079201476,-1.56191642777579,-0.371285095284994
"power_consumption_of_tetouan_city","polish_unilasso",92,-0.0145770929707996,537.272785037794,-53.563519312933,-65.3788861095856,-1.55375626976832,0.096950926758944
"power_consumption_of_tetouan_city","polish_unilasso",93,-0.0115271553373616,542.585295647706,-54.5073380859939,-76.1972414654579,-1.85005027195656,-0.028730488544511
"power_consumption_of_tetouan_city","polish_unilasso",94,-0.0171281914925495,542.088416817972,-56.3398954544896,-54.4338354553501,-1.89501717059514,0.103117460907276
"power_consumption_of_tetouan_city","polish_unilasso",95,-0.011888298772887,533.960895600186,-52.1346273213904,-76.3734760074068,-1.48051543950722,-0.174827456636375
"power_consumption_of_tetouan_city","polish_unilasso",96,-0.0126037726211116,538.184777869648,-56.6141016505442,-95.2137571013866,-1.65144174772938,-0.33904872431968
"power_consumption_of_tetouan_city","polish_unilasso",97,-0.0113001143061673,539.432456321257,-54.5153670271894,-88.9952720641791,-1.66103798233068,0.104190868580543
"power_consumption_of_tetouan_city","polish_unilasso",98,-0.0127367613788776,539.695623937001,-55.3273673288415,-75.8491884949678,-1.73127687683263,-0.0485688656718529
"power_consumption_of_tetouan_city","polish_unilasso",99,-0.00755281484081559,542.339193260885,-54.9344210489769,-90.8934375762417,-1.70196017177197,0.130281353607376
"power_consumption_of_tetouan_city","polish_unilasso",100,-0.0150088704359495,528.272450541113,-55.7707649163053,-45.2520559224385,-1.63317122200275,0.0217466550314175
"power_consumption_of_tetouan_city","lasso_cv",1,0.0146397649765623,379.872433551113,-58.8704434602631,0,-0.614237391491123,-0.0543055168100876
"power_consumption_of_tetouan_city","lasso_cv",2,0.014317389662666,384.372953164538,-59.3698037408031,0,-0.521918388888286,-0.00998233500574334
"power_consumption_of_tetouan_city","lasso_cv",3,0.0169201383985523,376.114254895883,-57.1167079785718,0,-0.481322113357862,0
"power_consumption_of_tetouan_city","lasso_cv",4,0.0179977148928259,376.194030998829,-59.6266540494025,0,-0.505905314561211,-0.0618162251994737
"power_consumption_of_tetouan_city","lasso_cv",5,0.0138628376964011,378.967966251993,-60.2162292110272,0,-0.557273516354802,-0.290358509056171
"power_consumption_of_tetouan_city","lasso_cv",6,0.00728726424217629,397.688370346753,-56.3095474256139,0,-0.451103482596457,-0.272393148024397
"power_consumption_of_tetouan_city","lasso_cv",7,0.011219611077819,384.261851223827,-59.1757954106685,0,-0.455606664794038,0
"power_consumption_of_tetouan_city","lasso_cv",8,0.0139375758079878,380.419456277884,-61.7222834356776,0,-0.725616520743857,0
"power_consumption_of_tetouan_city","lasso_cv",9,0.014848062856229,381.778430782722,-58.3092779801312,0,-0.484631237515413,-0.0121453155434534
"power_consumption_of_tetouan_city","lasso_cv",10,0.0143288129974777,382.796602636339,-58.4844516804701,0,-0.396477039411946,0
"power_consumption_of_tetouan_city","lasso_cv",11,0.0152881436880994,378.842270103236,-60.8889886987211,0,-0.762789656797053,0
"power_consumption_of_tetouan_city","lasso_cv",12,0.0181055108904561,381.416477353669,-58.251974916073,0,-0.57630082398066,-0.00853101764635692
"power_consumption_of_tetouan_city","lasso_cv",13,0.0137875702881236,375.642444998817,-58.1894301948472,0,-0.425919741805655,-0.385410021543475
"power_consumption_of_tetouan_city","lasso_cv",14,0.016138716931761,383.894972295671,-59.9560860229318,0,-0.600782989634992,-0.127634533963956
"power_consumption_of_tetouan_city","lasso_cv",15,0.0173258231859156,381.652050739002,-59.6590397952511,0,-0.63646043020372,-0.157926413112867
"power_consumption_of_tetouan_city","lasso_cv",16,0.0169729323471579,375.422007951434,-56.7444463282535,0,-0.319834364957983,-0.0580220246705253
"power_consumption_of_tetouan_city","lasso_cv",17,0.0158108528119217,377.694458916208,-60.9009826794766,0,-0.504232802013363,-0.343629390576051
"power_consumption_of_tetouan_city","lasso_cv",18,0.0137193446303252,371.249221672429,-61.2683760717343,0,-0.352134476033844,-0.258855324084648
"power_consumption_of_tetouan_city","lasso_cv",19,0.0159659556165304,382.80975797807,-55.7713627907572,0,-0.484290215628087,-0.0518694817519048
"power_consumption_of_tetouan_city","lasso_cv",20,0.0148559307017962,384.265229996597,-56.4075167694468,0,-0.45495752432943,0
"power_consumption_of_tetouan_city","lasso_cv",21,0.0128179820892325,391.645174754951,-59.8543786615151,0,-0.723550562456542,0
"power_consumption_of_tetouan_city","lasso_cv",22,0.0127908861900976,379.636508638005,-60.0400897748928,0,-0.420671821117857,-0.221822865759508
"power_consumption_of_tetouan_city","lasso_cv",23,0.0167284002733929,371.49276734533,-60.2937983474027,0,-0.429232195150072,-0.132440363400467
"power_consumption_of_tetouan_city","lasso_cv",24,0.0125124166676111,388.106050444842,-63.0192287674827,0,-0.77803611631741,-0.383093650004872
"power_consumption_of_tetouan_city","lasso_cv",25,0.0122542724309173,393.11845650422,-60.6688036039809,0,-0.66419121251366,-0.17421222638306
"power_consumption_of_tetouan_city","lasso_cv",26,0.0147036963807958,379.711955542882,-60.1546423928086,0,-0.596745901189435,-0.0530190066751273
"power_consumption_of_tetouan_city","lasso_cv",27,0.0157293440085896,380.796441779956,-62.6950723978718,0,-0.565542070650105,0
"power_consumption_of_tetouan_city","lasso_cv",28,0.0172417986971974,375.493732531252,-59.6275301638232,0,-0.374644507218901,0
"power_consumption_of_tetouan_city","lasso_cv",29,0.0130355280123806,380.785599531661,-58.8064150602888,0,-0.419762384885519,-0.0191116851903756
"power_consumption_of_tetouan_city","lasso_cv",30,0.0159723967392647,377.731813168697,-58.7452874217599,0,-0.462884517791574,-0.0101230248204322
"power_consumption_of_tetouan_city","lasso_cv",31,0.0126403533433849,386.008747791759,-58.3134089716713,0,-0.516609939071442,-0.161855042279168
"power_consumption_of_tetouan_city","lasso_cv",32,0.0121032383235898,391.512215906343,-56.2042628119667,0,-0.485209084543445,-0.233468456088956
"power_consumption_of_tetouan_city","lasso_cv",33,0.0171719441882331,370.876634056331,-61.1314092704561,0,-0.45873875166845,-0.335522874979316
"power_consumption_of_tetouan_city","lasso_cv",34,0.0144961842466674,386.070044321205,-56.564437347192,0,-0.609624509471632,0
"power_consumption_of_tetouan_city","lasso_cv",35,0.0139758694021661,388.714996728458,-54.3967420430586,0,-0.43258367198438,-0.157951696262003
"power_consumption_of_tetouan_city","lasso_cv",36,0.0170919163723927,379.965638682728,-55.0301758176739,0,-0.450351550918185,0
"power_consumption_of_tetouan_city","lasso_cv",37,0.0195613870080303,372.162131671788,-60.7728100036375,0,-0.499167933456166,-0.15393196849923
"power_consumption_of_tetouan_city","lasso_cv",38,0.0124708316466196,389.8839928322,-58.5027625617666,0,-0.58298741332985,0
"power_consumption_of_tetouan_city","lasso_cv",39,0.0179325733307689,375.312438539684,-56.8429642407651,0,-0.492684715984919,0
"power_consumption_of_tetouan_city","lasso_cv",40,0.0122466127438415,383.348038927853,-58.5344554169621,0,-0.40712885496027,-0.0728999862729465
"power_consumption_of_tetouan_city","lasso_cv",41,0.0157869324166766,377.537512612118,-60.2755317639024,0,-0.713152602043351,-0.0154998809236416
"power_consumption_of_tetouan_city","lasso_cv",42,0.0097873460118792,391.367150107065,-55.6723853439333,0,-0.496797804413959,0
"power_consumption_of_tetouan_city","lasso_cv",43,0.0142632239715623,377.816001223803,-61.3170761556361,0,-0.59011600786474,-0.343057972157436
"power_consumption_of_tetouan_city","lasso_cv",44,0.0214917447821376,362.840770929605,-59.9364122962731,0,-0.311087337771952,-0.0724747147460593
"power_consumption_of_tetouan_city","lasso_cv",45,0.00977879041248317,385.071012870728,-56.3866730679937,0,-0.50427862570812,-0.0235917842840517
"power_consumption_of_tetouan_city","lasso_cv",46,0.0133760941468449,385.910754399228,-57.976822034051,0,-0.595986729858057,0
"power_consumption_of_tetouan_city","lasso_cv",47,0.0186492305086942,371.973667585358,-61.8333530093473,0,-0.745462330491437,-0.0793654502675294
"power_consumption_of_tetouan_city","lasso_cv",48,0.0221939729645696,366.073970357569,-59.9318436080299,0,-0.397580730199956,-0.175736502294862
"power_consumption_of_tetouan_city","lasso_cv",49,0.0163351477018958,379.532748102758,-62.3744087350049,0,-0.691445425331409,0
"power_consumption_of_tetouan_city","lasso_cv",50,0.0150433322283524,379.156120997525,-57.877668538839,0,-0.324275234859588,-0.390958896169096
"power_consumption_of_tetouan_city","lasso_cv",51,0.0120073402620031,388.079477157491,-53.4676275636316,0,-0.376197176732757,-0.333663977215202
"power_consumption_of_tetouan_city","lasso_cv",52,0.0159460943559141,377.120930866504,-58.438503928295,0,-0.458910655541914,-0.181431735723156
"power_consumption_of_tetouan_city","lasso_cv",53,0.0113785256891813,397.519856900783,-55.9021320528452,0,-0.517186444761386,0
"power_consumption_of_tetouan_city","lasso_cv",54,0.0164083487503916,383.686088688365,-60.7068606377817,0,-0.556612356955373,-0.28301746984068
"power_consumption_of_tetouan_city","lasso_cv",55,0.0155055636012863,374.443206548825,-59.8204198216949,0,-0.358411136862276,0
"power_consumption_of_tetouan_city","lasso_cv",56,0.0164992050841634,380.21001649342,-54.4803832062694,0,-0.460987821253908,-0.0881180482838604
"power_consumption_of_tetouan_city","lasso_cv",57,0.010369983591699,411.739778080529,-51.5478973734239,0,-0.603248818514105,-0.0217310393954932
"power_consumption_of_tetouan_city","lasso_cv",58,0.020655284430264,375.384956748741,-57.7680606515273,0,-0.485161733910643,-0.0988518537180903
"power_consumption_of_tetouan_city","lasso_cv",59,0.0150381647232881,378.465579947796,-58.8962037372394,0,-0.645725261032696,-0.360398442665975
"power_consumption_of_tetouan_city","lasso_cv",60,0.0115305878525514,385.849805745834,-56.7858480080929,0,-0.517013263334916,-0.0806746292664448
"power_consumption_of_tetouan_city","lasso_cv",61,0.0171148210212443,382.649699015012,-60.6797567844996,0,-0.599454336920886,0
"power_consumption_of_tetouan_city","lasso_cv",62,0.0167532829374463,376.622158992469,-60.0590083234932,0,-0.598080428242391,0
"power_consumption_of_tetouan_city","lasso_cv",63,0.0126440351503316,381.904393278526,-58.1456228987294,0,-0.53883577287931,-0.274614575468594
"power_consumption_of_tetouan_city","lasso_cv",64,0.0109399676515998,392.324755317879,-55.9928889596983,0,-0.448001913600856,-0.31696687214041
"power_consumption_of_tetouan_city","lasso_cv",65,0.0145315934534423,376.67782039864,-57.5634698259045,0,-0.470707913092773,-0.155987526402995
"power_consumption_of_tetouan_city","lasso_cv",66,0.00907869184642779,396.110769025231,-58.5702644070266,0,-0.619722100052394,-0.0454167415818864
"power_consumption_of_tetouan_city","lasso_cv",67,0.0164736287185432,380.384103666726,-62.6101829564607,0,-0.692467495295192,-0.203439351296587
"power_consumption_of_tetouan_city","lasso_cv",68,0.0141048493768371,377.893205052102,-56.7150409598381,0,-0.410483228963919,0
"power_consumption_of_tetouan_city","lasso_cv",69,0.0154814118949837,374.757284502926,-58.2762774576773,0,-0.358120670419579,-0.0739451827062271
"power_consumption_of_tetouan_city","lasso_cv",70,0.012641618223268,381.295382764354,-57.2180052424266,0,-0.359463648414928,0
"power_consumption_of_tetouan_city","lasso_cv",71,0.0151560035037088,379.510057632875,-58.0318312748253,0,-0.606296644844677,0
"power_consumption_of_tetouan_city","lasso_cv",72,0.0135850726846883,382.991538645408,-58.9797147171959,0,-0.488924450411704,-0.101639237630508
"power_consumption_of_tetouan_city","lasso_cv",73,0.0103434002339653,386.328532519779,-57.2526936548602,0,-0.504683424483393,-0.253019048647342
"power_consumption_of_tetouan_city","lasso_cv",74,0.0132969712391536,385.322743053758,-58.2288669628814,0,-0.607416295484351,0
"power_consumption_of_tetouan_city","lasso_cv",75,0.0101699960815075,391.225039327675,-59.9160077288419,0,-0.431123285111881,0
"power_consumption_of_tetouan_city","lasso_cv",76,0.0179298678656498,368.724121412731,-56.6786457974428,0,-0.487789121475425,0
"power_consumption_of_tetouan_city","lasso_cv",77,0.0126194361250759,381.726709193071,-56.4448825923104,0,-0.317367057396477,-0.192403630123887
"power_consumption_of_tetouan_city","lasso_cv",78,0.0123420681110561,394.159140218459,-57.5068911617718,0,-0.511463873369035,0
"power_consumption_of_tetouan_city","lasso_cv",79,0.0115947591650393,381.065276535321,-60.7088419993616,0,-0.354505146381582,-0.387658369440505
"power_consumption_of_tetouan_city","lasso_cv",80,0.0178530764465297,380.649664546696,-53.6035694192616,0,-0.370862216373508,0
"power_consumption_of_tetouan_city","lasso_cv",81,0.0113570366589185,394.791338246999,-57.9159279538765,0,-0.613480911275373,-0.049026250754864
"power_consumption_of_tetouan_city","lasso_cv",82,0.0151744902531057,381.610487421963,-56.1282153335696,0,-0.3907332220515,0
"power_consumption_of_tetouan_city","lasso_cv",83,0.0157388822680689,380.192867020957,-63.9657063140503,0,-0.707345061688403,-0.123359491962258
"power_consumption_of_tetouan_city","lasso_cv",84,0.0116958548573317,388.393983486476,-57.3681587317845,0,-0.473216668385151,-0.142343138084425
"power_consumption_of_tetouan_city","lasso_cv",85,0.0144600984608532,390.131993190497,-56.5492747079359,0,-0.543032695524238,-0.214263455489975
"power_consumption_of_tetouan_city","lasso_cv",86,0.00920089646638338,385.334556600344,-58.6215511862144,0,-0.49296726002752,0
"power_consumption_of_tetouan_city","lasso_cv",87,0.0149595011072718,380.540412941701,-59.5444887403867,0,-0.517888896600002,-0.062604097875765
"power_consumption_of_tetouan_city","lasso_cv",88,0.0111501087902534,395.853132914789,-55.369691309463,0,-0.613360705458963,-0.0526516950759067
"power_consumption_of_tetouan_city","lasso_cv",89,0.0177727482846471,378.37048955035,-61.7423872545598,0,-0.653253116556929,-0.0701244775539083
"power_consumption_of_tetouan_city","lasso_cv",90,0.0106418322279946,386.088373941862,-56.2755570371294,0,-0.434572509500437,-0.320705640704787
"power_consumption_of_tetouan_city","lasso_cv",91,0.0165516076495668,378.110669789758,-60.6119346875943,0,-0.494849876661549,-0.317267804754454
"power_consumption_of_tetouan_city","lasso_cv",92,0.0122322610814867,389.373589224863,-57.3324103746933,0,-0.511547421970496,0
"power_consumption_of_tetouan_city","lasso_cv",93,0.0172137107942309,384.238810751778,-59.1152460891265,0,-0.76346055649617,0
"power_consumption_of_tetouan_city","lasso_cv",94,0.00976333497510307,398.649757063774,-60.2581814867976,0,-0.881801222034219,0
"power_consumption_of_tetouan_city","lasso_cv",95,0.016401945292137,377.196111009731,-56.5338217030163,0,-0.417503148328384,-0.140551526339028
"power_consumption_of_tetouan_city","lasso_cv",96,0.0159317159677257,376.342516387445,-61.0958417677165,0,-0.560824755398101,-0.263769978047417
"power_consumption_of_tetouan_city","lasso_cv",97,0.0173247952137592,377.792838300111,-59.1747273138622,0,-0.540999730527214,0
"power_consumption_of_tetouan_city","lasso_cv",98,0.0157917701338569,381.733865952373,-59.3161714237636,0,-0.645663886438649,-0.042427247283493
"power_consumption_of_tetouan_city","lasso_cv",99,0.0231575731739884,369.998230347191,-60.0505133411144,0,-0.501668478858038,0
"power_consumption_of_tetouan_city","lasso_cv",100,0.0123343201112138,384.623001801874,-59.6602101612142,0,-0.63149851834181,0
"power_consumption_of_tetouan_city","unireg",1,0,475.923324645448,-49.1018961824098,0,0,0
"power_consumption_of_tetouan_city","unireg",2,0,482.5034511516,-50.2099953378073,0,0,0
"power_consumption_of_tetouan_city","unireg",3,0,479.069477195639,-47.7083823988011,0,0,0
"power_consumption_of_tetouan_city","unireg",4,0,481.755045363684,-49.8291701562526,0,0,0
"power_consumption_of_tetouan_city","unireg",5,0,474.029109534504,-50.3351206335804,0,0,0
"power_consumption_of_tetouan_city","unireg",6,0,479.086867154234,-49.0223074573812,0,0,0
"power_consumption_of_tetouan_city","unireg",7,0,475.484127946538,-50.8360317983635,0,0,0
"power_consumption_of_tetouan_city","unireg",8,0,474.322735492062,-51.5527762248362,0,0,0
"power_consumption_of_tetouan_city","unireg",9,0,481.429768574717,-49.0613844462474,0,0,0
"power_consumption_of_tetouan_city","unireg",10,0,482.330475416054,-50.0447268599733,0,0,0
"power_consumption_of_tetouan_city","unireg",11,0,474.17255955183,-50.2574700809979,0,0,0
"power_consumption_of_tetouan_city","unireg",12,0,486.659085242703,-47.9620951535342,0,0,0
"power_consumption_of_tetouan_city","unireg",13,0,471.305285559812,-49.0201805975564,0,0,0
"power_consumption_of_tetouan_city","unireg",14,0,484.147489662327,-49.8765617914896,0,0,0
"power_consumption_of_tetouan_city","unireg",15,0,485.543216283631,-48.6866837475039,0,0,0
"power_consumption_of_tetouan_city","unireg",16,0,481.80447330746,-47.9025803962916,0,0,0
"power_consumption_of_tetouan_city","unireg",17,0,477.879066479951,-50.768816183317,0,0,0
"power_consumption_of_tetouan_city","unireg",18,0,467.781104187273,-52.8301225650591,0,0,0
"power_consumption_of_tetouan_city","unireg",19,0,485.299950140611,-45.9366644339251,0,0,0
"power_consumption_of_tetouan_city","unireg",20,0,483.455199234976,-47.4099139248872,0,0,0
"power_consumption_of_tetouan_city","unireg",21,0,483.358379679139,-50.0950186129929,0,0,0
"power_consumption_of_tetouan_city","unireg",22,0,473.216814042575,-51.3328372216048,0,0,0
"power_consumption_of_tetouan_city","unireg",23,0,474.679573853556,-51.0576451854577,0,0,0
"power_consumption_of_tetouan_city","unireg",24,0,476.271568265394,-52.1948881009422,0,0,0
"power_consumption_of_tetouan_city","unireg",25,0,484.607752436069,-50.8194710685994,0,0,0
"power_consumption_of_tetouan_city","unireg",26,0,476.389599140398,-50.472828924287,0,0,0
"power_consumption_of_tetouan_city","unireg",27,0,481.778105953826,-52.9155553734113,0,0,0
"power_consumption_of_tetouan_city","unireg",28,0,482.284373994245,-50.6420364138787,0,0,0
"power_consumption_of_tetouan_city","unireg",29,0,475.956481811038,-50.5043316788651,0,0,0
"power_consumption_of_tetouan_city","unireg",30,0,479.425998789648,-49.5171819243966,0,0,0
"power_consumption_of_tetouan_city","unireg",31,0,479.128864250725,-49.268727457033,0,0,0
"power_consumption_of_tetouan_city","unireg",32,0,483.687222884257,-47.5891604784347,0,0,0
"power_consumption_of_tetouan_city","unireg",33,0,474.69688088756,-51.1077693997372,0,0,0
"power_consumption_of_tetouan_city","unireg",34,0,482.938788342507,-47.1208290517785,0,0,0
"power_consumption_of_tetouan_city","unireg",35,0,487.028962763532,-45.7161260711984,0,0,0
"power_consumption_of_tetouan_city","unireg",36,0,485.890281197778,-45.104438260854,0,0,0
"power_consumption_of_tetouan_city","unireg",37,0,481.158738964834,-50.4545490619646,0,0,0
"power_consumption_of_tetouan_city","unireg",38,0,482.60361682678,-49.5621009521773,0,0,0
"power_consumption_of_tetouan_city","unireg",39,0,480.672107748977,-46.7790907505764,0,0,0
"power_consumption_of_tetouan_city","unireg",40,0,477.212376553492,-50.5282348226893,0,0,0
"power_consumption_of_tetouan_city","unireg",41,0,475.373004274737,-49.6371820327925,0,0,0
"power_consumption_of_tetouan_city","unireg",42,0,478.109896450344,-47.8953512559301,0,0,0
"power_consumption_of_tetouan_city","unireg",43,0,472.406541824525,-51.1846293626388,0,0,0
"power_consumption_of_tetouan_city","unireg",44,0,479.4213565405,-50.0979693430065,0,0,0
"power_consumption_of_tetouan_city","unireg",45,0,471.416814057759,-48.4721566807257,0,0,0
"power_consumption_of_tetouan_city","unireg",46,0,479.845490219824,-48.5347016529095,0,0,0
"power_consumption_of_tetouan_city","unireg",47,0,475.499546577857,-50.3775428086815,0,0,0
"power_consumption_of_tetouan_city","unireg",48,0,482.46323571557,-49.6444691709763,0,0,0
"power_consumption_of_tetouan_city","unireg",49,0,480.345915162074,-51.5647047049709,0,0,0
"power_consumption_of_tetouan_city","unireg",50,0,480.915822304618,-48.8571852895396,0,0,0
"power_consumption_of_tetouan_city","unireg",51,0,481.652505877733,-45.1256345234849,0,0,0
"power_consumption_of_tetouan_city","unireg",52,0,478.174525231967,-49.0928552741355,0,0,0
"power_consumption_of_tetouan_city","unireg",53,0,489.430185575504,-47.3061770965861,0,0,0
"power_consumption_of_tetouan_city","unireg",54,0,485.3979233922,-50.3858609767857,0,0,0
"power_consumption_of_tetouan_city","unireg",55,0,475.955637777716,-51.4972541192661,0,0,0
"power_consumption_of_tetouan_city","unireg",56,0,483.388838912044,-44.9647765087813,0,0,0
"power_consumption_of_tetouan_city","unireg",57,0,502.142995519465,-42.721486771173,0,0,0
"power_consumption_of_tetouan_city","unireg",58,0,488.562328810021,-46.8229338629939,0,0,0
"power_consumption_of_tetouan_city","unireg",59,0,474.032348190315,-48.360929041832,0,0,0
"power_consumption_of_tetouan_city","unireg",60,0,476.077655139656,-48.2317652583472,0,0,0
"power_consumption_of_tetouan_city","unireg",61,0,485.944448388245,-50.2962560418005,0,0,0
"power_consumption_of_tetouan_city","unireg",62,0,477.645128758366,-49.871433453087,0,0,0
"power_consumption_of_tetouan_city","unireg",63,0,473.53163497177,-48.8061994097183,0,0,0
"power_consumption_of_tetouan_city","unireg",64,0,482.346481577876,-47.5156922091446,0,0,0
"power_consumption_of_tetouan_city","unireg",65,0,474.608958193865,-48.3212572867517,0,0,0
"power_consumption_of_tetouan_city","unireg",66,0,480.859064861612,-49.6728665373581,0,0,0
"power_consumption_of_tetouan_city","unireg",67,0,480.853413711444,-51.3842112456644,0,0,0
"power_consumption_of_tetouan_city","unireg",68,0,475.8599689571,-48.4348353704791,0,0,0
"power_consumption_of_tetouan_city","unireg",69,0,476.467775378934,-49.5725878711079,0,0,0
"power_consumption_of_tetouan_city","unireg",70,0,476.322667793716,-49.2858743105413,0,0,0
"power_consumption_of_tetouan_city","unireg",71,0,476.713942572823,-48.3235456245522,0,0,0
"power_consumption_of_tetouan_city","unireg",72,0,478.542551978012,-50.0644852324268,0,0,0
"power_consumption_of_tetouan_city","unireg",73,0,473.590443309651,-48.7355198642347,0,0,0
"power_consumption_of_tetouan_city","unireg",74,0,478.449708118097,-48.8534679218592,0,0,0
"power_consumption_of_tetouan_city","unireg",75,0,481.817452714079,-51.9030619860916,0,0,0
"power_consumption_of_tetouan_city","unireg",76,0,474.60546546806,-46.6828691424043,0,0,0
"power_consumption_of_tetouan_city","unireg",77,0,476.947038350774,-48.4993845241852,0,0,0
"power_consumption_of_tetouan_city","unireg",78,0,488.724293060236,-48.7569878073685,0,0,0
"power_consumption_of_tetouan_city","unireg",79,0,473.651859391031,-52.2666397324514,0,0,0
"power_consumption_of_tetouan_city","unireg",80,0,488.668335499545,-44.4889332668799,0,0,0
"power_consumption_of_tetouan_city","unireg",81,0,484.647806596051,-48.8976782914988,0,0,0
"power_consumption_of_tetouan_city","unireg",82,0,482.48783821641,-47.4931606774743,0,0,0
"power_consumption_of_tetouan_city","unireg",83,0,477.709260243795,-53.0836658937347,0,0,0
"power_consumption_of_tetouan_city","unireg",84,0,480.426152761625,-49.0459454803541,0,0,0
"power_consumption_of_tetouan_city","unireg",85,0,488.067610783856,-46.8246173996898,0,0,0
"power_consumption_of_tetouan_city","unireg",86,0,471.587590457885,-50.6265902922252,0,0,0
"power_consumption_of_tetouan_city","unireg",87,0,479.350443746026,-50.2009725132963,0,0,0
"power_consumption_of_tetouan_city","unireg",88,0,485.768080271983,-46.5919495819304,0,0,0
"power_consumption_of_tetouan_city","unireg",89,0,481.005373590176,-51.013322454551,0,0,0
"power_consumption_of_tetouan_city","unireg",90,0,475.549751657421,-47.7330748036969,0,0,0
"power_consumption_of_tetouan_city","unireg",91,0,480.151453048452,-50.5076710640496,0,0,0
"power_consumption_of_tetouan_city","unireg",92,0,482.366326785952,-48.8443910440754,0,0,0
"power_consumption_of_tetouan_city","unireg",93,0,484.823495246714,-47.6390206320889,0,0,0
"power_consumption_of_tetouan_city","unireg",94,0,481.054618520553,-50.3505048327138,0,0,0
"power_consumption_of_tetouan_city","unireg",95,0,480.838914434608,-47.1619903815648,0,0,0
"power_consumption_of_tetouan_city","unireg",96,0,475.863925143363,-51.0518664995656,0,0,0
"power_consumption_of_tetouan_city","unireg",97,0,482.848964776765,-48.9678237650479,0,0,0
"power_consumption_of_tetouan_city","unireg",98,0,481.458261624576,-49.2241884330622,0,0,0
"power_consumption_of_tetouan_city","unireg",99,0,489.444399093199,-48.4139743432083,0,0,0
"power_consumption_of_tetouan_city","unireg",100,0,475.048429933625,-50.3488314001485,0,0,0
"power_consumption_of_tetouan_city","least_squares",1,-0.0141913858198434,560.620611236703,-53.8871396787427,-154.124180628329,-1.77737176846151,-0.173075846926461
"power_consumption_of_tetouan_city","least_squares",2,-0.0154115207160019,562.334930663298,-54.4395137337163,-125.811610504622,-1.70181393342291,-0.0496231968169292
"power_consumption_of_tetouan_city","least_squares",3,-0.0123425772039245,557.298179869303,-52.0446592942653,-143.474735149357,-1.69234796837381,-0.0200505897443938
"power_consumption_of_tetouan_city","least_squares",4,-0.012091497993888,557.126412413183,-54.6986168875156,-134.297660627494,-1.68520775570581,-0.162845511378647
"power_consumption_of_tetouan_city","least_squares",5,-0.0153210760751593,556.963320230579,-54.8256600769332,-132.682151305097,-1.72856350480541,-0.342593806575294
"power_consumption_of_tetouan_city","least_squares",6,-0.0204568008895607,573.191809171836,-51.4156897877126,-152.591713712598,-1.58480866160787,-0.364611053614644
"power_consumption_of_tetouan_city","least_squares",7,-0.0169474739590275,562.110907281401,-53.4570035554643,-150.984832904447,-1.62739754557066,0.029117078769815
"power_consumption_of_tetouan_city","least_squares",8,-0.0153104783658064,556.738523628604,-56.6812588061532,-126.6823284473,-1.92701093008302,0.141350468858766
"power_consumption_of_tetouan_city","least_squares",9,-0.0144456228863866,565.922269307657,-53.1034012113423,-158.445828686453,-1.67817122819809,-0.134598244362095
"power_consumption_of_tetouan_city","least_squares",10,-0.0146544862624663,565.673575229639,-53.2706927326873,-154.990028880776,-1.64283623658896,0.175209221947007
"power_consumption_of_tetouan_city","least_squares",11,-0.0132846694342383,556.603885729274,-55.7163410939859,-141.558238630748,-1.94030652272869,0.0406044673799901
"power_consumption_of_tetouan_city","least_squares",12,-0.0117079693145125,563.76635088014,-53.3267840641016,-139.81208332055,-1.78430661986765,-0.100789113026001
"power_consumption_of_tetouan_city","least_squares",13,-0.0143760725419886,555.28770551714,-52.8542948199352,-158.64197199026,-1.57843632482204,-0.451133913639236
"power_consumption_of_tetouan_city","least_squares",14,-0.0133992542332619,569.243729392815,-54.8507380160273,-154.789475712939,-1.82233097931746,-0.217575876883539
"power_consumption_of_tetouan_city","least_squares",15,-0.0136541890360294,561.869833781667,-54.3674303491059,-114.523801355384,-1.82425883830987,-0.187598108358138
"power_consumption_of_tetouan_city","least_squares",16,-0.0127127472152339,558.648840038089,-51.3111915374255,-146.442397189851,-1.51370063114541,-0.130942091205701
"power_consumption_of_tetouan_city","least_squares",17,-0.0139155673991065,558.932611202578,-55.7104668873935,-143.646006391236,-1.69348220728846,-0.461992823572152
"power_consumption_of_tetouan_city","least_squares",18,-0.0149236296169675,555.157291361427,-56.2715125205539,-170.410180324058,-1.560634429485,-0.379013038743966
"power_consumption_of_tetouan_city","least_squares",19,-0.0141976847476016,562.170953719639,-50.1446346874091,-124.063826738999,-1.67835451426456,-0.0451525390758797
"power_consumption_of_tetouan_city","least_squares",20,-0.0143246926718866,561.872574548217,-51.5257672158931,-135.680995379965,-1.66968773484522,0.0393375408521832
"power_consumption_of_tetouan_city","least_squares",21,-0.0166637544535586,567.65673407876,-54.7694780608309,-123.364408491911,-1.93946336978145,0.172714791854723
"power_consumption_of_tetouan_city","least_squares",22,-0.0159566372983715,553.404338353622,-54.8542715703678,-127.508949825096,-1.58426197987112,-0.245237307006109
"power_consumption_of_tetouan_city","least_squares",23,-0.0133484406924395,545.893182428973,-55.5514266844719,-108.20333923051,-1.60319432479617,-0.178943219836834
"power_consumption_of_tetouan_city","least_squares",24,-0.0164501767839144,566.186876465247,-57.8843747188084,-140.033064535511,-1.94478303382638,-0.450214325199008
"power_consumption_of_tetouan_city","least_squares",25,-0.0172506111399158,570.030748343269,-55.8240603577355,-128.902825320855,-1.83410925183722,-0.209370840218467
"power_consumption_of_tetouan_city","least_squares",26,-0.0144962966268975,559.364466030252,-55.0866801442413,-139.103139560977,-1.77957050375773,-0.149048701081601
"power_consumption_of_tetouan_city","least_squares",27,-0.0147779575322322,567.509571269362,-56.995790070089,-155.756886744113,-1.77724718928339,-0.0152203023236336
"power_consumption_of_tetouan_city","least_squares",28,-0.0127109370613357,557.209225906658,-54.3335361736079,-134.746224192576,-1.60403639817861,0.0642476939440945
"power_consumption_of_tetouan_city","least_squares",29,-0.0164335111460328,549.217350799733,-54.0252768048005,-95.7930006880376,-1.56008500768821,-0.00664013369703889
"power_consumption_of_tetouan_city","least_squares",30,-0.0133022703122486,559.783502926665,-53.1455804562688,-148.994904461529,-1.64406309167581,-0.0840262922004357
"power_consumption_of_tetouan_city","least_squares",31,-0.0163528012669717,560.649072206166,-53.3243638956042,-127.483686849168,-1.66049425642227,-0.232973264827571
"power_consumption_of_tetouan_city","least_squares",32,-0.0168113192873089,568.872204875404,-51.4224775439288,-139.45165930327,-1.67424369965832,-0.303287962119116
"power_consumption_of_tetouan_city","least_squares",33,-0.0132385213246489,554.303001015816,-55.9469161156513,-140.641226385953,-1.6622217863754,-0.410489871638836
"power_consumption_of_tetouan_city","least_squares",34,-0.01510243930501,568.802908766531,-51.4423174131678,-147.60365038928,-1.84008354367799,0.082167586618017
"power_consumption_of_tetouan_city","least_squares",35,-0.015463555842818,568.026932571102,-49.4573330106867,-134.054598818076,-1.62368056754976,-0.211766259582114
"power_consumption_of_tetouan_city","least_squares",36,-0.0130416262377289,563.74802737098,-49.3513602521632,-141.687634646143,-1.69913043229661,0.121045680282621
"power_consumption_of_tetouan_city","least_squares",37,-0.0104866334167458,556.753432329528,-55.8717332879759,-146.291932501898,-1.70308002680851,-0.240018152309931
"power_consumption_of_tetouan_city","least_squares",38,-0.0163673447032568,571.307060498225,-53.5776130122636,-152.898013263615,-1.86775012820088,0.224552808647517
"power_consumption_of_tetouan_city","least_squares",39,-0.0115602291011189,561.57803985571,-51.6374191670635,-162.871020457972,-1.71712192560144,-0.0613534718252582
"power_consumption_of_tetouan_city","least_squares",40,-0.0166203130861243,559.89514533541,-53.807328918807,-140.877226097165,-1.56860419905497,-0.0827046637002992
"power_consumption_of_tetouan_city","least_squares",41,-0.0132156797878894,555.486956921813,-54.7100726274396,-138.299913635369,-1.85120439667363,-0.129523782573914
"power_consumption_of_tetouan_city","least_squares",42,-0.0185402230340089,565.806064060452,-51.0217007889823,-141.334106498144,-1.67884753725449,0.0170313028040416
"power_consumption_of_tetouan_city","least_squares",43,-0.0146701161944979,555.330307484761,-56.1316785112309,-139.045242220112,-1.75644182864601,-0.476076647966874
"power_consumption_of_tetouan_city","least_squares",44,-0.00939981711920636,549.422853713343,-54.5928983759516,-137.993741262562,-1.57077393094894,-0.0981895856582262
"power_consumption_of_tetouan_city","least_squares",45,-0.0183740543792393,560.079356371134,-51.3503343534446,-145.259813906997,-1.65119838119871,-0.0867378796449231
"power_consumption_of_tetouan_city","least_squares",46,-0.0158171860167223,561.998575993505,-52.9271741666721,-127.703659850624,-1.79674258333992,-0.00990611538334515
"power_consumption_of_tetouan_city","least_squares",47,-0.0119117923172319,552.544758560231,-56.8701890679661,-122.981130133546,-1.94315181297394,-0.11611180116822
"power_consumption_of_tetouan_city","least_squares",48,-0.00839356650802994,553.734027597684,-55.0389642515556,-151.566728468821,-1.63062368020477,-0.270616874028236
"power_consumption_of_tetouan_city","least_squares",49,-0.0140623627919843,562.200131601152,-56.6480204456009,-136.132360086794,-1.86634949412222,-0.0602084758601307
"power_consumption_of_tetouan_city","least_squares",50,-0.0145249295876879,560.806553278189,-52.63075614957,-138.414243597318,-1.51156090752309,-0.492318038981447
"power_consumption_of_tetouan_city","least_squares",51,-0.017060700742591,563.829322507375,-48.7402094003812,-130.486878615076,-1.54479820198571,-0.397490090835808
"power_consumption_of_tetouan_city","least_squares",52,-0.0131110964347741,560.211971857362,-53.2585496220203,-155.892630519571,-1.65680808476386,-0.223932580148599
"power_consumption_of_tetouan_city","least_squares",53,-0.0178879414493863,578.510887562381,-50.7936803833478,-146.796843798969,-1.73666985194663,0.0201622799516105
"power_consumption_of_tetouan_city","least_squares",54,-0.0142581123708595,563.778818606819,-55.588537923469,-124.196592853253,-1.75291875529973,-0.325572506887697
"power_consumption_of_tetouan_city","least_squares",55,-0.0140638334435555,549.472026095479,-55.0328636568611,-116.295759490181,-1.59654837947206,0.195755476813728
"power_consumption_of_tetouan_city","least_squares",56,-0.01370086052195,561.057271867029,-49.5398321757581,-128.876625856391,-1.66870028479482,-0.137988188766829
"power_consumption_of_tetouan_city","least_squares",57,-0.0202625770929712,594.636153900485,-46.1142120093951,-133.834258447625,-1.79503174007285,-0.101896384592388
"power_consumption_of_tetouan_city","least_squares",58,-0.010378123485731,561.344371414791,-51.9195936137808,-136.576454962996,-1.68572450804848,-0.171293843434534
"power_consumption_of_tetouan_city","least_squares",59,-0.0134414603792216,556.334840093219,-53.8231126187949,-147.915521917587,-1.80061603915046,-0.472673611193613
"power_consumption_of_tetouan_city","least_squares",60,-0.0166424939672936,559.929934590753,-51.926240664144,-137.681913099896,-1.66395255826874,-0.0851314723563359
"power_consumption_of_tetouan_city","least_squares",61,-0.0131651530177479,566.25476678477,-55.4048283338632,-139.631472639821,-1.87510493038936,0.191934892411691
"power_consumption_of_tetouan_city","least_squares",62,-0.0126717157379553,553.802583946853,-54.9671858011607,-131.154277470609,-1.77785912342152,0.00735233683401631
"power_consumption_of_tetouan_city","least_squares",63,-0.0155424620355974,560.827203723179,-53.2975745955074,-157.753694850611,-1.70050934553482,-0.395357468620206
"power_consumption_of_tetouan_city","least_squares",64,-0.0177783946668554,566.864416943001,-51.4648228759552,-131.027043912861,-1.62630461693583,-0.353559858453239
"power_consumption_of_tetouan_city","least_squares",65,-0.0150304508562362,553.763589389873,-52.3162236610244,-125.779316143878,-1.6439634347872,-0.201426707516294
"power_consumption_of_tetouan_city","least_squares",66,-0.019741934864682,575.52353009088,-52.9945580021992,-149.191533830402,-1.78520895791476,-0.146940598039955
"power_consumption_of_tetouan_city","least_squares",67,-0.0130542106198991,564.977700189191,-57.3097199671001,-149.412080645847,-1.89700888831131,-0.294835437964924
"power_consumption_of_tetouan_city","least_squares",68,-0.0146325062784087,559.484956138271,-52.0769720126199,-154.216469358189,-1.70015832318418,0.224328948375662
"power_consumption_of_tetouan_city","least_squares",69,-0.0137988162066896,555.744746699104,-53.3744873651021,-149.787355021106,-1.55358913652651,-0.127980686627635
"power_consumption_of_tetouan_city","least_squares",70,-0.0160083664707538,561.395910013849,-51.9179360713764,-154.533892715066,-1.6021990322166,0.117751901478769
"power_consumption_of_tetouan_city","least_squares",71,-0.0136402992476436,557.012690898703,-52.9399738454225,-139.181289946288,-1.77088278818038,-0.0700807901184569
"power_consumption_of_tetouan_city","least_squares",72,-0.0148804793757881,563.348049085877,-53.6404773106639,-158.752790549611,-1.6471891820528,-0.151011529784108
"power_consumption_of_tetouan_city","least_squares",73,-0.0173377107666433,559.903947053639,-52.4528545442023,-137.644805256837,-1.63568720051875,-0.325969406051317
"power_consumption_of_tetouan_city","least_squares",74,-0.016026443872275,563.910470992656,-53.3506645641768,-137.692731045774,-1.80465209383408,-0.085001555371681
"power_consumption_of_tetouan_city","least_squares",75,-0.0192057608078475,571.795591785299,-54.3190809000182,-140.981238205474,-1.67717493806011,0.146606515282046
"power_consumption_of_tetouan_city","least_squares",76,-0.0112556059756936,551.616486793196,-51.0046563182958,-148.592097531197,-1.69768075866374,0.0456432453391476
"power_consumption_of_tetouan_city","least_squares",77,-0.0159198440887904,557.027970762395,-51.6069995519616,-132.426167661446,-1.5004604353082,-0.252985769058405
"power_consumption_of_tetouan_city","least_squares",78,-0.0175256648003387,573.657138026323,-52.2846124281865,-126.998208208905,-1.7498337195255,0.1670767501439
"power_consumption_of_tetouan_city","least_squares",79,-0.0172735233603346,558.46885741351,-55.2926657875422,-137.824202360653,-1.50233288020523,-0.502369148001545
"power_consumption_of_tetouan_city","least_squares",80,-0.0126633151318358,561.55542376916,-48.5822929108932,-126.20630014476,-1.59350555497214,0.052358302815716
"power_consumption_of_tetouan_city","least_squares",81,-0.017745673055815,578.316260109816,-52.5916038780978,-162.477014020197,-1.79096821435007,-0.125854147005299
"power_consumption_of_tetouan_city","least_squares",82,-0.0145253585893484,558.810680837066,-50.8230743926307,-126.305833510637,-1.58974731468739,0.110321801459122
"power_consumption_of_tetouan_city","least_squares",83,-0.0138815911943258,559.638786195371,-59.1001705354138,-140.63678337719,-1.88435359801298,-0.213645783029698
"power_consumption_of_tetouan_city","least_squares",84,-0.0171498722574168,564.349376655465,-52.8147757736355,-131.803746145743,-1.62631991869798,-0.22425633832768
"power_consumption_of_tetouan_city","least_squares",85,-0.0157808384162994,565.889764265412,-51.4650658705133,-109.018246387626,-1.71468762819758,-0.294214238895738
"power_consumption_of_tetouan_city","least_squares",86,-0.0191159900842433,559.640920533751,-53.388061118866,-138.965516545943,-1.66091311212108,0.0979768614940839
"power_consumption_of_tetouan_city","least_squares",87,-0.0142824793204737,561.113357160433,-54.518086428548,-145.288210005334,-1.72058258113052,-0.111749108390383
"power_consumption_of_tetouan_city","least_squares",88,-0.0180772257779304,578.676836939457,-50.3737115080076,-157.004160892219,-1.78219845024139,-0.126955864653867
"power_consumption_of_tetouan_city","least_squares",89,-0.0124988296098267,552.111555448198,-56.9654304276301,-105.886538422843,-1.8198572049782,-0.133389415115436
"power_consumption_of_tetouan_city","least_squares",90,-0.0169899016520246,562.805892963073,-50.9305625168562,-152.720778310145,-1.56499003629388,-0.421851938330719
"power_consumption_of_tetouan_city","least_squares",91,-0.0128901317479399,559.205450070295,-55.4836157387963,-146.993220603278,-1.66339716823426,-0.43082514760104
"power_consumption_of_tetouan_city","least_squares",92,-0.0163096435788186,565.100252334314,-52.7501783911211,-135.262761419658,-1.70463617254682,0.0741975147013276
"power_consumption_of_tetouan_city","least_squares",93,-0.0129814494246311,564.141245525559,-53.8117156107178,-130.135927600215,-1.96054111550617,-0.0810477690089529
"power_consumption_of_tetouan_city","least_squares",94,-0.0190563277884721,572.617311190903,-55.3142930828753,-130.946811079236,-2.06150590051963,0.0921279142872584
"power_consumption_of_tetouan_city","least_squares",95,-0.0134259233126304,556.832502946761,-51.3171413486099,-133.172583631291,-1.59323495424046,-0.235249194221569
"power_consumption_of_tetouan_city","least_squares",96,-0.0142857465180057,562.422117227318,-55.7561335999513,-154.892033502792,-1.77079972625351,-0.40328506528299
"power_consumption_of_tetouan_city","least_squares",97,-0.0127760288578994,561.376040553959,-53.7389489038662,-143.329851759057,-1.77576674064103,0.0804788777228078
"power_consumption_of_tetouan_city","least_squares",98,-0.0143167894985764,563.889247469719,-54.5486105007044,-135.51539967391,-1.85224679652332,-0.106763355533645
"power_consumption_of_tetouan_city","least_squares",99,-0.00860315436112329,558.061520491377,-54.3878132708718,-129.741204200805,-1.78593902772724,0.118106667980369
"power_consumption_of_tetouan_city","least_squares",100,-0.0168511945191836,555.394912182826,-54.8664403954672,-112.624755504992,-1.78308770327719,0.0111774683127224
