"dataset","method","split_id","displacement","cylinders","horsepower","weight","acceleration","model_year","origin"
"auto_mpg","uni_loo",1,-0.0619519759323672,-3.70192656633579,-0.172095937003511,-0.0075978270395201,1.20764111444662,1.1939905790033,5.41578597150462
"auto_mpg","uni_loo",2,-0.0568859157606222,-3.3789558042987,-0.151616837128864,-0.0073327379321395,1.32674599519052,1.30996076364487,5.36700380771061
"auto_mpg","uni_loo",3,-0.0629253490617796,-3.88178456451753,-0.159838236933574,-0.00795171912907787,1.27731261807716,1.39738048174646,5.96969772051537
"auto_mpg","uni_loo",4,-0.0624854405842831,-3.62219833526267,-0.162380503012119,-0.00787005816494932,1.0507882496571,1.16795093328236,5.64015022191874
"auto_mpg","uni_loo",5,-0.062603628033609,-3.56226044733716,-0.162839835755714,-0.00765428427445296,1.3150097532092,1.26415273472505,6.15645258328946
"auto_mpg","uni_loo",6,-0.0574702628604843,-3.48332960852237,-0.143494868644506,-0.00755996928074549,0.953719640473362,1.14391002229194,5.10777983007019
"auto_mpg","uni_loo",7,-0.0598288857383243,-3.5657709976597,-0.157051218301686,-0.00753502779546089,1.20416718460193,1.19814147043972,5.16696881241358
"auto_mpg","uni_loo",8,-0.0585801819611138,-3.50489276833817,-0.157371098348366,-0.00751793568428345,1.18633742321392,1.21555359631299,4.93965555971546
"auto_mpg","uni_loo",9,-0.0579899503925335,-3.33487464900039,-0.156284613873736,-0.00720826212019203,1.40080538374049,1.09899589308767,4.92525356576863
"auto_mpg","uni_loo",10,-0.058654864514594,-3.69200161761086,-0.150524244325776,-0.00743759650979904,1.21814099944615,1.15438824506301,5.46671075504497
"auto_mpg","uni_loo",11,-0.0628916134455016,-3.78164061863399,-0.164256202194897,-0.00803638987206134,1.37781015164147,1.45395958154125,6.11754393101204
"auto_mpg","uni_loo",12,-0.0641173723305743,-3.64972922220546,-0.176181405317253,-0.00794535996395008,1.21584895846662,1.37285340246464,5.58044470196277
"auto_mpg","uni_loo",13,-0.0616426593801114,-3.72634803685821,-0.159172663867866,-0.00809939773010227,1.00790593813119,1.17030815352906,5.68893903521752
"auto_mpg","uni_loo",14,-0.0609894483088804,-3.68536593886463,-0.156125042460214,-0.00775684937321836,1.39285192458443,1.27696225893099,6.15833748339973
"auto_mpg","uni_loo",15,-0.0610248170070576,-3.76848893801366,-0.154117902722743,-0.00772164449066906,1.1019730660602,1.24653558776665,5.79046317010523
"auto_mpg","uni_loo",16,-0.0622477493678019,-3.62086475572506,-0.170943985579288,-0.00794530067154561,1.27085798405072,1.31622027318907,5.81278174380364
"auto_mpg","uni_loo",17,-0.0609972673615519,-3.60664995949778,-0.156976269735441,-0.00784381645564377,1.31286050643268,1.23681805265297,5.768483850233
"auto_mpg","uni_loo",18,-0.0620697713696841,-3.64478148797088,-0.16712092799755,-0.00793254782071523,1.30953430609287,1.29821759654006,5.907058515806
"auto_mpg","uni_loo",19,-0.0582836713275085,-3.4346286038136,-0.155714600606748,-0.00751489090497409,0.905493802242439,1.13265487002697,5.00495741337964
"auto_mpg","uni_loo",20,-0.0599026545764901,-3.65457318627534,-0.154571114113769,-0.00779077706356126,1.10200702339272,1.30559330535407,5.72488902042024
"auto_mpg","uni_loo",21,-0.0622900603744116,-3.71602322256103,-0.159229268940053,-0.00764874150724205,1.22111658262688,1.29378343499013,6.11092689088899
"auto_mpg","uni_loo",22,-0.0585800806603078,-3.22897874501015,-0.160960394581608,-0.0073590932732409,1.27896525610061,1.06317485767231,4.9132577492747
"auto_mpg","uni_loo",23,-0.0590924069374684,-3.49546402686936,-0.149442079656468,-0.0075857421260758,1.22363585092604,1.10835280995344,5.6813522692189
"auto_mpg","uni_loo",24,-0.0554461938906489,-3.41384300967634,-0.140240532627437,-0.00704332587853674,1.3278395689983,1.13530660029689,5.8630746007012
"auto_mpg","uni_loo",25,-0.058878982159822,-3.49513515444946,-0.152417793168555,-0.00765626763729335,1.06028457848133,1.26307805811389,5.16056989407728
"auto_mpg","uni_loo",26,-0.0604622078011922,-3.44572843582336,-0.161767618014142,-0.00771324375492138,1.08858632446158,1.34428909223807,5.21318494444865
"auto_mpg","uni_loo",27,-0.0625656757619382,-3.55801650869155,-0.165918643571582,-0.0076325551423307,0.826232259677919,1.25646519538704,5.44331518693459
"auto_mpg","uni_loo",28,-0.0607624732201342,-3.68152045578065,-0.156745519811704,-0.00774575826003708,1.19256616025897,1.32571288368352,5.50569443395514
"auto_mpg","uni_loo",29,-0.0641077695783088,-3.49600903091352,-0.169858335751738,-0.00768305119503092,1.27954516833359,1.13399609351401,5.31844376188386
"auto_mpg","uni_loo",30,-0.0599124955617585,-3.66127192902556,-0.155535613644188,-0.00729320662558557,1.09682089399346,1.20345409184511,5.88511542160949
"auto_mpg","uni_loo",31,-0.0604983277359484,-3.5874145246695,-0.164254705554801,-0.00793703856440731,1.48402877628904,1.19584397508612,5.57150164544284
"auto_mpg","uni_loo",32,-0.0607317890365409,-3.59852354912683,-0.153865379993054,-0.00766156934949794,1.2108638206872,1.1922438181949,5.68381382424452
"auto_mpg","uni_loo",33,-0.0561130778029729,-3.299212135872,-0.152535289975579,-0.00730997584603764,1.02730567021078,1.08253506658015,5.14544397208631
"auto_mpg","uni_loo",34,-0.0624324657468704,-3.69766899131888,-0.157942382627709,-0.00796267120537648,1.31946512707386,1.33266461700964,6.0135549672999
"auto_mpg","uni_loo",35,-0.0635304831481438,-3.85212067748765,-0.157377991134425,-0.00794988665091549,1.19766090049723,1.38254001428148,6.28032092530749
"auto_mpg","uni_loo",36,-0.0633804577860595,-3.83308986393841,-0.162636938093983,-0.0077332054715011,1.41605495423913,1.27873158124392,5.85981352718079
"auto_mpg","uni_loo",37,-0.0631347671291987,-3.74486922056153,-0.164015002648996,-0.00812766601820459,1.23780700959879,1.23210932496252,6.21533858618895
"auto_mpg","uni_loo",38,-0.0616242696492095,-3.68132955536181,-0.15487778072319,-0.00784210089866047,1.136046741281,1.31045302095897,5.92916308845343
"auto_mpg","uni_loo",39,-0.0596036105688526,-3.58808741545936,-0.156487953182253,-0.00784875285167668,1.27242346470004,1.25993530301301,5.65624761030817
"auto_mpg","uni_loo",40,-0.062322321276822,-3.6827043900897,-0.161503862743875,-0.0079845533510331,0.800102696170642,1.2463766835578,5.37138337954077
"auto_mpg","uni_loo",41,-0.0589341615425551,-3.6003199160432,-0.154199550839613,-0.00764794269257784,1.37618190794416,1.2474525208855,6.07877372702621
"auto_mpg","uni_loo",42,-0.0611791687356166,-3.50964510441156,-0.166013250439945,-0.00777160067124879,1.15805887137495,1.1727214573962,5.36561387563432
"auto_mpg","uni_loo",43,-0.0599449351196985,-3.49382600642997,-0.162287315681763,-0.00763371603840968,1.25104798313061,1.26799634038307,5.22259102386577
"auto_mpg","uni_loo",44,-0.0587460098518822,-3.40345359579175,-0.148563308348071,-0.0074180300091403,0.990160670212128,1.15342302652742,5.33683950804737
"auto_mpg","uni_loo",45,-0.0635714995527053,-3.7432364483689,-0.162340881376795,-0.00795349143997224,1.22216986271253,1.3636502622909,6.07499159663866
"auto_mpg","uni_loo",46,-0.0630302789182153,-3.74781871238373,-0.157884660615546,-0.00803164707329957,1.14150070850904,1.3027743126494,5.38449143656064
"auto_mpg","uni_loo",47,-0.0597632276005703,-3.67245671999056,-0.147589713902671,-0.00745684402146187,1.28533390480848,1.28183427787347,6.35681109844166
"auto_mpg","uni_loo",48,-0.0571002758308468,-3.44852699052095,-0.152540404089841,-0.00741717147767743,1.31775483527736,1.31975228657157,5.6780017633857
"auto_mpg","uni_loo",49,-0.062794054714232,-3.66800697395663,-0.165294320611057,-0.00803846835541472,1.05293028443645,1.22599841049077,5.53551346199667
"auto_mpg","uni_loo",50,-0.0596899673045844,-3.62817964480875,-0.151992260087016,-0.00763457161610158,1.09015503016435,1.20699181107278,5.48659538747018
"auto_mpg","uni_loo",51,-0.0627721671381214,-3.59857039225747,-0.178931112601169,-0.0077569631828185,1.22029797785668,1.2305185380657,5.74737908029545
"auto_mpg","uni_loo",52,-0.0600685967764305,-3.61757409882284,-0.149157828205538,-0.00764657650923678,1.11916881413649,1.13270475172774,5.34051477938026
"auto_mpg","uni_loo",53,-0.0615255552302761,-3.66813980889961,-0.16016466566699,-0.00806842773989363,1.28631406670543,1.20683868253606,5.30078658142375
"auto_mpg","uni_loo",54,-0.0631926284086548,-3.72686315612946,-0.168442877565577,-0.00810785242378178,1.28977647156283,1.35466772151899,5.58327442280214
"auto_mpg","uni_loo",55,-0.0594642613314804,-3.52084262722624,-0.163822469290791,-0.00733968282395598,1.42362000885501,1.05477840255892,5.41013683010262
"auto_mpg","uni_loo",56,-0.0592412870380649,-3.54373325578116,-0.156635498688395,-0.00732082165004289,1.24946835522297,1.14073783956438,5.82380468404772
"auto_mpg","uni_loo",57,-0.06331698133713,-3.80759641499185,-0.160678946423142,-0.00763582832517593,0.998681677682743,1.27828213432787,5.93331675076399
"auto_mpg","uni_loo",58,-0.0602352767815166,-3.57572822461248,-0.15500198352615,-0.00792269196188783,1.17445947704463,1.26308165750239,5.04018126888217
"auto_mpg","uni_loo",59,-0.0614397099634249,-3.5419441374639,-0.156660567503375,-0.00798189547273673,1.29154309435208,1.13612927033162,5.81539619651348
"auto_mpg","uni_loo",60,-0.0580602742914685,-3.46575661072745,-0.139604860779602,-0.00758295899102427,0.890219975143224,1.02136498193375,5.55485797288573
"auto_mpg","uni_loo",61,-0.0621099531662244,-3.71462708052181,-0.158233402546173,-0.00805143107200533,1.39321496503749,1.21924881595699,5.64323600422514
"auto_mpg","uni_loo",62,-0.0621052059810817,-3.74731797354403,-0.154504091699733,-0.00776820689379045,1.33050367222517,1.37151257610559,6.14459748278319
"auto_mpg","uni_loo",63,-0.0565274403865801,-3.4990532985464,-0.149508101765105,-0.00761458331000115,1.20672339274343,1.24294383475553,5.28442902550586
"auto_mpg","uni_loo",64,-0.0610062113417019,-3.58923395621633,-0.15974912604125,-0.00774448630663446,1.21883071784672,1.32047166691165,5.4072537431048
"auto_mpg","uni_loo",65,-0.0625133437578765,-3.6432911305893,-0.167636489710956,-0.00764337935143837,1.26875264591305,1.27232847488476,5.93553825158546
"auto_mpg","uni_loo",66,-0.0624269429240594,-3.69698389458272,-0.162704046255828,-0.00780171337028961,1.17031144806227,1.26073807186064,6.12808219178082
"auto_mpg","uni_loo",67,-0.0569385973857753,-3.42359890062992,-0.144890825192752,-0.00725644796434426,1.32016514149862,1.08479311073137,6.34190669729634
"auto_mpg","uni_loo",68,-0.058318275726006,-3.47738028856207,-0.152405065125555,-0.007823262328446,1.33339970510169,1.30753031702738,4.62601196761703
"auto_mpg","uni_loo",69,-0.0634606196926868,-3.63996596643586,-0.168540175056409,-0.00798740296201327,1.38041362496504,1.28639918401241,5.99158729004581
"auto_mpg","uni_loo",70,-0.0567084132967358,-3.25244090657451,-0.157829029885008,-0.00743379240258123,1.20385662480851,1.14824143234176,5.0837341578867
"auto_mpg","uni_loo",71,-0.0576300362842274,-3.44883117335563,-0.153205036260984,-0.00741404731085192,1.27037009781759,1.22559087941874,5.20464817668208
"auto_mpg","uni_loo",72,-0.0578076590206652,-3.48678320384757,-0.153133943013738,-0.00734919367259643,1.30557286277965,1.23972792822244,5.22538283409278
"auto_mpg","uni_loo",73,-0.0625144325140748,-3.82347913149969,-0.159077654647645,-0.00811154335368003,1.25320737492813,1.28866803987043,6.00582586427657
"auto_mpg","uni_loo",74,-0.0571413887279058,-3.16225753984047,-0.153228276024298,-0.00754535067126812,1.0656448532457,1.06403106779405,5.17137007874016
"auto_mpg","uni_loo",75,-0.0610669111859052,-3.67583517013363,-0.166538187902255,-0.00781592289960341,1.47373849474756,1.3442380464913,5.8361328545781
"auto_mpg","uni_loo",76,-0.0621636619200153,-3.71811554521186,-0.158144189873006,-0.00796811120529634,1.47041197882101,1.37208998262676,6.24988729337118
"auto_mpg","uni_loo",77,-0.0603763409792237,-3.61693017808549,-0.160299351538103,-0.0076169259368927,1.10647052510968,1.27387866423029,6.24820237067274
"auto_mpg","uni_loo",78,-0.0583367779045196,-3.43031667184105,-0.162927013950988,-0.00767006766145126,1.2062769171269,1.12490598420465,4.67691358976335
"auto_mpg","uni_loo",79,-0.0571081036769333,-3.4315915946623,-0.149106987588982,-0.00745562416735667,1.34415217484191,1.11034050894835,5.37888397621588
"auto_mpg","uni_loo",80,-0.0597149719272189,-3.6011393014424,-0.154598979109241,-0.00780199105614546,1.23349170543486,1.16483491502045,5.65978465096113
"auto_mpg","uni_loo",81,-0.0641772405910318,-3.61503740818379,-0.173693741743796,-0.00779321930047783,1.36121587577685,1.28648180770229,5.33261304214088
"auto_mpg","uni_loo",82,-0.0609323611803242,-3.79419307797005,-0.156557603752057,-0.00794186179775272,1.11081918985021,1.26664769325033,5.13384049610614
"auto_mpg","uni_loo",83,-0.0601084694374391,-3.5892218755073,-0.152129997138262,-0.00770015160043982,1.12921781828404,1.27811559060508,5.25899592252803
"auto_mpg","uni_loo",84,-0.0611055631075856,-3.64824315805088,-0.167373435272173,-0.00771836276322263,1.33582176817523,1.22556834059651,5.1007646841522
"auto_mpg","uni_loo",85,-0.0585028864458519,-3.51875900734648,-0.150810744022814,-0.00752097117270995,1.18422872869326,1.2665949778259,5.58253157195082
"auto_mpg","uni_loo",86,-0.0625596050499537,-3.58722383941041,-0.164399876363033,-0.00768526920142776,1.33963078535446,1.32323018184649,5.79838250711397
"auto_mpg","uni_loo",87,-0.0606755912573764,-3.55096032716849,-0.154832627748337,-0.00761803848659004,1.11395460257934,1.23137939528755,5.38564811117323
"auto_mpg","uni_loo",88,-0.0608324052696733,-3.42497216317441,-0.161438475345827,-0.0076245516475496,1.03575550308984,1.18223230554159,5.91242113232943
"auto_mpg","uni_loo",89,-0.0537393636228759,-3.24825233078658,-0.145486874878281,-0.00723077908487259,1.27204968258465,1.06188636363638,5.20293446364526
"auto_mpg","uni_loo",90,-0.0581942187995638,-3.45180564060693,-0.159776036060557,-0.00744130555240793,1.19613765722627,1.10294180166472,5.58495318584804
"auto_mpg","uni_loo",91,-0.0591001023501152,-3.50250182404669,-0.151830323200176,-0.00732056359502999,1.11422093824743,1.12593869156742,4.58556963982069
"auto_mpg","uni_loo",92,-0.0615147535111326,-3.69340772693173,-0.154728388393923,-0.00804497140824054,1.32427232140296,1.35655971258673,5.92267399267399
"auto_mpg","uni_loo",93,-0.0618074471163912,-3.65813316210252,-0.165367507577602,-0.00792504237073215,1.15795226180739,1.26273932883517,5.62466771795449
"auto_mpg","uni_loo",94,-0.0585993199288737,-3.61012695600827,-0.149261793532036,-0.00766352737518017,1.33934414356123,1.27054014714254,5.16391741071429
"auto_mpg","uni_loo",95,-0.0549446629409453,-3.33714637567133,-0.14067909403267,-0.00748039833586699,1.11472636011431,1.10137133942892,4.77210711493354
"auto_mpg","uni_loo",96,-0.0571670337642553,-3.42176265329061,-0.151378303195656,-0.00737610667823258,1.09692690986444,1.20780730173316,5.39718078875439
"auto_mpg","uni_loo",97,-0.0625082702397775,-3.63245024158073,-0.16170773722881,-0.00811828447104991,1.09047270611528,1.3686597514348,5.42981680861321
"auto_mpg","uni_loo",98,-0.0623840831401635,-3.70779773321709,-0.162614439282025,-0.00779393423533068,1.28825408520857,1.20529070285094,5.61592466963465
"auto_mpg","uni_loo",99,-0.0604840964452629,-3.63140647142182,-0.15823822401563,-0.00788546617546656,1.18693679508036,1.33644146863508,5.67566402340442
"auto_mpg","uni_loo",100,-0.0598088563419295,-3.41686530029926,-0.154210468937378,-0.00771981740884567,1.21846753779789,1.10995143159297,5.440763861962
"auto_mpg","unilasso_loo_true",1,0,0,-0.0144757779398472,-0.00568051260048849,0,0.691846797893642,0.918432250754215
"auto_mpg","unilasso_loo_true",2,0,0,-0.00399310738424182,-0.00526602164318271,0.1893504040315,0.791788965801555,0.976721963779446
"auto_mpg","unilasso_loo_true",3,0,0,-0.0173813120835958,-0.00533557889232998,0,0.716975728009018,1.21429424197083
"auto_mpg","unilasso_loo_true",4,0,-0.185072557919935,-0.00785526489612245,-0.00542388877618174,0,0.666634994466046,1.69981932402743
"auto_mpg","unilasso_loo_true",5,0,0,0,-0.00562222878167968,0.177470739154377,0.752687333727889,1.36379777888639
"auto_mpg","unilasso_loo_true",6,0,0,0,-0.00607917143494192,0,0.688845605709944,1.03299135533353
"auto_mpg","unilasso_loo_true",7,0,0,0,-0.00605471961075749,0.0609823175297546,0.751037948750743,0.989329578740641
"auto_mpg","unilasso_loo_true",8,0,-0.0682011405673586,0,-0.00590587199085296,0.0929932006217943,0.74761948577244,0.799410004322031
"auto_mpg","unilasso_loo_true",9,0,-0.0576535721108269,-0.0221993098383125,-0.00508566348227044,0.0494308381988898,0.683594244278517,0.799072897846284
"auto_mpg","unilasso_loo_true",10,0,-0.0951035792133116,-0.00228341816293384,-0.00587445013385894,0,0.692444838842469,0.705263216015562
"auto_mpg","unilasso_loo_true",11,0,0,0,-0.00599309986557357,0,0.77569207725512,1.32863844387656
"auto_mpg","unilasso_loo_true",12,0,0,-0.0246436182216475,-0.0053002869378499,0,0.725109541823991,0.772269636251034
"auto_mpg","unilasso_loo_true",13,0,0,-0.00403527925346723,-0.00620635392358964,0,0.74939520247599,1.47542720907583
"auto_mpg","unilasso_loo_true",14,0,0,0,-0.00579593153149408,0.0540284762483283,0.738166910622444,1.48960468941257
"auto_mpg","unilasso_loo_true",15,0,-0.349511040576175,0,-0.00538750526663925,0,0.709717343935493,1.40529579195176
"auto_mpg","unilasso_loo_true",16,0,0,-0.00784929375613857,-0.00565686294652212,0,0.754419297734654,1.53297972307449
"auto_mpg","unilasso_loo_true",17,0,0,-0.00512498099857582,-0.00606318466234277,0,0.743280948648063,1.06390066446768
"auto_mpg","unilasso_loo_true",18,0,0,-0.0111084104147161,-0.00557256690201729,0,0.669004480704829,1.1451692554311
"auto_mpg","unilasso_loo_true",19,0,-0.0308809289982009,0,-0.00618121889573442,0,0.705151249388409,0.792539757563212
"auto_mpg","unilasso_loo_true",20,0,-0.361995672271363,0,-0.00549917888075671,0,0.74614419542935,1.06953151530983
"auto_mpg","unilasso_loo_true",21,0,0,-0.0156827843012395,-0.00520891700366833,0,0.70141561362401,1.57255753365834
"auto_mpg","unilasso_loo_true",22,0,0,-0.0197259912108785,-0.00528904540258453,0,0.630213895446635,0.846693533093213
"auto_mpg","unilasso_loo_true",23,0,-0.0481635354965303,0,-0.00570503495067695,0.0373221137486615,0.682802589359405,1.48922155240629
"auto_mpg","unilasso_loo_true",24,0,-0.145369059747461,0,-0.00516634508219895,0.0921041490956085,0.704289209340311,1.34564707299647
"auto_mpg","unilasso_loo_true",25,0,0,0,-0.00624233071773539,0.014920772723324,0.747031225379482,0.613574098475261
"auto_mpg","unilasso_loo_true",26,0,0,-0.00185485241738429,-0.00608862333496986,0,0.757995914224996,0.523344729505556
"auto_mpg","unilasso_loo_true",27,0,0,0,-0.00617941071928848,0,0.714377487316058,1.02939025007739
"auto_mpg","unilasso_loo_true",28,0,0,-0.00693070077731751,-0.00546874012207911,0,0.78188776427114,1.37430527804781
"auto_mpg","unilasso_loo_true",29,-0.00681961875547368,0,0,-0.00568879406620311,0,0.674165662546053,0.612863429421253
"auto_mpg","unilasso_loo_true",30,0,-0.234928588599836,0,-0.00505527813228631,0,0.707178343020813,1.62587055333501
"auto_mpg","unilasso_loo_true",31,0,0,-0.00123635390420138,-0.00611946264529294,0,0.66650472482752,1.07996144399683
"auto_mpg","unilasso_loo_true",32,0,-0.055945893395658,0,-0.00602050248036451,0,0.66817017956396,1.12775683283192
"auto_mpg","unilasso_loo_true",33,0,0,0,-0.00593276318892199,0,0.682406376775862,1.09349658613393
"auto_mpg","unilasso_loo_true",34,0,0,0,-0.00585441552734936,0.137381034298832,0.725411074208466,1.47266622791383
"auto_mpg","unilasso_loo_true",35,0,-0.0327072672708719,0,-0.00577641702889027,0,0.734916226175419,1.46281132591238
"auto_mpg","unilasso_loo_true",36,0,0,0,-0.00592962476126372,0.0754008346202563,0.720232217230419,1.1719575021519
"auto_mpg","unilasso_loo_true",37,0,0,-0.00830193418102774,-0.00569550247282489,0.127014222495601,0.746879534295117,1.63551938853188
"auto_mpg","unilasso_loo_true",38,0,0,0,-0.0060512324150992,0,0.744872773843149,1.23602208592605
"auto_mpg","unilasso_loo_true",39,0,0,0,-0.00576012029103024,0.185823385692979,0.730296283502204,1.23449762213077
"auto_mpg","unilasso_loo_true",40,0,0,0,-0.00587843595837021,0,0.71890720986625,1.35433614394983
"auto_mpg","unilasso_loo_true",41,0,0,-0.0183784829196028,-0.00505079540245274,0,0.659671897157214,1.55321409585873
"auto_mpg","unilasso_loo_true",42,0,0,-0.0134562612312494,-0.00581353285325012,0,0.754616710876512,0.901962346703437
"auto_mpg","unilasso_loo_true",43,0,0,-0.00954431870132757,-0.0055225592512224,0,0.76171028879621,1.18585625336107
"auto_mpg","unilasso_loo_true",44,0,0,0,-0.00574525003507658,0,0.74917729119282,1.2972510868094
"auto_mpg","unilasso_loo_true",45,0,0,-0.00763280051520718,-0.00566602856975606,0,0.784122673874601,1.38514239888496
"auto_mpg","unilasso_loo_true",46,0,0,-0.00219123598943903,-0.006313770532359,0,0.714064832469379,0.780431617842057
"auto_mpg","unilasso_loo_true",47,0,-0.0832974382799813,0,-0.00532574180279201,0,0.685610689857256,1.60950539008813
"auto_mpg","unilasso_loo_true",48,0,0,-0.0089844797606579,-0.00514528171857067,0,0.77553159182962,1.25744415360193
"auto_mpg","unilasso_loo_true",49,0,-0.279480936937957,-0.00220917826040659,-0.00589843509233465,0,0.689307311182312,1.0233283357846
"auto_mpg","unilasso_loo_true",50,0,-0.367390370763356,0,-0.00537016955375065,0,0.703730639137051,1.23599038693777
"auto_mpg","unilasso_loo_true",51,0,0,-0.00993471811966398,-0.00552238275601832,0,0.756589830259011,1.32253522337593
"auto_mpg","unilasso_loo_true",52,0,0,-0.010310086190436,-0.00559571688908109,0,0.679620255811208,1.17365005949655
"auto_mpg","unilasso_loo_true",53,0,0,-0.0104426030475267,-0.00584596552799788,0,0.693101174460071,1.17677398872684
"auto_mpg","unilasso_loo_true",54,0,0,-0.0168951965465222,-0.00596678720004101,0,0.764230523895343,0.74828805416171
"auto_mpg","unilasso_loo_true",55,0,0,-0.0162913476134392,-0.00540663910657263,0,0.702064784229379,1.34757152716804
"auto_mpg","unilasso_loo_true",56,0,-0.06682895659837,0,-0.00553746484055124,0.091700527494462,0.663156479079477,1.47642656639594
"auto_mpg","unilasso_loo_true",57,0,0,0,-0.00593208920490571,0,0.723998194214833,1.24038561832156
"auto_mpg","unilasso_loo_true",58,0,0,0,-0.0060369225300937,0.123300004356589,0.788054637950837,0.902000762904172
"auto_mpg","unilasso_loo_true",59,0,0,0,-0.00616681520380956,0,0.711306293721112,1.35172242629708
"auto_mpg","unilasso_loo_true",60,0,-0.0209292416153557,0,-0.00623849196055513,0,0.621884880695928,0.969767709965697
"auto_mpg","unilasso_loo_true",61,0,0,0,-0.00614646152364687,0.242393870700355,0.682897216568952,1.11276091667164
"auto_mpg","unilasso_loo_true",62,0,0,0,-0.00553644016355615,0.183466965964221,0.747008939403929,1.4776872627314
"auto_mpg","unilasso_loo_true",63,0,-0.143545656622004,-0.0129324676434948,-0.00489621983336599,0,0.759710916267429,1.39088650292163
"auto_mpg","unilasso_loo_true",64,0,0,0,-0.00594469181982987,0.119830471596507,0.776282055243284,1.03770023578796
"auto_mpg","unilasso_loo_true",65,0,-0.105318690938359,0,-0.00558733849645113,0.127512036102685,0.798121151622303,1.34945199955199
"auto_mpg","unilasso_loo_true",66,0,-0.107948974657105,-0.0145498046795651,-0.00528671696314397,0,0.625804077071841,1.2872662847279
"auto_mpg","unilasso_loo_true",67,0,-0.00128153340046091,0,-0.00530113752779845,0.17311163310402,0.618822881149838,1.99970622790288
"auto_mpg","unilasso_loo_true",68,0,0,-0.00711057411730453,-0.00599704129785268,0.00627287077625754,0.741954617582587,0.366561973730023
"auto_mpg","unilasso_loo_true",69,0,0,0,-0.0059217673962636,0.16942008674517,0.742431520047781,1.30652520289208
"auto_mpg","unilasso_loo_true",70,0,0,-0.0037223082242498,-0.00600614395203579,0,0.716140544016496,0.652946086040968
"auto_mpg","unilasso_loo_true",71,0,0,-0.00837440524893592,-0.00555081868497387,0,0.724510823217198,0.804735002465033
"auto_mpg","unilasso_loo_true",72,0,0,0,-0.00595393683077898,0,0.745966730959372,0.676439461489103
"auto_mpg","unilasso_loo_true",73,0,-0.102172617290319,0,-0.0062742159617377,0,0.69002946197378,1.20719559995222
"auto_mpg","unilasso_loo_true",74,0,0,0,-0.00593518702244124,0.152435965350897,0.705365957321821,1.04706604740572
"auto_mpg","unilasso_loo_true",75,0,0,-0.0106033718630443,-0.00521401447720322,0.0769100953178676,0.741123317736405,1.47492480847173
"auto_mpg","unilasso_loo_true",76,0,0,0,-0.00558893155468769,0.198670119002551,0.826136646175075,1.65073620906616
"auto_mpg","unilasso_loo_true",77,0,-0.00589204376177237,-0.00742982979627295,-0.00552222627235747,0,0.729673048827789,1.59533849099403
"auto_mpg","unilasso_loo_true",78,0,0,-0.0037945109738974,-0.0065777481978166,0,0.695183932588364,0
"auto_mpg","unilasso_loo_true",79,0,0,-0.0147438594075893,-0.00528714605407773,0,0.599523501474581,1.04958045552182
"auto_mpg","unilasso_loo_true",80,0,-0.0336890725967118,0,-0.00602965872327261,0,0.672514542965281,1.10442572777481
"auto_mpg","unilasso_loo_true",81,0,0,0,-0.00637625125439727,0.141388476132203,0.747981066231182,0.585386701763071
"auto_mpg","unilasso_loo_true",82,0,0,-0.00163703895902824,-0.00606017152206672,0,0.787951208228814,0.927277385875353
"auto_mpg","unilasso_loo_true",83,0,0,0,-0.00602734597719333,0,0.768091580616137,0.917926712987298
"auto_mpg","unilasso_loo_true",84,0,-0.0948607260095371,0,-0.00590242839113947,0.0805527865791681,0.769629785642501,0.949108049363924
"auto_mpg","unilasso_loo_true",85,0,-0.00806566554409787,0,-0.00558750192218,0.102068738050362,0.7694131365431,1.40023773594932
"auto_mpg","unilasso_loo_true",86,-0.00215557105529787,-0.0149205427600491,-0.0239105251423471,-0.00472507274605418,0,0.699154676718096,1.28141583089546
"auto_mpg","unilasso_loo_true",87,0,-0.269269500947847,0,-0.00541565122448783,0.0164773404365013,0.735679930299615,1.01315613339095
"auto_mpg","unilasso_loo_true",88,0,-0.16376037483789,-0.00611021793686055,-0.00543894689106371,0,0.701518170248073,1.49281951399742
"auto_mpg","unilasso_loo_true",89,0,0,-0.0012669074986265,-0.00607669243929783,0,0.692310129390262,0.721048644514819
"auto_mpg","unilasso_loo_true",90,0,0,-0.0142335939236069,-0.00556004417679846,0,0.717409542545119,1.15843505224841
"auto_mpg","unilasso_loo_true",91,0,0,-0.0100517718207676,-0.00566831694143086,0,0.67160076667848,0.551138147547793
"auto_mpg","unilasso_loo_true",92,0,0,0,-0.00604924325001771,0.123643796321103,0.786879823824771,1.10949845690645
"auto_mpg","unilasso_loo_true",93,0,0,-0.0185404468921075,-0.0053933185404454,0,0.731089622215943,1.14879471576644
"auto_mpg","unilasso_loo_true",94,0,0,0,-0.00571579835913511,0.179911397431013,0.751404105913204,1.15819830630793
"auto_mpg","unilasso_loo_true",95,0,0,0,-0.0061520239801465,0,0.690549172950991,0.708359274589459
"auto_mpg","unilasso_loo_true",96,0,-0.0460098315375592,-0.00786515420700603,-0.00550049489857243,0,0.701086989962072,0.889719917596011
"auto_mpg","unilasso_loo_true",97,0,-0.0499337492065962,-0.00397752802941703,-0.006125359834995,0,0.784900221107374,0.865683851685577
"auto_mpg","unilasso_loo_true",98,0,-0.0649341879677032,-0.0122783876258874,-0.00533050872225083,0.111723819435123,0.690126381321279,1.26876955709047
"auto_mpg","unilasso_loo_true",99,0,-0.023051037003562,-0.0102421002845269,-0.00562902936916262,0,0.709416467554501,1.01432558426637
"auto_mpg","unilasso_loo_true",100,0,0,-0.00763629938101274,-0.00592110031180416,0,0.621141013714189,1.15177288788449
"auto_mpg","unilasso_loo_false",1,0,0,-0.0145701557159386,-0.00564921979507272,0,0.687732086197081,0.909182185716646
"auto_mpg","unilasso_loo_false",2,0,0,-0.00264982115197053,-0.00525747241324799,0.208239295173238,0.792020676820424,1.00381006162993
"auto_mpg","unilasso_loo_false",3,0,0,-0.0176986333305659,-0.00529549763404317,0,0.712244715003573,1.21237849010201
"auto_mpg","unilasso_loo_false",4,0,-0.171945721722442,-0.00840548617323542,-0.00539258520796245,0,0.668600201864159,1.73228532157989
"auto_mpg","unilasso_loo_false",5,0,0,0,-0.00551451381004535,0.231092876264526,0.765502024874344,1.48891819002964
"auto_mpg","unilasso_loo_false",6,0,0,0,-0.00604276540706598,0,0.691818260973991,1.06027803096757
"auto_mpg","unilasso_loo_false",7,0,0,0,-0.00598618312873138,0.0761624199179453,0.753064461070297,1.04123479317409
"auto_mpg","unilasso_loo_false",8,0,-0.048887692792845,0,-0.00587376540794942,0.106583393905047,0.749547521768206,0.843623767779409
"auto_mpg","unilasso_loo_false",9,0,-0.0387828265161516,-0.0196374620129696,-0.00512019452200327,0.0898058784477939,0.694714154767624,0.869724234496412
"auto_mpg","unilasso_loo_false",10,0,-0.0938911000473831,-0.00249644749498848,-0.00582678790191635,0,0.690667287479396,0.723044286122497
"auto_mpg","unilasso_loo_false",11,0,0,0,-0.00596638127221147,0,0.774331057693568,1.34145754399127
"auto_mpg","unilasso_loo_false",12,0,0,-0.0253661779992722,-0.00524922347301296,0,0.72350624278307,0.785282652148821
"auto_mpg","unilasso_loo_false",13,0,0,-0.0042692630609972,-0.00616751770846767,0,0.750716833515074,1.49105055869854
"auto_mpg","unilasso_loo_false",14,0,0,0,-0.00574708380588078,0.0636539504584559,0.737837156358469,1.51140291528411
"auto_mpg","unilasso_loo_false",15,0,-0.338674762702292,0,-0.00537608824607272,0,0.706980603800984,1.40277911237604
"auto_mpg","unilasso_loo_false",16,0,0,-0.00817484562043215,-0.00560929785688913,0,0.751799819001641,1.5442774211625
"auto_mpg","unilasso_loo_false",17,0,0,-0.00537476337005874,-0.0060232673594565,0,0.742122616425871,1.0741537221015
"auto_mpg","unilasso_loo_false",18,0,0,-0.0117569965244892,-0.00551666947134425,0,0.670818378858413,1.17150396268856
"auto_mpg","unilasso_loo_false",19,0,-0.0249667137101396,0,-0.00615060115543161,0,0.70882343139594,0.828093081260541
"auto_mpg","unilasso_loo_false",20,0,-0.362892624900795,0,-0.00546042412559068,0,0.747996459456928,1.09936460063943
"auto_mpg","unilasso_loo_false",21,0,0,-0.0159336032501028,-0.00516805301708178,0,0.696691567657848,1.56860175950574
"auto_mpg","unilasso_loo_false",22,0,0,-0.0201181593870226,-0.00523485741708193,0,0.63102746216932,0.872992192143758
"auto_mpg","unilasso_loo_false",23,0,-0.0323895683996822,0,-0.00567657227008583,0.0498129885357124,0.683099657202336,1.51577329693673
"auto_mpg","unilasso_loo_false",24,0,-0.135032623800257,0,-0.00512012677209431,0.105740296496906,0.704364447302075,1.38835436426573
"auto_mpg","unilasso_loo_false",25,0,0,0,-0.00615900389676083,0.0508856244380276,0.753818333808307,0.697487017743752
"auto_mpg","unilasso_loo_false",26,0,0,-0.00237112471575808,-0.00603808309039364,0,0.757423560002158,0.539301778378126
"auto_mpg","unilasso_loo_false",27,0,0,0,-0.00613834353455024,0,0.718268035869523,1.06359807151185
"auto_mpg","unilasso_loo_false",28,0,0,-0.0069328204314384,-0.00544041132982414,0,0.778416754226398,1.37326641780557
"auto_mpg","unilasso_loo_false",29,0,0,0,-0.00605679978140259,0.161116667097757,0.761580764978391,1.14422091217458
"auto_mpg","unilasso_loo_false",30,0,-0.23123952190543,-7.03825337731831e-05,-0.0050218783868732,0,0.709184428431932,1.65120147580742
"auto_mpg","unilasso_loo_false",31,0,0,-0.00138459914194576,-0.0060856572422703,0,0.664652454389662,1.08326242032614
"auto_mpg","unilasso_loo_false",32,0,-0.05400192281213,0,-0.00598896035717311,0,0.666293090658445,1.13565219170557
"auto_mpg","unilasso_loo_false",33,0,0,0,-0.00589177730275208,0,0.680071659809099,1.10004204258089
"auto_mpg","unilasso_loo_false",34,0,0,0,-0.00579892230438795,0.154176255309323,0.725925042590639,1.50663664411853
"auto_mpg","unilasso_loo_false",35,0,-0.0285039906029015,0,-0.00575448193975716,0,0.736714284746018,1.48760810863301
"auto_mpg","unilasso_loo_false",36,0,0,0,-0.00573239933257016,0.16139869034475,0.755541127091236,1.43495043833047
"auto_mpg","unilasso_loo_false",37,0,0,-0.00672382727287778,-0.00568460330256389,0.147515836182133,0.748550610322358,1.65957193637989
"auto_mpg","unilasso_loo_false",38,0,0,0,-0.00601786656431341,0,0.745902563294742,1.26068540989555
"auto_mpg","unilasso_loo_false",39,0,0,0,-0.00570318796084638,0.199841749305245,0.729457127267054,1.26624104422405
"auto_mpg","unilasso_loo_false",40,0,0,0,-0.00584358110100546,0,0.719801746832132,1.37974455603938
"auto_mpg","unilasso_loo_false",41,0,0,-0.0185631734393585,-0.00501740388086958,0,0.657405700603167,1.55229049837761
"auto_mpg","unilasso_loo_false",42,0,0,-0.0135790055085714,-0.00577181809539446,0,0.752154354033469,0.918251402882034
"auto_mpg","unilasso_loo_false",43,0,0,-0.0100855358378755,-0.00546301146342622,0,0.760513508106162,1.21236859721575
"auto_mpg","unilasso_loo_false",44,0,0,0,-0.00570696921928148,0,0.741783407384106,1.28012857862901
"auto_mpg","unilasso_loo_false",45,0,0,-0.00751794446871349,-0.00564152727543839,0,0.780352234141035,1.38806558410573
"auto_mpg","unilasso_loo_false",46,0,0,-0.00255239974702927,-0.00627246041109933,0,0.711148626207175,0.779371310706771
"auto_mpg","unilasso_loo_false",47,0,-0.0797301743260626,0,-0.00530235765820463,0,0.683127631361567,1.61657369262549
"auto_mpg","unilasso_loo_false",48,0,0,-0.00925587964045802,-0.00510608804206638,0,0.772975052449935,1.2632981086831
"auto_mpg","unilasso_loo_false",49,0,-0.262634143545644,-0.00279822103955124,-0.00587482801738273,0,0.685675889037805,1.02788934599565
"auto_mpg","unilasso_loo_false",50,0,-0.364300804562116,0,-0.00534004702286245,0,0.69983744159024,1.23271251644194
"auto_mpg","unilasso_loo_false",51,0,0,-0.0106358760064825,-0.00547040899972455,0,0.751541583555408,1.32010817544691
"auto_mpg","unilasso_loo_false",52,0,0,-0.0105247880185349,-0.00555040447005422,0,0.679166105328352,1.18950703882454
"auto_mpg","unilasso_loo_false",53,0,0,-0.0103505449208139,-0.00582241365139275,0,0.690889210897643,1.17521851317541
"auto_mpg","unilasso_loo_false",54,0,0,-0.0170616341727527,-0.0059317464381329,0,0.760006067141001,0.750446883245626
"auto_mpg","unilasso_loo_false",55,0,0,-0.0164367281745653,-0.00536332016486243,0,0.705204757671546,1.37168297103579
"auto_mpg","unilasso_loo_false",56,0,-0.0424963415566423,0,-0.0055206200967978,0.107345833677791,0.663452338086006,1.50937965667354
"auto_mpg","unilasso_loo_false",57,0,0,0,-0.00589746803682193,0,0.72622879827914,1.26309455691271
"auto_mpg","unilasso_loo_false",58,0,0,0,-0.00596809180747063,0.137708828163893,0.789323929948016,0.948186477097851
"auto_mpg","unilasso_loo_false",59,0,0,0,-0.00613239316025628,0,0.713141723829514,1.37092213416497
"auto_mpg","unilasso_loo_false",60,0,-0.0166010042838004,0,-0.00621134457985001,0,0.619407286327829,0.974042657771627
"auto_mpg","unilasso_loo_false",61,0,0,0,-0.00608729566462404,0.254519825557552,0.683320302277076,1.14344467975092
"auto_mpg","unilasso_loo_false",62,0,0,0,-0.0054849232879646,0.19652020735983,0.746339035645318,1.50159631174394
"auto_mpg","unilasso_loo_false",63,0,-0.131455932080512,-0.013416289116948,-0.0048647743337859,0,0.754496243525466,1.38754154344601
"auto_mpg","unilasso_loo_false",64,0,0,0,-0.00588030387177328,0.134215505868669,0.776943951564637,1.08205892924247
"auto_mpg","unilasso_loo_false",65,0,-0.0900551745620586,0,-0.0055618385954609,0.13988101562773,0.795999258835233,1.37032163698603
"auto_mpg","unilasso_loo_false",66,0,-0.100841026152787,-0.0145460982278065,-0.00527726392150786,0,0.622405829586463,1.27808135668874
"auto_mpg","unilasso_loo_false",67,0,0,0,-0.00524458014709148,0.185063128218229,0.62062854146255,2.03437873025255
"auto_mpg","unilasso_loo_false",68,0,0,-0.00017435386908861,-0.00610017221181145,0.0979966006611332,0.768774197714344,0.544977850598471
"auto_mpg","unilasso_loo_false",69,0,0,0,-0.00586062218228145,0.186041462205981,0.742935376135446,1.33449676187883
"auto_mpg","unilasso_loo_false",70,0,0,-0.00425339780903081,-0.00594990568321752,0,0.711880197776188,0.656813366501203
"auto_mpg","unilasso_loo_false",71,0,0,-0.00490900711696267,-0.00556455730207653,0.0546063211141075,0.746879313421943,0.940667299924219
"auto_mpg","unilasso_loo_false",72,0,0,0,-0.00592221758604534,0,0.743116470400138,0.679723170677697
"auto_mpg","unilasso_loo_false",73,0,-0.0963273434488013,0,-0.00625754918415291,0,0.685021682252311,1.19715435644632
"auto_mpg","unilasso_loo_false",74,0,0,0,-0.00586230767180458,0.169290014590186,0.704385794298581,1.08344890409135
"auto_mpg","unilasso_loo_false",75,0,0,-0.00459299916329421,-0.00530450071891913,0.149678715108365,0.764069326013526,1.5997320929202
"auto_mpg","unilasso_loo_false",76,0,0,0,-0.00553152224787929,0.207966478353551,0.825175540706101,1.68682516264867
"auto_mpg","unilasso_loo_false",77,0,-0.0019617639191983,-0.00745076602136419,-0.00549523329364993,0,0.729941824305885,1.61086504120649
"auto_mpg","unilasso_loo_false",78,0,0,-0.0035333641331888,-0.00655748561979307,0,0.693338954897019,0
"auto_mpg","unilasso_loo_false",79,0,0,-0.0153410632013558,-0.00523147254121946,0,0.598646159956642,1.06125300764069
"auto_mpg","unilasso_loo_false",80,0,-0.0379000646661271,0,-0.00597852588519826,0,0.676452410566429,1.1345265750758
"auto_mpg","unilasso_loo_false",81,0,0,0,-0.00632019732947675,0.155477292933375,0.74807854609694,0.616130734085868
"auto_mpg","unilasso_loo_false",82,0,0,-0.00202482341740682,-0.00600337113175454,0,0.792401386140041,0.98056354965829
"auto_mpg","unilasso_loo_false",83,0,0,0,-0.0059978052485689,0,0.764255757554214,0.915493642092521
"auto_mpg","unilasso_loo_false",84,0,-0.0656262259091674,0,-0.0058930067014371,0.0987033927495551,0.771581205309311,0.982087060337738
"auto_mpg","unilasso_loo_false",85,0,0,0,-0.00553845039916482,0.118986803168948,0.769841966549328,1.43827991366718
"auto_mpg","unilasso_loo_false",86,-0.0021401906910171,-0.00960615081728321,-0.0241907344562293,-0.00469591134019802,0,0.701274412086079,1.30565571040059
"auto_mpg","unilasso_loo_false",87,0,-0.182999732651997,0,-0.00537826980669095,0.114272360835177,0.764642955457391,1.25571724434007
"auto_mpg","unilasso_loo_false",88,0,-0.154011953512785,-0.00666668125719855,-0.00539962851852992,0,0.69681806118001,1.49507391386699
"auto_mpg","unilasso_loo_false",89,0,0,0,-0.00603725993385467,0.0295809944326137,0.706445622532748,0.817781457416133
"auto_mpg","unilasso_loo_false",90,0,0,-0.0142903925241443,-0.00552000177454378,0,0.712606565449526,1.15202880852163
"auto_mpg","unilasso_loo_false",91,0,0,-0.0101874796337794,-0.00563619444594709,0,0.66759775574614,0.5385612864928
"auto_mpg","unilasso_loo_false",92,0,0,0,-0.005985872794311,0.137521389895457,0.7855976612739,1.15408394949859
"auto_mpg","unilasso_loo_false",93,0,0,-0.0187069182744034,-0.00535755641241522,0,0.727818488562793,1.1444655755966
"auto_mpg","unilasso_loo_false",94,0,0,0,-0.00565028984073926,0.191983300944311,0.753303046458306,1.19631828864114
"auto_mpg","unilasso_loo_false",95,0,0,0,-0.00611522173680575,0,0.688131019071233,0.713405545501584
"auto_mpg","unilasso_loo_false",96,0,-0.0395171255519192,-0.00819868338970251,-0.00546730765764003,0,0.700979558172863,0.90623149272555
"auto_mpg","unilasso_loo_false",97,0,-0.0396708839511093,-0.00456473913221304,-0.00609511798230955,0,0.78461293359745,0.885313525026735
"auto_mpg","unilasso_loo_false",98,0,-0.0501964480714013,-0.0103664045076994,-0.00535165271229815,0.138670468100259,0.693635052850472,1.29401911083998
"auto_mpg","unilasso_loo_false",99,0,-0.0128846193358427,-0.010723738495307,-0.00560117604616651,0,0.706227266269578,1.0189950340115
"auto_mpg","unilasso_loo_false",100,0,0,-0.00784404369985906,-0.00587783759757993,0,0.621944044051183,1.1741233723749
"auto_mpg","polish_unilasso",1,0,0,-0.0144757779398472,-0.00568051260048849,0,0.691846797893642,0.918432250754215
"auto_mpg","polish_unilasso",2,0.00520389198907405,0,-0.00399310738424182,-0.00583785141430666,0.1893504040315,0.791788965801555,0.976721963779446
"auto_mpg","polish_unilasso",3,0,0,-0.0173813120835958,-0.00533557889232998,0,0.716975728009018,1.21429424197083
"auto_mpg","polish_unilasso",4,0,-0.185072557919935,-0.00785526489612245,-0.00542388877618174,0,0.666634994466046,1.69981932402743
"auto_mpg","polish_unilasso",5,0,0,0,-0.00562222878167968,0.177470739154377,0.752687333727889,1.36379777888639
"auto_mpg","polish_unilasso",6,0,0,0,-0.00607917143494192,0,0.688845605709944,1.03299135533353
"auto_mpg","polish_unilasso",7,0,0,0,-0.00605471961075749,0.0609823175297546,0.751037948750743,0.989329578740641
"auto_mpg","polish_unilasso",8,0.00562461559068208,-0.0682011405673586,0,-0.00653832339018981,0.0929932006217943,0.74761948577244,0.799410004322031
"auto_mpg","polish_unilasso",9,0,-0.0576535721108269,-0.0221993098383125,-0.00508566348227044,0.0494308381988898,0.683594244278517,0.799072897846284
"auto_mpg","polish_unilasso",10,0,-0.0951035792133116,-0.00228341816293384,-0.00587445013385894,0,0.692444838842469,0.705263216015562
"auto_mpg","polish_unilasso",11,0,0,0,-0.00599309986557357,0,0.77569207725512,1.32863844387656
"auto_mpg","polish_unilasso",12,0,0,-0.0246436182216475,-0.0053002869378499,0,0.725109541823991,0.772269636251034
"auto_mpg","polish_unilasso",13,0.014533111405623,0,-0.0203755266965564,-0.00726165798228788,0,0.74939520247599,1.47542720907583
"auto_mpg","polish_unilasso",14,0.00965250740548837,0,0,-0.00694147375805632,0.0540284762483283,0.738166910622444,1.48960468941257
"auto_mpg","polish_unilasso",15,0,-0.349511040576175,0,-0.00538750526663925,0,0.709717343935493,1.40529579195176
"auto_mpg","polish_unilasso",16,0.00603700238010595,0,-0.00784929375613857,-0.00636109103929596,0,0.754419297734654,1.53297972307449
"auto_mpg","polish_unilasso",17,0,0,-0.00512498099857582,-0.00606318466234277,0,0.743280948648063,1.06390066446768
"auto_mpg","polish_unilasso",18,0,0,-0.0111084104147161,-0.00557256690201729,0,0.669004480704829,1.1451692554311
"auto_mpg","polish_unilasso",19,0.00424980370233396,-0.0308809289982009,0,-0.00665007173087606,0,0.705151249388409,0.792539757563212
"auto_mpg","polish_unilasso",20,0,-0.361995672271363,0,-0.00549917888075671,0,0.74614419542935,1.06953151530983
"auto_mpg","polish_unilasso",21,0,0,-0.0156827843012395,-0.00520891700366833,0,0.70141561362401,1.57255753365834
"auto_mpg","polish_unilasso",22,0,0,-0.0197259912108785,-0.00528904540258453,0,0.630213895446635,0.846693533093213
"auto_mpg","polish_unilasso",23,0,-0.0481635354965303,0,-0.00570503495067695,0.0373221137486615,0.682802589359405,1.48922155240629
"auto_mpg","polish_unilasso",24,0,-0.145369059747461,0,-0.00516634508219895,0.0921041490956085,0.704289209340311,1.34564707299647
"auto_mpg","polish_unilasso",25,0.009467578541057,0,0,-0.00740710222019406,0.014920772723324,0.747031225379482,0.613574098475261
"auto_mpg","polish_unilasso",26,0.00941073185308983,0,-0.00185485241738429,-0.00727591494444552,0,0.757995914224996,0.523344729505556
"auto_mpg","polish_unilasso",27,0.006214181844943,0,0,-0.00685051450337666,0,0.714377487316058,1.02939025007739
"auto_mpg","polish_unilasso",28,0,0,-0.00693070077731751,-0.00546874012207911,0,0.78188776427114,1.37430527804781
"auto_mpg","polish_unilasso",29,-0.00681961875547368,0,0,-0.00591023441143557,0,0.674165662546053,0.612863429421253
"auto_mpg","polish_unilasso",30,0,-0.234928588599836,0,-0.00505527813228631,0,0.707178343020813,1.62587055333501
"auto_mpg","polish_unilasso",31,0,0,-0.00123635390420138,-0.00611946264529294,0,0.66650472482752,1.07996144399683
"auto_mpg","polish_unilasso",32,0,-0.055945893395658,0,-0.00602050248036451,0,0.66817017956396,1.12775683283192
"auto_mpg","polish_unilasso",33,0,0,0,-0.00593276318892199,0,0.682406376775862,1.09349658613393
"auto_mpg","polish_unilasso",34,0.0108553358761371,0,0,-0.00708147714725032,0.137381034298832,0.725411074208466,1.47266622791383
"auto_mpg","polish_unilasso",35,0,-0.0327072672708719,0,-0.00577641702889027,0,0.734916226175419,1.46281132591238
"auto_mpg","polish_unilasso",36,0,0,0,-0.00592962476126372,0.0754008346202563,0.720232217230419,1.1719575021519
"auto_mpg","polish_unilasso",37,0,0,-0.00830193418102774,-0.00569550247282489,0.127014222495601,0.746879534295117,1.63551938853188
"auto_mpg","polish_unilasso",38,0,0,0,-0.0060512324150992,0,0.744872773843149,1.23602208592605
"auto_mpg","polish_unilasso",39,0.00813002333686474,0,0,-0.0066766402939539,0.185823385692979,0.730296283502204,1.23449762213077
"auto_mpg","polish_unilasso",40,0.0103494139080041,0,0,-0.00705746153513858,0,0.71890720986625,1.35433614394983
"auto_mpg","polish_unilasso",41,0,0,-0.0183784829196028,-0.00505079540245274,0,0.659671897157214,1.55321409585873
"auto_mpg","polish_unilasso",42,0,0,-0.0134562612312494,-0.00581353285325012,0,0.754616710876512,0.901962346703437
"auto_mpg","polish_unilasso",43,0,0,-0.00954431870132757,-0.0055225592512224,0,0.76171028879621,1.18585625336107
"auto_mpg","polish_unilasso",44,0,0,0,-0.00574525003507658,0,0.74917729119282,1.2972510868094
"auto_mpg","polish_unilasso",45,0,0,-0.00763280051520718,-0.00566602856975606,0,0.784122673874601,1.38514239888496
"auto_mpg","polish_unilasso",46,0,0,-0.00219123598943903,-0.006313770532359,0,0.714064832469379,0.780431617842057
"auto_mpg","polish_unilasso",47,0,-0.0832974382799813,0,-0.00532574180279201,0,0.685610689857256,1.60950539008813
"auto_mpg","polish_unilasso",48,0,0,-0.0089844797606579,-0.00514528171857067,0,0.77553159182962,1.25744415360193
"auto_mpg","polish_unilasso",49,0,-0.279480936937957,-0.00220917826040659,-0.00589843509233465,0,0.689307311182312,1.0233283357846
"auto_mpg","polish_unilasso",50,0,-0.367390370763356,0,-0.00537016955375065,0,0.703730639137051,1.23599038693777
"auto_mpg","polish_unilasso",51,0,0,-0.00993471811966398,-0.00552238275601832,0,0.756589830259011,1.32253522337593
"auto_mpg","polish_unilasso",52,0,0,-0.010310086190436,-0.00559571688908109,0,0.679620255811208,1.17365005949655
"auto_mpg","polish_unilasso",53,0,0,-0.0104426030475267,-0.00584596552799788,0,0.693101174460071,1.17677398872684
"auto_mpg","polish_unilasso",54,0,0,-0.0168951965465222,-0.00596678720004101,0,0.764230523895343,0.74828805416171
"auto_mpg","polish_unilasso",55,0,0,-0.0162913476134392,-0.00540663910657263,0,0.702064784229379,1.34757152716804
"auto_mpg","polish_unilasso",56,0,-0.06682895659837,0,-0.00553746484055124,0.091700527494462,0.663156479079477,1.47642656639594
"auto_mpg","polish_unilasso",57,0.00798178669335013,0,0,-0.00682959360341286,0,0.723998194214833,1.24038561832156
"auto_mpg","polish_unilasso",58,0.00850495334396732,0,0,-0.00703947109070543,0.123300004356589,0.788054637950837,0.902000762904172
"auto_mpg","polish_unilasso",59,0,0,0,-0.00616681520380956,0,0.711306293721112,1.35172242629708
"auto_mpg","polish_unilasso",60,0,-0.0209292416153557,0,-0.00623849196055513,0,0.621884880695928,0.969767709965697
"auto_mpg","polish_unilasso",61,0.00776241092820258,0,0,-0.00700639223413353,0.242393870700355,0.682897216568952,1.11276091667164
"auto_mpg","polish_unilasso",62,0,0,0,-0.00553644016355615,0.183466965964221,0.747008939403929,1.4776872627314
"auto_mpg","polish_unilasso",63,0.0131510232866664,-0.143545656622004,-0.0271709184680708,-0.00587169359824733,0,0.759710916267429,1.39088650292163
"auto_mpg","polish_unilasso",64,0.013328237254348,0,0,-0.00745198590908941,0.119830471596507,0.776282055243284,1.03770023578796
"auto_mpg","polish_unilasso",65,0.00785882980764053,-0.105318690938359,0,-0.00644643548786771,0.127512036102685,0.798121151622303,1.34945199955199
"auto_mpg","polish_unilasso",66,0,-0.107948974657105,-0.0145498046795651,-0.00528671696314397,0,0.625804077071841,1.2872662847279
"auto_mpg","polish_unilasso",67,0,-0.00128153340046091,0,-0.00530113752779845,0.17311163310402,0.618822881149838,1.99970622790288
"auto_mpg","polish_unilasso",68,0.00625975108961486,0,-0.00711057411730453,-0.00683139828316491,0.00627287077625754,0.741954617582587,0.366561973730023
"auto_mpg","polish_unilasso",69,0,0,0,-0.0059217673962636,0.16942008674517,0.742431520047781,1.30652520289208
"auto_mpg","polish_unilasso",70,0.00771921063767564,0,-0.0037223082242498,-0.00697292849031137,0,0.716140544016496,0.652946086040968
"auto_mpg","polish_unilasso",71,0,0,-0.00837440524893592,-0.00555081868497387,0,0.724510823217198,0.804735002465033
"auto_mpg","polish_unilasso",72,0,0,0,-0.00595393683077898,0,0.745966730959372,0.676439461489103
"auto_mpg","polish_unilasso",73,0,-0.102172617290319,0,-0.0062742159617377,0,0.69002946197378,1.20719559995222
"auto_mpg","polish_unilasso",74,0.0119408307605083,0,0,-0.00730139665332109,0.152435965350897,0.705365957321821,1.04706604740572
"auto_mpg","polish_unilasso",75,0,0,-0.0106033718630443,-0.00521401447720322,0.0769100953178676,0.741123317736405,1.47492480847173
"auto_mpg","polish_unilasso",76,0.0112580210591932,0,0,-0.00688202648783438,0.198670119002551,0.826136646175075,1.65073620906616
"auto_mpg","polish_unilasso",77,0,-0.00589204376177237,-0.00742982979627295,-0.00552222627235747,0,0.729673048827789,1.59533849099403
"auto_mpg","polish_unilasso",78,0,0,-0.0037945109738974,-0.0065777481978166,0,0.695183932588364,0
"auto_mpg","polish_unilasso",79,0,0,-0.0147438594075893,-0.00528714605407773,0,0.599523501474581,1.04958045552182
"auto_mpg","polish_unilasso",80,0,-0.0336890725967118,0,-0.00602965872327261,0,0.672514542965281,1.10442572777481
"auto_mpg","polish_unilasso",81,0,0,0,-0.00637625125439727,0.141388476132203,0.747981066231182,0.585386701763071
"auto_mpg","polish_unilasso",82,0,0,-0.00163703895902824,-0.00606017152206672,0,0.787951208228814,0.927277385875353
"auto_mpg","polish_unilasso",83,0,0,0,-0.00602734597719333,0,0.768091580616137,0.917926712987298
"auto_mpg","polish_unilasso",84,0,-0.0948607260095371,0,-0.00590242839113947,0.0805527865791681,0.769629785642501,0.949108049363924
"auto_mpg","polish_unilasso",85,0,-0.00806566554409787,0,-0.00558750192218,0.102068738050362,0.7694131365431,1.40023773594932
"auto_mpg","polish_unilasso",86,-0.00215557105529787,-0.0149205427600491,-0.0239105251423471,-0.00472507274605418,0,0.699154676718096,1.28141583089546
"auto_mpg","polish_unilasso",87,0,-0.269269500947847,0,-0.00541565122448783,0.0164773404365013,0.735679930299615,1.01315613339095
"auto_mpg","polish_unilasso",88,0,-0.16376037483789,-0.00611021793686055,-0.00543894689106371,0,0.701518170248073,1.49281951399742
"auto_mpg","polish_unilasso",89,0,0,-0.0012669074986265,-0.00607669243929783,0,0.692310129390262,0.721048644514819
"auto_mpg","polish_unilasso",90,0,0,-0.0142335939236069,-0.00556004417679846,0,0.717409542545119,1.15843505224841
"auto_mpg","polish_unilasso",91,0,0,-0.0100517718207676,-0.00566831694143086,0,0.67160076667848,0.551138147547793
"auto_mpg","polish_unilasso",92,0.00631436840226339,0,0,-0.00676173005269743,0.123643796321103,0.786879823824771,1.10949845690645
"auto_mpg","polish_unilasso",93,0,0,-0.0185404468921075,-0.0053933185404454,0,0.731089622215943,1.14879471576644
"auto_mpg","polish_unilasso",94,0.00851509998710469,0,0,-0.00670120017550818,0.179911397431013,0.751404105913204,1.15819830630793
"auto_mpg","polish_unilasso",95,0,0,0,-0.0061520239801465,0,0.690549172950991,0.708359274589459
"auto_mpg","polish_unilasso",96,0,-0.0460098315375592,-0.00786515420700603,-0.00550049489857243,0,0.701086989962072,0.889719917596011
"auto_mpg","polish_unilasso",97,0,-0.0499337492065962,-0.00397752802941703,-0.006125359834995,0,0.784900221107374,0.865683851685577
"auto_mpg","polish_unilasso",98,0,-0.0649341879677032,-0.0122783876258874,-0.00533050872225083,0.111723819435123,0.690126381321279,1.26876955709047
"auto_mpg","polish_unilasso",99,0,-0.023051037003562,-0.0102421002845269,-0.00562902936916262,0,0.709416467554501,1.01432558426637
"auto_mpg","polish_unilasso",100,0,0,-0.00763629938101274,-0.00592110031180416,0,0.621141013714189,1.15177288788449
"auto_mpg","lasso_cv",1,0,0,0,-0.00754783841107509,0,0,0
"auto_mpg","lasso_cv",2,0,0,0,-0.00727462723804618,0,0,0
"auto_mpg","lasso_cv",3,0.000540673090689784,0,-0.0171148401664196,-0.00612229470243057,0,0.698953295793303,0
"auto_mpg","lasso_cv",4,-0.00696064218054547,0,0,-0.00593570797375428,0,0.630156719879074,0.434143395780318
"auto_mpg","lasso_cv",5,0,0,0,-0.00759362538058652,0,0,0
"auto_mpg","lasso_cv",6,0,0,0,-0.00751022973107357,0,0,0
"auto_mpg","lasso_cv",7,0,0,0,-0.0074694919663629,0,0,0
"auto_mpg","lasso_cv",8,0,0,0,-0.00746847268760816,0,0,0
"auto_mpg","lasso_cv",9,0,0,0,-0.0071394557653716,0,0,0
"auto_mpg","lasso_cv",10,0,0,0,-0.00738866209124511,0,0,0
"auto_mpg","lasso_cv",11,0,0,0,-0.00798351579303003,0,0,0
"auto_mpg","lasso_cv",12,0,0,0,-0.00789308480092862,0,0,0
"auto_mpg","lasso_cv",13,0.00886924818284384,0,-0.0182589655739113,-0.00733791521054073,-0.0669881694967792,0.75212839919456,0.529963947314977
"auto_mpg","lasso_cv",14,0,0,0,-0.00770581448400531,0,0,0
"auto_mpg","lasso_cv",15,0,0,0,-0.007670841226075,0,0,0
"auto_mpg","lasso_cv",16,0,0,0,-0.00789302589862858,0,0,0
"auto_mpg","lasso_cv",17,0,0,0,-0.00778165555165452,0,0,0
"auto_mpg","lasso_cv",18,0,0,0,-0.00788035695304089,0,0,0
"auto_mpg","lasso_cv",19,0,0,0,-0.0074654479409135,0,0,0
"auto_mpg","lasso_cv",20,0,0,0,-0.00773951895280109,0,0,0
"auto_mpg","lasso_cv",21,0,0,0,-0.00759841789559773,0,0,0
"auto_mpg","lasso_cv",22,0,0,0,-0.0073106753535627,0,0,0
"auto_mpg","lasso_cv",23,-0.00634328671260716,0,0.00450723235665202,-0.00615049183174478,0,0.630226837661991,0.126857417265594
"auto_mpg","lasso_cv",24,-0.00100284138250302,0,-0.00456741854879201,-0.00592510944196001,0,0.662749819562128,0
"auto_mpg","lasso_cv",25,0,0,0,-0.00760589450873888,0,0,0
"auto_mpg","lasso_cv",26,0,0,0,-0.00766249576155892,0,0,0
"auto_mpg","lasso_cv",27,0,0,0,-0.007582338026159,0,0,0
"auto_mpg","lasso_cv",28,0,0,0,-0.00768437445047845,0,0,0
"auto_mpg","lasso_cv",29,0,0,0,-0.00762216432823853,0,0,0
"auto_mpg","lasso_cv",30,0,0,0,-0.00724522219605292,0,0,0
"auto_mpg","lasso_cv",31,0,0,0,-0.00788481815063819,0,0,0
"auto_mpg","lasso_cv",32,0,0,0,-0.00761116133921741,0,0,0
"auto_mpg","lasso_cv",33,0,0,0,-0.00726188108623212,0,0,0
"auto_mpg","lasso_cv",34,0,0,0,-0.00791028214594608,0,0,0
"auto_mpg","lasso_cv",35,0,0,0,-0.00788074259105992,0,0,0
"auto_mpg","lasso_cv",36,0,0,0,-0.00768232614337305,0,0,0
"auto_mpg","lasso_cv",37,0.00429555463057,0,-0.02108643659546,-0.00666360625489883,0.0199380224520785,0.715283652296157,0.335354822543395
"auto_mpg","lasso_cv",38,0,0,0,-0.00778547458576834,0,0,0
"auto_mpg","lasso_cv",39,0,0,0,-0.00777383270246381,0,0,0
"auto_mpg","lasso_cv",40,0,0,0,-0.00793202032169613,0,0,0
"auto_mpg","lasso_cv",41,0,0,0,-0.00759762433660061,0,0,0
"auto_mpg","lasso_cv",42,0,0,0,-0.00771001206500079,0,0,0
"auto_mpg","lasso_cv",43,0,0,0,-0.00756732186930294,0,0,0
"auto_mpg","lasso_cv",44,0,0,0,-0.00736922432509511,0,0,0
"auto_mpg","lasso_cv",45,0,0,0,-0.00790116277726838,0,0,0
"auto_mpg","lasso_cv",46,0,0,0,-0.0079736520836802,0,0,0
"auto_mpg","lasso_cv",47,0,0,0,-0.00739774980783486,0,0,0
"auto_mpg","lasso_cv",48,0,0,0,-0.00736837144219597,0,0,0
"auto_mpg","lasso_cv",49,0,0,0,-0.00798042411061994,0,0,0
"auto_mpg","lasso_cv",50,-0.00407810181347003,0,0,-0.00622575320575766,0,0.668378308504387,0
"auto_mpg","lasso_cv",51,0,0,0,-0.00770592754481427,0,0,0
"auto_mpg","lasso_cv",52,-0.00557696656191078,0,-0.00301287949432738,-0.00603063832479232,0,0.65895034988187,0.0210063612141768
"auto_mpg","lasso_cv",53,0,0,0,-0.00801016716410522,0,0,0
"auto_mpg","lasso_cv",54,0,0,0,-0.00805450816887951,0,0,0
"auto_mpg","lasso_cv",55,0,0,0,-0.00729139261207268,0,0,0
"auto_mpg","lasso_cv",56,-0.0113241553719228,0,0.00672447688145848,-0.00547964305094509,0,0.633066834610278,0
"auto_mpg","lasso_cv",57,0,0,0,-0.00758558967364678,0,0,0
"auto_mpg","lasso_cv",58,0,0,0,-0.0078705659391833,0,0,0
"auto_mpg","lasso_cv",59,0,0,0,-0.00792937993046416,0,0,0
"auto_mpg","lasso_cv",60,0,0,0,-0.00753306818441016,0,0,0
"auto_mpg","lasso_cv",61,0,0,0,-0.0079984580319222,0,0,0
"auto_mpg","lasso_cv",62,0,0,0,-0.00770664518264842,0,0,0
"auto_mpg","lasso_cv",63,0.00435174414842433,0,-0.0167386373675345,-0.0060895925222012,0,0.740254247164643,0.44815709349004
"auto_mpg","lasso_cv",64,0,0,0,-0.00769353275814406,0,0,0
"auto_mpg","lasso_cv",65,0,0,0,-0.00759309101919863,0,0,0
"auto_mpg","lasso_cv",66,0,0,0,-0.00773988612605147,0,0,0
"auto_mpg","lasso_cv",67,0,0,0,-0.00719894185519889,0,0,0
"auto_mpg","lasso_cv",68,0,0,0,-0.00777179048633504,0,0,0
"auto_mpg","lasso_cv",69,0,0,0,-0.00793485118413891,0,0,0
"auto_mpg","lasso_cv",70,0,0,0,-0.00738488301251259,0,0,0
"auto_mpg","lasso_cv",71,0,0,0,-0.00736526783030199,0,0,0
"auto_mpg","lasso_cv",72,0,0,0,-0.00730084088567999,0,0,0
"auto_mpg","lasso_cv",73,0,0,0,-0.00805817481492366,0,0,0
"auto_mpg","lasso_cv",74,0,0,0,-0.00749570730228492,0,0,0
"auto_mpg","lasso_cv",75,0,0,0,-0.00775398304727553,0,0,0
"auto_mpg","lasso_cv",76,0,0,0,-0.00791568635429904,0,0,0
"auto_mpg","lasso_cv",77,0,0,0,-0.00755656310146255,0,0,0
"auto_mpg","lasso_cv",78,0,0,0,-0.00761960373795286,0,0,0
"auto_mpg","lasso_cv",79,0,0,0,-0.00740178852913132,0,0,0
"auto_mpg","lasso_cv",80,0,0,0,-0.00775065916480226,0,0,0
"auto_mpg","lasso_cv",81,0,0,0,-0.00774194512142957,0,0,0
"auto_mpg","lasso_cv",82,0,0,0,-0.00787892390119463,0,0,0
"auto_mpg","lasso_cv",83,0,0,0,-0.00764948974471153,0,0,0
"auto_mpg","lasso_cv",84,0,0,0,-0.0076675810902038,0,0,0
"auto_mpg","lasso_cv",85,-0.00179132513982983,0,0,-0.00613521642619783,0.024615456079596,0.746511543546719,0.171753942145673
"auto_mpg","lasso_cv",86,-0.0109392427861725,0,-0.0143056890044229,-0.00500057766594766,0,0.666742528937609,0
"auto_mpg","lasso_cv",87,0,0,0,-0.00756303008558367,0,0,0
"auto_mpg","lasso_cv",88,-0.00911582918993442,0,0,-0.00566390180273195,0,0.679006952358151,0.179296472634095
"auto_mpg","lasso_cv",89,0,0,0,-0.00718320538687162,0,0,0
"auto_mpg","lasso_cv",90,-0.00188580047388174,0,-0.0109819356915068,-0.00615824582758036,0,0.669882862048851,0
"auto_mpg","lasso_cv",91,0,0,0,-0.0072723991749061,0,0,0
"auto_mpg","lasso_cv",92,0,0,0,-0.00798121638565276,0,0,0
"auto_mpg","lasso_cv",93,0.00116330503314424,0,-0.0164660303582783,-0.00630663760513445,0,0.718468012025638,0
"auto_mpg","lasso_cv",94,0,0,0,-0.00761310648239814,0,0,0
"auto_mpg","lasso_cv",95,0,0,0,-0.00743118230987859,0,0,0
"auto_mpg","lasso_cv",96,0,0,0,-0.00732757682171031,0,0,0
"auto_mpg","lasso_cv",97,0,0,0,-0.00806487158024267,0,0,0
"auto_mpg","lasso_cv",98,-0.0102880972504511,0,-0.0103666320272155,-0.00534682361426335,0,0.6180070443731,0
"auto_mpg","lasso_cv",99,0,0,0,-0.00782852673019257,0,0,0
"auto_mpg","lasso_cv",100,0,0,0,-0.00765863917609642,0,0,0
"auto_mpg","unireg",1,0,0,-0.0144757779398472,-0.00568051260048849,0,0.691846797893642,0.918432250754215
"auto_mpg","unireg",2,0,0,-0.00397542302098727,-0.00526671842146306,0.18968303021149,0.791926318674415,0.977430075494996
"auto_mpg","unireg",3,0,0,-0.0173813120835958,-0.00533557889232998,0,0.716975728009018,1.21429424197083
"auto_mpg","unireg",4,0,-0.185072557919935,-0.00785526489612245,-0.00542388877618174,0,0.666634994466045,1.69981932402743
"auto_mpg","unireg",5,0,0,0,-0.00562222878167968,0.177470739154377,0.752687333727889,1.36379777888639
"auto_mpg","unireg",6,0,0,0,-0.00607917143494192,0,0.688845605709944,1.03299135533353
"auto_mpg","unireg",7,0,0,0,-0.00605453576331733,0.0613284536264252,0.751210885682123,0.990335124442769
"auto_mpg","unireg",8,0,-0.0677642140611366,0,-0.00590637754614309,0.0933401820134889,0.747804603602545,0.8005471345444
"auto_mpg","unireg",9,0,-0.0576535721108272,-0.0221993098383124,-0.00508566348227044,0.0494308381988907,0.683594244278517,0.799072897846284
"auto_mpg","unireg",10,0,-0.0951035792133116,-0.00228341816293384,-0.00587445013385894,0,0.692444838842469,0.705263216015562
"auto_mpg","unireg",11,0,0,0,-0.00599309986557357,0,0.775692077255119,1.32863844387656
"auto_mpg","unireg",12,0,0,-0.0246436182216475,-0.0053002869378499,0,0.725109541823991,0.772269636251034
"auto_mpg","unireg",13,0,0,-0.00403527925346708,-0.00620635392358965,0,0.749395202475992,1.47542720907583
"auto_mpg","unireg",14,0,0,0,-0.00579593153149408,0.0540284762483288,0.738166910622444,1.48960468941257
"auto_mpg","unireg",15,0,-0.349271111291503,0,-0.00538795248484134,0,0.709979001725504,1.40643127818239
"auto_mpg","unireg",16,0,0,-0.00787397605804019,-0.00565534353000894,0,0.755031626613509,1.53641208773048
"auto_mpg","unireg",17,0,0,-0.00516046284453596,-0.00606120769095683,0,0.744644987657427,1.07112158597755
"auto_mpg","unireg",18,0,0,-0.0111084104147161,-0.00557256690201729,0,0.669004480704829,1.1451692554311
"auto_mpg","unireg",19,0,-0.0308809289982024,0,-0.00618121889573442,0,0.705151249388409,0.792539757563211
"auto_mpg","unireg",20,0,-0.361818029640688,0,-0.00549967338405918,0,0.746366556082075,1.07033365983108
"auto_mpg","unireg",21,0,0,-0.0156827843012395,-0.00520891700366833,0,0.70141561362401,1.57255753365834
"auto_mpg","unireg",22,0,0,-0.0197259912108788,-0.00528904540258452,0,0.630213895446636,0.846693533093218
"auto_mpg","unireg",23,0,-0.0477510675619937,0,-0.00570559585356197,0.0376440784508151,0.682990886431481,1.49004808780683
"auto_mpg","unireg",24,0,-0.145035435492742,0,-0.00516684268075798,0.0923387197837597,0.704445934339273,1.34665814710798
"auto_mpg","unireg",25,0,0,0,-0.00624233071773539,0.0149207727233239,0.747031225379482,0.61357409847526
"auto_mpg","unireg",26,0,0,-0.00185485241738429,-0.00608862333496986,0,0.757995914224996,0.523344729505556
"auto_mpg","unireg",27,0,0,0,-0.00617941071928848,0,0.714377487316058,1.02939025007739
"auto_mpg","unireg",28,0,0,-0.00693070077731747,-0.00546874012207912,0,0.781887764271139,1.37430527804781
"auto_mpg","unireg",29,-0.00681961875547379,0,0,-0.0056887940662031,0,0.674165662546053,0.612863429421251
"auto_mpg","unireg",30,0,-0.234928588599837,0,-0.00505527813228631,0,0.707178343020813,1.62587055333501
"auto_mpg","unireg",31,0,0,-0.00123635390420138,-0.00611946264529294,0,0.66650472482752,1.07996144399683
"auto_mpg","unireg",32,0,-0.0559458933956576,0,-0.00602050248036452,0,0.66817017956396,1.12775683283192
"auto_mpg","unireg",33,0,0,0,-0.00593276318892199,0,0.682406376775861,1.09349658613393
"auto_mpg","unireg",34,0,0,0,-0.00585441552734935,0.137381034298832,0.725411074208467,1.47266622791383
"auto_mpg","unireg",35,0,-0.0329657957860231,0,-0.00577579110529874,0,0.735363345187322,1.46536861593335
"auto_mpg","unireg",36,0,0,0,-0.00592962476126372,0.0754008346202563,0.720232217230419,1.1719575021519
"auto_mpg","unireg",37,0,0,-0.00827833176578279,-0.00569640835700245,0.127434038308776,0.747070056401051,1.63612066765028
"auto_mpg","unireg",38,0,0,0,-0.0060512324150992,0,0.744872773843149,1.23602208592605
"auto_mpg","unireg",39,0,0,0,-0.0057599231609272,0.186174881652583,0.73045125551238,1.23556039656332
"auto_mpg","unireg",40,0,0,0,-0.00587843595837021,0,0.71890720986625,1.35433614394983
"auto_mpg","unireg",41,0,0,-0.0183137448210954,-0.00505471700689856,0,0.65732232157909,1.54266617053463
"auto_mpg","unireg",42,0,0,-0.013456261231249,-0.00581353285325013,0,0.754616710876511,0.901962346703438
"auto_mpg","unireg",43,0,0,-0.00954431870132702,-0.00552255925122242,0,0.761710288796211,1.18585625336107
"auto_mpg","unireg",44,0,0,0,-0.00574525003507658,0,0.74917729119282,1.2972510868094
"auto_mpg","unireg",45,0,0,-0.00763280051520718,-0.00566602856975606,0,0.784122673874601,1.38514239888496
"auto_mpg","unireg",46,0,0,-0.00219123598943917,-0.00631377053235899,0,0.714064832469379,0.780431617842063
"auto_mpg","unireg",47,0,-0.0832974382799744,0,-0.00532574180279203,0,0.685610689857256,1.60950539008813
"auto_mpg","unireg",48,0,0,-0.0089844797606579,-0.00514528171857067,0,0.77553159182962,1.25744415360193
"auto_mpg","unireg",49,0,-0.279480936937958,-0.00220917826040675,-0.00589843509233464,0,0.689307311182312,1.0233283357846
"auto_mpg","unireg",50,0,-0.367390370763367,0,-0.00537016955375062,0,0.703730639137051,1.23599038693777
"auto_mpg","unireg",51,0,0,-0.00993471812321568,-0.00552238275586752,0,0.756589830252626,1.32253522340084
"auto_mpg","unireg",52,0,0,-0.010310086190436,-0.00559571688908109,0,0.679620255811208,1.17365005949655
"auto_mpg","unireg",53,0,0,-0.0104426030475267,-0.00584596552799788,0,0.693101174460071,1.17677398872684
"auto_mpg","unireg",54,0,0,-0.0168951965465222,-0.00596678720004101,0,0.764230523895343,0.74828805416171
"auto_mpg","unireg",55,0,0,-0.0162951449353379,-0.00540661326857083,0,0.702807984780928,1.35024282794103
"auto_mpg","unireg",56,0,-0.0663602495623018,0,-0.00553810321632959,0.0920481038952215,0.66333918752456,1.477389694174
"auto_mpg","unireg",57,0,0,0,-0.00593208920490571,0,0.723998194214833,1.24038561832156
"auto_mpg","unireg",58,0,0,0,-0.00603692253009371,0.123300004356588,0.788054637950836,0.902000762904169
"auto_mpg","unireg",59,0,0,0,-0.00616681520380956,0,0.711306293721112,1.35172242629708
"auto_mpg","unireg",60,0,-0.0209292416153599,0,-0.00623849196055512,0,0.621884880695927,0.969767709965697
"auto_mpg","unireg",61,0,0,0,-0.00614646152364687,0.242393870700355,0.682897216568952,1.11276091667164
"auto_mpg","unireg",62,0,0,0,-0.00553628889590722,0.183774255054478,0.747179933647083,1.47861830612322
"auto_mpg","unireg",63,0,-0.143628191004498,-0.0129222677262944,-0.00489662627208981,0,0.759180889496097,1.38793132321151
"auto_mpg","unireg",64,0,0,0,-0.00594446275683425,0.120219976776405,0.776439396751633,1.0387724497454
"auto_mpg","unireg",65,0,-0.104898214658902,0,-0.0055879421912469,0.127868727367573,0.798283026020334,1.35036051235398
"auto_mpg","unireg",66,0,-0.107948974657105,-0.0145498046795651,-0.00528671696314397,0,0.625804077071841,1.2872662847279
"auto_mpg","unireg",67,0,-0.00128153340045887,0,-0.00530113752779844,0.173111633104021,0.618822881149838,1.99970622790289
"auto_mpg","unireg",68,0,0,-0.00711057411730429,-0.00599704129785268,0.00627287077625834,0.741954617582588,0.366561973730023
"auto_mpg","unireg",69,0,0,0,-0.00592099233973793,0.170207008003017,0.742749146701814,1.30834075428776
"auto_mpg","unireg",70,0,0,-0.00369519346237852,-0.00600899741833505,0,0.71336298274464,0.639702043626131
"auto_mpg","unireg",71,0,0,-0.008374405248936,-0.00555081868497386,0,0.724510823217198,0.804735002465039
"auto_mpg","unireg",72,0,0,0,-0.00595393683077898,0,0.745966730959372,0.676439461489103
"auto_mpg","unireg",73,0,-0.102172617290326,0,-0.00627421596173769,0,0.690029461973779,1.20719559995222
"auto_mpg","unireg",74,0,0,0,-0.00593506623954065,0.152742457793226,0.705534799900649,1.04793377301218
"auto_mpg","unireg",75,0,0,-0.0106033718630443,-0.00521401447720322,0.0769100953178676,0.741123317736405,1.47492480847173
"auto_mpg","unireg",76,0,0,0,-0.00558890953202505,0.198918652398099,0.826286936833971,1.65159380177323
"auto_mpg","unireg",77,0,-0.0058920437617725,-0.00742982979627294,-0.00552222627235747,0,0.729673048827788,1.59533849099403
"auto_mpg","unireg",78,0,0,-0.0037945109738974,-0.0065777481978166,0,0.695183932588364,0
"auto_mpg","unireg",79,0,0,-0.0147438594075889,-0.00528714605407775,0,0.599523501474582,1.04958045552182
"auto_mpg","unireg",80,0,-0.0336890725967126,0,-0.00602965872327261,0,0.672514542965281,1.10442572777481
"auto_mpg","unireg",81,0,0,0,-0.00637613694461302,0.141718276471677,0.748148192162718,0.586328945033858
"auto_mpg","unireg",82,0,0,-0.0016370389590278,-0.00606017152206675,0,0.787951208228814,0.927277385875349
"auto_mpg","unireg",83,0,0,0,-0.00602734597719333,0,0.768091580616137,0.917926712987298
"auto_mpg","unireg",84,0,-0.0948607260095371,0,-0.00590242839113947,0.0805527865791681,0.769629785642501,0.949108049363924
"auto_mpg","unireg",85,0,-0.00761208576892388,0,-0.00558810959444972,0.102462945949385,0.769563581031659,1.40116642263825
"auto_mpg","unireg",86,-0.00215557105529787,-0.0149205427600491,-0.0239105251423471,-0.00472507274605418,0,0.699154676718096,1.28141583089546
"auto_mpg","unireg",87,0,-0.26926950094786,0,-0.0054156512244878,0.0164773404365007,0.735679930299617,1.01315613339095
"auto_mpg","unireg",88,0,-0.164046231714158,-0.00612177872529792,-0.00543822076297179,0,0.702362495837013,1.49632362459256
"auto_mpg","unireg",89,0,0,-0.00126690749862652,-0.00607669243929783,0,0.692310129390262,0.72104864451482
"auto_mpg","unireg",90,0,0,-0.0142335939236069,-0.00556004417679846,0,0.717409542545119,1.15843505224841
"auto_mpg","unireg",91,0,0,-0.00997750878241899,-0.00567291386028206,0,0.669217989547201,0.536484105079945
"auto_mpg","unireg",92,0,0,0,-0.00604913834262475,0.123933866788205,0.787024106385584,1.11042452387262
"auto_mpg","unireg",93,0,0,-0.0185404468921075,-0.0053933185404454,0,0.731089622215943,1.14879471576644
"auto_mpg","unireg",94,0,0,0,-0.00571181071017088,0.181944341699027,0.752491809339212,1.16568834722811
"auto_mpg","unireg",95,0,0,0,-0.0061520239801465,0,0.690549172950991,0.708359274589459
"auto_mpg","unireg",96,0,-0.046009831537559,-0.00786515420700603,-0.00550049489857243,0,0.701086989962072,0.889719917596012
"auto_mpg","unireg",97,0,-0.049933749206601,-0.00397752802941712,-0.00612535983499498,0,0.784900221107373,0.86568385168558
"auto_mpg","unireg",98,0,-0.0644822135116584,-0.0122638375400923,-0.00533144946806658,0.112253865973309,0.690351621832048,1.26962913916886
"auto_mpg","unireg",99,0,-0.0230510366291366,-0.0102421002819197,-0.00562902936985859,0,0.709416467568744,1.01432558434586
"auto_mpg","unireg",100,0,0,-0.00763629938103019,-0.00592110031180346,0,0.621141013714163,1.15177288788457
"auto_mpg","least_squares",1,0.0225445721606238,-0.636970107807588,-0.0194822322155189,-0.0065256010048244,0.109451403478982,0.725345587499059,1.38433632652348
"auto_mpg","least_squares",2,0.0165725556576934,-0.206199964123528,-0.0161902812393792,-0.00603070980717799,0.232855651653884,0.795766155028488,1.30140219214024
"auto_mpg","least_squares",3,0.0193192410571411,-0.327496082567415,-0.0275665407887357,-0.00621071410613331,0.100515990547269,0.758909581548059,1.66745605972553
"auto_mpg","least_squares",4,0.0103387915318787,-0.497294900959924,-0.0231855818993639,-0.00545485852230908,-0.0771882548327486,0.66904204608994,1.85351290207422
"auto_mpg","least_squares",5,0.0109182581936609,0.391698706295016,0.00769104413854155,-0.00741002701009155,0.367779189126732,0.804064486278616,1.68753131522306
"auto_mpg","least_squares",6,0.0215785981159709,-0.617738227874468,-0.00815213998767225,-0.00703195414105872,-0.0312318655468508,0.724453189342002,1.27646079064346
"auto_mpg","least_squares",7,0.0156366335354345,-0.3610032008762,-0.0100020113806777,-0.00662849258481839,0.0913910208547331,0.767727867143533,1.23028365659878
"auto_mpg","least_squares",8,0.0267112509852828,-0.81160003454529,-0.00915364236720194,-0.00698890182822358,0.153655909913363,0.770052484449525,1.15160902970227
"auto_mpg","least_squares",9,0.015005725010343,-0.456752877563385,-0.0248770616613557,-0.00567193719333231,0.141010796854164,0.715558038924737,1.13931460805071
"auto_mpg","least_squares",10,0.019574482295887,-0.578392552074658,-0.00448990384636985,-0.00675944870480864,0.146220158374388,0.749598381795379,1.24805695585962
"auto_mpg","least_squares",11,0.0249634340293124,-0.520536382619771,-0.00243067114344093,-0.00740721021938726,0.161946883250827,0.828370095974924,1.77846699489083
"auto_mpg","least_squares",12,0.0298375408698492,-0.558193943019242,-0.0359050399893193,-0.00669124861565853,0.154160163523201,0.777125764859609,1.40167133617459
"auto_mpg","least_squares",13,0.0222906142218788,-0.322696212405305,-0.0486862434852354,-0.00664695714322173,-0.238136116805943,0.769669288788231,1.80807740847808
"auto_mpg","least_squares",14,0.0317947864581087,-0.428144720234066,-0.0028788261245566,-0.0081012506614262,0.234789584119961,0.786101333635438,1.85593398546408
"auto_mpg","least_squares",15,0.0153219350107509,-0.880337299465305,0.020683302845153,-0.00669046493464452,0.137870929866426,0.74978947958888,1.5344108454856
"auto_mpg","least_squares",16,0.0143243763367006,0.0180934473808595,-0.0147542786771069,-0.00684416064284339,0.0735850744260635,0.778480280391293,1.7601293652337
"auto_mpg","least_squares",17,0.0185922212908846,-0.395750282750377,-0.0145938532623912,-0.00679104459319729,0.0817627950199285,0.775745772288398,1.43362245413964
"auto_mpg","least_squares",18,0.017542815518925,-0.339616500585678,-0.0105036456929141,-0.00650837406391006,0.159717694609181,0.74115082620945,1.68830233454867
"auto_mpg","least_squares",19,0.0220835721958609,-0.730390069748842,-0.0147454633749665,-0.0067716842587351,-0.056054981221346,0.722735246321441,1.05747741335536
"auto_mpg","least_squares",20,0.0247898767590243,-1.17091357630091,-0.0247797747669226,-0.00584514187813869,-0.124336795949493,0.761768518555027,1.40196639837532
"auto_mpg","least_squares",21,0.0145394169059013,-0.204781369795449,-0.0315568583760726,-0.00578515156981124,-0.0367203795502556,0.726615821532318,1.86261317756079
"auto_mpg","least_squares",22,0.0232016985354656,-0.277865408385065,-0.0245438648815166,-0.00680089353824726,0.107466514838585,0.689805428876606,1.40290188743893
"auto_mpg","least_squares",23,0.00965478670162312,-0.324577014790093,-0.00320714907567012,-0.00604606713587437,0.0716321367881791,0.699505787368324,1.61220403693274
"auto_mpg","least_squares",24,0.0185509009186034,-0.668700229022829,-0.00682186533608445,-0.00584203735016537,0.148991708510024,0.72126575980249,1.63903037959338
"auto_mpg","least_squares",25,0.0323553971462736,-0.567864481182222,0.00800132090486575,-0.00863257825573449,0.258322810464614,0.822316634973429,1.11690195539926
"auto_mpg","least_squares",26,0.0308465451333292,-0.345705672478499,-0.00620739760801441,-0.00826702520139295,0.194361491110758,0.809090474720106,1.09447917804643
"auto_mpg","least_squares",27,0.0155101120167401,-0.32975113751835,0.00356750942181768,-0.00735151010208418,-0.081346856076067,0.767873438528098,1.20512683319188
"auto_mpg","least_squares",28,0.00788734084803659,0.536639280692718,-0.0226556144468687,-0.00651853977009115,-0.0103146038233491,0.811845935841137,1.59344397006218
"auto_mpg","least_squares",29,-0.00407154430938418,0.251702792536632,0.0254859263659405,-0.00686183323025896,0.283353559634212,0.785138373301998,1.05435991488781
"auto_mpg","least_squares",30,0.0174041942960006,-0.733735063068639,-0.013136453446555,-0.00550882955406155,-0.00950023188956037,0.7316395156417,1.87387690995461
"auto_mpg","least_squares",31,0.0229593492314699,-0.0680538779565297,-0.0111853253643757,-0.00792799833961658,0.103685110813342,0.713123705680186,1.418265406531
"auto_mpg","least_squares",32,0.0255022990359835,-0.759272399589317,0.00679198563608798,-0.00746473863489783,0.181015259116314,0.74350506276512,1.71275281395772
"auto_mpg","least_squares",33,0.0289037977469868,-0.660506764413367,-0.0084161033720836,-0.00742146496527364,0.0567800484619679,0.740855782184906,1.48665116368926
"auto_mpg","least_squares",34,0.0300828808362017,-0.637032519225554,-0.000774208769781696,-0.00767831715045926,0.297022895094179,0.746033414658065,1.82752519341115
"auto_mpg","least_squares",35,0.00717322510016257,-0.311040708481433,-0.00891491066265633,-0.00576078253487432,-0.0847769218661305,0.742726893308817,1.63204100027178
"auto_mpg","least_squares",36,0.0176779142189763,-0.234483637221834,0.00582552267618607,-0.00719103256890964,0.287321741711276,0.790441132968506,1.64938406458717
"auto_mpg","least_squares",37,0.0251532221693486,-0.547240144199419,-0.0238531128345978,-0.00666629573710199,0.1873313507648,0.763520905324875,1.94537967948222
"auto_mpg","least_squares",38,0.0119266719491007,-0.242970150943046,0.00427291910438486,-0.00704637017168484,-0.0346435130659629,0.785486451154035,1.38411487912882
"auto_mpg","least_squares",39,0.0274748555371582,-0.664799520870863,0.0014591600222221,-0.00723807982208611,0.363061729861744,0.77303624148614,1.60986785080572
"auto_mpg","least_squares",40,0.0216418150470413,-0.452597608593957,-0.0163615965202986,-0.0067522426538768,-0.0862604524480997,0.740783081842008,1.7071253241413
"auto_mpg","least_squares",41,0.0229005463108246,-0.311459108984256,-0.027866845608794,-0.00627294916594369,0.116207327185119,0.701156974577564,2.08273379492279
"auto_mpg","least_squares",42,0.0235343376157887,-0.371146494472435,-0.022829599437725,-0.00704279781674964,0.0970645117890093,0.793313767860057,1.3722622214596
"auto_mpg","least_squares",43,0.0200570436518752,-0.368595676723489,-0.0148918563227629,-0.00663050733155137,0.087859559360547,0.809064117974802,1.62495612046034
"auto_mpg","least_squares",44,0.0119653416597541,-0.36018899589978,0.00597183030053705,-0.00650561645580226,0.0661623360313903,0.782215567788197,1.47017208479054
"auto_mpg","least_squares",45,0.0147342278630717,-0.304210404388,-0.018726596800697,-0.00619454049457744,0.0132330718022432,0.799059224159464,1.66418557629405
"auto_mpg","least_squares",46,0.0140973456353766,-0.115403049747484,-0.0127306178921443,-0.00701513320824645,0.0576982820377548,0.755138417927375,1.08101698203993
"auto_mpg","least_squares",47,0.0193459182539486,-0.608711734513776,-0.00471652728242546,-0.00619634412481971,0.0495374652162091,0.717284383692387,1.8928138412481
"auto_mpg","least_squares",48,0.0285162128537859,-0.783676551306428,-0.02731413493082,-0.00594591277488108,0.0441607675228953,0.823980704084504,1.73912930031368
"auto_mpg","least_squares",49,0.0194487179372192,-0.799676835724575,0.00024281659353715,-0.00687672765264426,0.166449441828678,0.749554885095289,1.44259510510616
"auto_mpg","least_squares",50,0.0207587212609685,-0.899962215104168,-0.0104874487624143,-0.0061121102803997,0.0496297392522899,0.740614233168985,1.67253538437058
"auto_mpg","least_squares",51,0.0213106408638582,-0.42895921479417,-0.0102789339162289,-0.00678302886787993,0.155070369561676,0.812253085166051,1.80403656330641
"auto_mpg","least_squares",52,0.00662054711651693,-0.0487677681051964,-0.011533694230785,-0.00599918885215706,0.0669837430871793,0.710602529829529,1.39203641682487
"auto_mpg","least_squares",53,0.0101912929903433,0.0829842113802648,-0.0237554663757483,-0.00649469954341853,-0.0178125075683479,0.719620843500548,1.45591370149579
"auto_mpg","least_squares",54,0.0188939187400592,-0.401036531581171,-0.025221855313971,-0.00679670232244054,0.0679747838714969,0.802667546756194,1.09346307534606
"auto_mpg","least_squares",55,0.0263874861331515,-0.687595539928132,-0.0288583682310002,-0.0065380805100218,-0.0212478242312979,0.728997738092211,1.66118801096881
"auto_mpg","least_squares",56,0.005678893036767,-0.215844490635038,0.0116799979064629,-0.00616682365382378,0.190374759717224,0.680203857318894,1.53039007102628
"auto_mpg","least_squares",57,0.012760277076414,0.0423999865849721,0.00204439334357803,-0.0073712775256847,-0.0117130585930075,0.774146015191967,1.39844927096845
"auto_mpg","least_squares",58,0.0263024125216923,-0.657577469472447,0.0102009338504642,-0.007906869030014,0.286975875555268,0.833246032954674,1.17808613453867
"auto_mpg","least_squares",59,0.0155075157121268,-0.10318040019375,0.00985148292656384,-0.00772878663506234,0.17527807555809,0.764690221390476,1.66002020922464
"auto_mpg","least_squares",60,0.00770253242180198,-0.270517386868166,0.00235969825884481,-0.00662979804904712,0.0374784510717627,0.660889306761228,1.16443562617085
"auto_mpg","least_squares",61,0.0170597386597335,-0.0022682512608619,0.00405331889236744,-0.007802398268852,0.410988849309437,0.719126243481004,1.39999940073871
"auto_mpg","least_squares",62,0.0172765906504379,-0.455151955397999,0.0065223645291248,-0.00661543663917169,0.308278730254333,0.771276733002533,1.65176371796262
"auto_mpg","least_squares",63,0.0298781081239926,-1.02587870221313,-0.0334710160729924,-0.00564470685809052,0.0355281857156746,0.765969657601174,1.87595684921045
"auto_mpg","least_squares",64,0.0300735041889479,-0.332439137876812,0.0100488882700321,-0.00862312711624771,0.328628224236066,0.838004840365576,1.42704212661774
"auto_mpg","least_squares",65,0.0320331544659673,-1.03577726847485,0.0112654969230462,-0.00746583636780552,0.295315095873565,0.838561726529999,1.65264430291742
"auto_mpg","least_squares",66,0.0170414538062966,-0.516369581119941,-0.0187669067434608,-0.00608066971630785,0.0951731359762193,0.656123225876846,1.65339329426716
"auto_mpg","least_squares",67,0.0189592265418892,-0.495764855122078,0.0132098346743803,-0.00672076835022288,0.337828012656111,0.65370576383817,2.25693505643203
"auto_mpg","least_squares",68,0.0272108578028413,-0.317089053325395,-0.0185497626178512,-0.00760658362702744,0.159475545030755,0.792166849347224,0.978522373479192
"auto_mpg","least_squares",69,0.0135394110311967,-0.144786248453007,0.0196489593396871,-0.00757124007512793,0.354763872166329,0.779227735704238,1.44595583997449
"auto_mpg","least_squares",70,0.0303936488725526,-0.587066047864408,-0.010511321264894,-0.00766168607230545,0.151808157203782,0.754858911149722,1.22688428275204
"auto_mpg","least_squares",71,0.0336731581510689,-0.648240209203994,-0.0172075935531711,-0.00737951257335712,0.162169663647083,0.7622976768342,1.35095838119662
"auto_mpg","least_squares",72,0.0174085217559793,-0.438969983198255,-0.00446725165947372,-0.00681637186699867,0.0309686299734954,0.776635730476508,0.936870125598881
"auto_mpg","least_squares",73,0.016852022336349,-0.537587306995171,-0.0108953400137982,-0.00685534591489138,0.0245848068966612,0.7148557332175,1.51097423345217
"auto_mpg","least_squares",74,0.0253521679753262,-0.128823527883082,0.00716365579713025,-0.00834116365099698,0.341613564192904,0.763084604369911,1.44875936498913
"auto_mpg","least_squares",75,0.0294957454204627,-0.71376094615064,-0.0303573726832905,-0.00625841706555716,0.157719590246153,0.775520637375894,1.89526112337092
"auto_mpg","least_squares",76,0.0314461673546664,-0.598153230232057,0.000799169255830711,-0.00769261152462576,0.363106388936863,0.863261907435964,2.02411734496872
"auto_mpg","least_squares",77,0.0114046974548126,-0.359815967020101,-0.0169875323122867,-0.00574958801297642,-0.00841645634045444,0.738061765472956,1.74779331649222
"auto_mpg","least_squares",78,0.0270324255706914,-0.236738164301944,-0.0408072217807644,-0.00757626018160409,-0.0493379462048405,0.775708360378038,0.815877274038081
"auto_mpg","least_squares",79,0.0260444794302789,-0.674368355974442,-0.020375934779985,-0.00640232458464677,0.129421070122199,0.670472373398652,1.57486228646749
"auto_mpg","least_squares",80,0.0193920278948736,-0.544097302060939,-0.00362368052751305,-0.00685930890612326,0.108808681162956,0.731508123016078,1.51939935295232
"auto_mpg","least_squares",81,0.0131246338766146,-0.121460742081755,0.012943717741353,-0.00776420849125666,0.285812796130973,0.785594725675569,0.731496878329109
"auto_mpg","least_squares",82,0.0189359451322593,-0.311540059608294,-0.0122435261704821,-0.0069699381376019,0.0755546828839738,0.83763452757524,1.37471989947545
"auto_mpg","least_squares",83,0.0242203555147037,-0.521497624543603,-0.00308601346977418,-0.00745908826159298,0.0873329719916088,0.802311378733691,1.2802269778885
"auto_mpg","least_squares",84,0.0307201987997057,-0.848421562191707,-0.00540540990991035,-0.00747297732602524,0.222528783812743,0.803027680623372,1.36247169599527
"auto_mpg","least_squares",85,0.0158209898463641,-0.46053693174129,-0.00239827253158671,-0.00627511796189663,0.165491772802154,0.788359581580964,1.60770723801936
"auto_mpg","least_squares",86,0.00104108355894077,-0.120274171429108,-0.022662129652657,-0.00482258301569986,0.0474978268063602,0.737071140266537,1.47106724319623
"auto_mpg","least_squares",87,0.0185989323380795,-0.68776087862659,0.011953908268777,-0.00679942269420046,0.248482265946369,0.798789044549382,1.43617262042032
"auto_mpg","least_squares",88,0.00497073016418913,-0.312808383936064,-0.0115850957873192,-0.00548677792175793,-0.0154039378607276,0.7143933539254,1.60649077673503
"auto_mpg","least_squares",89,0.0202546665700996,-0.583034958282604,-0.0129317920945941,-0.0066370535981045,0.0650332932214591,0.719332015410858,1.10332790481161
"auto_mpg","least_squares",90,0.0114175644333034,-0.269493793813652,-0.0312096969723517,-0.0057030742205275,-0.0581475071755841,0.72947444600375,1.38375980468319
"auto_mpg","least_squares",91,0.0240161334792448,-0.307137868104299,-0.0139406980249774,-0.00728652348218904,0.107052608464273,0.729774182214999,1.02264072935794
"auto_mpg","least_squares",92,0.0238941574581811,-0.463248408058835,-0.00966588545098252,-0.00719877685426025,0.206735138174621,0.811326291149093,1.49018607449715
"auto_mpg","least_squares",93,0.00962653716423931,0.232753388961523,-0.0316730621513229,-0.0062063494380426,0.0203559229817697,0.75396691835622,1.39472291873062
"auto_mpg","least_squares",94,0.0248570811174266,-0.55622554875409,-0.0020125376984071,-0.00715160369128182,0.307504873017293,0.789112717504453,1.46823408419238
"auto_mpg","least_squares",95,0.0202408754267747,-0.479463633458264,0.00188373536097154,-0.00737512734916123,0.0991217689408786,0.733209556660093,1.07900427600386
"auto_mpg","least_squares",96,0.0240769684861528,-0.668883527271084,-0.0184526276057767,-0.00639039209503793,0.0984262740167765,0.754690792683899,1.38521004679902
"auto_mpg","least_squares",97,0.0181788815046893,-0.612025625141657,-0.0273206122490786,-0.00624486376656674,-0.101283834873834,0.812232957859723,1.19612629409523
"auto_mpg","least_squares",98,0.00212001975885701,-0.116279552769624,-0.0110237792849136,-0.00542775988770642,0.145418017336769,0.695300179952822,1.31453664279655
"auto_mpg","least_squares",99,0.0116758542516327,-0.320769407521477,-0.0149728398863356,-0.00604472863313061,0.0772346829150091,0.746143516980295,1.28834201735539
"auto_mpg","least_squares",100,0.00630301969365975,0.0736338058773474,-0.0120051860482227,-0.00644609996152027,0.0501853390553753,0.660452931396903,1.38185658679707
