"dataset","method","split_id","mcv","alkphos","sgpt","sgot","gammagt"
"liver_disorders","uni_loo",1,0.182900228021974,0.00116714500478341,0.0103611451078572,0.0529930759806339,0.0140425403232971
"liver_disorders","uni_loo",2,0.26807867953551,0.0302438427372387,0.0337425217795221,0.139238739838817,0.0352261748357844
"liver_disorders","uni_loo",3,0.279602218135383,0.0365788863440405,0.0232810823524647,0.107196053221486,0.0257908879262951
"liver_disorders","uni_loo",4,0.254053185773553,0.0159238732711647,0.0206760815408819,0.0670898789107654,0.0332120192602125
"liver_disorders","uni_loo",5,0.147478340582201,0.00458222522329333,-0.000465030645872292,0.0435703992540476,0.0186423269543503
"liver_disorders","uni_loo",6,0.256376544348148,0.0151866116717481,0.0480269396804293,0.102112225777323,0.0282970245083563
"liver_disorders","uni_loo",7,0.160615461640933,0.0107651201950145,0.0155364088438773,0.0762564780589797,0.0245746892823965
"liver_disorders","uni_loo",8,0.210422203504869,0.0161532778824591,0.0429226132671687,0.1050859250299,0.0308964052565577
"liver_disorders","uni_loo",9,0.333577015716506,0.014112112965621,0.0279498179366028,0.0886574307006588,0.0424081770912511
"liver_disorders","uni_loo",10,0.207970459494567,0.0260113966320364,0.0611474917707181,0.118286638930715,0.040113218874322
"liver_disorders","uni_loo",11,0.219862750317982,0.0311326902748787,0.0263399939841819,0.0876076461099462,0.0284370660818999
"liver_disorders","uni_loo",12,0.207820863323995,0.00880260390388433,0.0265591010542614,0.0733667252319151,0.0172368969434683
"liver_disorders","uni_loo",13,0.150526338727162,0.00638163906086559,0.0441441614018872,0.0897198951434529,0.0327017325977825
"liver_disorders","uni_loo",14,0.236482640865111,0.03182316783581,0.0316668644661661,0.0836386897948341,0.0260765192004203
"liver_disorders","uni_loo",15,0.323942053574343,0.000697618087382677,0.0471769936987659,0.120592382805867,0.034797531196155
"liver_disorders","uni_loo",16,0.281757676220927,0.0239972893171863,0.0164307775207298,0.0770741951669553,0.0296377804299306
"liver_disorders","uni_loo",17,0.19352305711113,0.0189465778377827,0.0291287170623611,0.0925600951419957,0.0254776354876241
"liver_disorders","uni_loo",18,0.26439315059191,0.0220551571018668,0.0377902759041246,0.0948078278601872,0.0230598205184516
"liver_disorders","uni_loo",19,0.228093314648421,0.0279016636475827,0.0407220726242567,0.124869726816577,0.0257722583022965
"liver_disorders","uni_loo",20,0.198593229402329,0.0255510439664672,0.0276703020705558,0.0930380379853449,0.028900220670216
"liver_disorders","uni_loo",21,0.239501424635379,0.0117525476847299,0.0345437715982139,0.0856629810997453,0.0402955199265295
"liver_disorders","uni_loo",22,0.245251330970894,0.0156400946238869,0.0440277165444817,0.086242384217444,0.0258588961715349
"liver_disorders","uni_loo",23,0.266321192809215,0.0457952970585399,0.04382072859303,0.113910897622929,0.0347297558277323
"liver_disorders","uni_loo",24,0.152091943496079,0.00871970350255943,0.0187539406728863,0.0867269467945685,0.0311152016047703
"liver_disorders","uni_loo",25,0.355422830834923,0.0271034262570477,0.032529084023101,0.100920710324267,0.041466524657029
"liver_disorders","uni_loo",26,0.242147253934092,0.0291107052502506,0.0388739680405028,0.108418884462282,0.0462217410046713
"liver_disorders","uni_loo",27,0.261034072806329,0.0175576455681405,0.0375769669511254,0.113744901682999,0.0275906592626203
"liver_disorders","uni_loo",28,0.23709031278202,0.0313438930733095,0.0508243412338155,0.109133383618462,0.0354482895139031
"liver_disorders","uni_loo",29,0.251299354762329,0.0242204859563061,0.0344884490538749,0.0761649105311431,0.0374693302069418
"liver_disorders","uni_loo",30,0.292134152150494,0.0315202708747277,0.0423877596670611,0.130664221146189,0.033259810114717
"liver_disorders","uni_loo",31,0.181613525829068,0.000656605586130588,0.0314886459309292,0.0897280129234075,0.0296429127089885
"liver_disorders","uni_loo",32,0.274019537537251,0.0206799024013861,0.0352701934126975,0.0850724789696842,0.0202152029528481
"liver_disorders","uni_loo",33,0.248313465676912,0.0197446115980672,0.026595169733308,0.102191486011233,0.0279760352786277
"liver_disorders","uni_loo",34,0.225051175197494,0.0218659453576452,0.0421941038182987,0.130944129703647,0.0284588279282546
"liver_disorders","uni_loo",35,0.222007503224041,0.00302419494534607,0.0385434189926075,0.084506281599988,0.0262849795518342
"liver_disorders","uni_loo",36,0.18475177373351,0.00918380616351526,0.0411664668031799,0.0954940879160472,0.042515072376618
"liver_disorders","uni_loo",37,0.267377226119807,0.0249938682324103,0.0263716456594121,0.111189531889897,0.0379558624482585
"liver_disorders","uni_loo",38,0.20768641738594,0.0166885253147532,0.0428170214730645,0.123672325085378,0.0318347813175254
"liver_disorders","uni_loo",39,0.221436196055146,0.0276510694460803,0.046489486274513,0.105484649012613,0.0282685679779165
"liver_disorders","uni_loo",40,0.268822576838884,0.0247385398880749,0.0336391360876409,0.114839398054486,0.0341346866898818
"liver_disorders","uni_loo",41,0.189414649991375,0.016077628949484,0.0224432157421848,0.0835345839088655,0.0207314404724587
"liver_disorders","uni_loo",42,0.296052685622846,0.0230287424839921,0.0758180881216181,0.140434497985543,0.0565489498865069
"liver_disorders","uni_loo",43,0.233523210276605,0.0163109384371025,0.0374319076161955,0.0998440760247013,0.0299197185963656
"liver_disorders","uni_loo",44,0.22286699869063,0.00563468566677937,0.0222493043309856,0.0829113841526753,0.0294830797780674
"liver_disorders","uni_loo",45,0.202265597319269,0.0287803847088491,0.0279756073346243,0.0841770447324977,0.0363826884023498
"liver_disorders","uni_loo",46,0.247624305785978,0.0165889021821279,0.0278485370643394,0.0783860338747904,0.0271466682621538
"liver_disorders","uni_loo",47,0.199423237952242,0.0148049896131002,0.0366801774951984,0.102911219855875,0.0151059514692235
"liver_disorders","uni_loo",48,0.287656768288733,0.0204120845106164,0.0311956788639719,0.0900329811543663,0.0246539941143615
"liver_disorders","uni_loo",49,0.244519405764592,0.0126786936773632,0.0664368518464978,0.147516188119642,0.0315635622656699
"liver_disorders","uni_loo",50,0.266399696138205,0.0217708396354061,0.0545352603443976,0.128076115185494,0.0405687073899275
"liver_disorders","uni_loo",51,0.224939759036145,0.0440701798788372,0.0574558234505983,0.128376408049322,0.028479948361016
"liver_disorders","uni_loo",52,0.229739078783009,0.0184748895899274,0.0449024260682235,0.0853545654682019,0.0361720200465773
"liver_disorders","uni_loo",53,0.222500256225309,0.0206010307420492,0.0250815156687342,0.0808364197949776,0.0277501240722551
"liver_disorders","uni_loo",54,0.1875017440595,0.00317573689855389,0.0161808864980838,0.0535555335772921,0.0253224385582549
"liver_disorders","uni_loo",55,0.286755216391051,0.00399887526199303,0.0402535998549999,0.100409500697753,0.0342336390881988
"liver_disorders","uni_loo",56,0.197640720426343,0.00710503312057405,0.021308016235259,0.0995487098318903,0.0150386546298045
"liver_disorders","uni_loo",57,0.184403346529207,0.0114966768982546,0.0421060369103956,0.112332005005074,0.0265862585718122
"liver_disorders","uni_loo",58,0.232437435779855,0.0108653030699257,0.0325046582055716,0.100763126385844,0.0202291654603421
"liver_disorders","uni_loo",59,0.255799028232961,0.0152591895256977,0.0402347208392745,0.113436411601294,0.0264200747889529
"liver_disorders","uni_loo",60,0.250705263675234,0.0195020567630708,0.0497639989444149,0.104601982064618,0.0298070187086158
"liver_disorders","uni_loo",61,0.247424968588002,-0.00201651933989982,0.0520379197073357,0.106627886453168,0.0300087738680396
"liver_disorders","uni_loo",62,0.243369804232287,0.0148366924010955,0.0511440907034816,0.110286793083085,0.041723559614056
"liver_disorders","uni_loo",63,0.206299501215757,0.0172186917077723,0.0238934417575161,0.077613924143619,0.0224630722193983
"liver_disorders","uni_loo",64,0.224036097882902,0.00601534697395482,0.0270041576716047,0.0747257464370606,0.0286932968743516
"liver_disorders","uni_loo",65,0.282339931590588,0.030049036488774,0.0412404262260661,0.103753460364728,0.0279578076704202
"liver_disorders","uni_loo",66,0.257202991114922,0.0346221410678586,0.0184934097165649,0.0850939062486011,0.0274047672743871
"liver_disorders","uni_loo",67,0.201404289268714,0.00782750267799326,0.0394045081626655,0.101794408914877,0.0412588574243768
"liver_disorders","uni_loo",68,0.271030591554264,0.0173839660510378,0.0314583606819362,0.0838667048856499,0.0220453737609751
"liver_disorders","uni_loo",69,0.236661975182945,0.026546733500764,0.0294607468096443,0.0943723491802241,0.0362454638311935
"liver_disorders","uni_loo",70,0.272696239875966,0.0138049867497428,0.0501110046989987,0.115465912635403,0.0338814337348376
"liver_disorders","uni_loo",71,0.197865960940707,0.0162658226803572,0.0667781255514766,0.120063039580968,0.028991904496381
"liver_disorders","uni_loo",72,0.269724032382979,0.0231225860140859,0.0474421653687344,0.110823631257861,0.036195305749051
"liver_disorders","uni_loo",73,0.258047316989542,0.0147053210920559,0.0238135422002453,0.0824144712663737,0.024218096404085
"liver_disorders","uni_loo",74,0.239844174987277,0.00882920933916217,0.0355985706142313,0.118886852588392,0.0282345492841564
"liver_disorders","uni_loo",75,0.274960242422325,0.0145942392877594,0.059134507560778,0.120274690790051,0.0271023507717726
"liver_disorders","uni_loo",76,0.193475663528006,0.0236423497601713,0.0240024233605877,0.0608109840317544,0.0261459332681274
"liver_disorders","uni_loo",77,0.153202306622152,0.0238956372402166,0.0284551981639189,0.0684865727112763,0.0259067126201237
"liver_disorders","uni_loo",78,0.269913688769985,0.0153864848253588,0.0409512336608408,0.0776798287761403,0.0178616803892004
"liver_disorders","uni_loo",79,0.229632400003086,0.0239416574090181,0.019500512064388,0.0599149413469178,0.0310282387824096
"liver_disorders","uni_loo",80,0.257832634714622,0.00937505129866735,0.019178764429449,0.0458595569357918,0.0128690707673009
"liver_disorders","uni_loo",81,0.239512250951725,0.000942247668961465,0.020722237302137,0.069916769373564,0.035357861661802
"liver_disorders","uni_loo",82,0.224611428608439,0.0129296787889937,0.0459560916881344,0.106891649519518,0.0221760018748535
"liver_disorders","uni_loo",83,0.309606010853499,0.0179789982132191,0.0411016265509657,0.104438529034802,0.0254951947629157
"liver_disorders","uni_loo",84,0.267693290395708,0.0121862289548896,0.0329256121279273,0.0812593653853957,0.0373260982002189
"liver_disorders","uni_loo",85,0.263074760438241,0.0204252560930448,0.0358470777901028,0.0848073445893942,0.0321438130191332
"liver_disorders","uni_loo",86,0.167304410064417,0.0114095853345108,0.0216448383415734,0.0610853037293821,0.0138635680787971
"liver_disorders","uni_loo",87,0.220271815545818,0.018735410066814,0.0590831331927365,0.15726127826441,0.0438388806453238
"liver_disorders","uni_loo",88,0.217174861696848,0.00982431219371205,0.0329580474520813,0.0887598476909708,0.0219827751783378
"liver_disorders","uni_loo",89,0.235541413966223,0.0324524931689197,0.030669755344225,0.100183191497567,0.0255170154880891
"liver_disorders","uni_loo",90,0.237324262743946,0.017629803555353,0.0427124749532837,0.0949679788093476,0.0278115255589017
"liver_disorders","uni_loo",91,0.301806021524118,0.025242373690953,0.0418072235747943,0.139346385329048,0.0388509795472494
"liver_disorders","uni_loo",92,0.318685328293696,0.0160044635297051,0.024295644032954,0.0746131969553777,0.0233484179626294
"liver_disorders","uni_loo",93,0.207302518394372,0.0150330002129046,0.0329073278892393,0.0903184558139846,0.0290112185972688
"liver_disorders","uni_loo",94,0.193244553258642,0.00891015734255029,0.0307887642266482,0.0743654712336036,0.0365464956781218
"liver_disorders","uni_loo",95,0.220593291017553,0.0433430228475938,0.0473911784621458,0.109126311935145,0.0241425339148445
"liver_disorders","uni_loo",96,0.192085438909981,0.0209062640564802,0.0465155381272077,0.116762018757926,0.0392212234989475
"liver_disorders","uni_loo",97,0.241013949534372,0.0371937790468435,0.0585125566792986,0.138604686732207,0.0349684708953755
"liver_disorders","uni_loo",98,0.300444171202786,0.0224704865985382,0.0619593759143223,0.146943243014241,0.0480090785317283
"liver_disorders","uni_loo",99,0.202600099484641,0.025000294984111,0.0379856803852251,0.0977139247022486,0.0369371816603759
"liver_disorders","uni_loo",100,0.205035604305931,0.0142682849502201,0.0228949582016158,0.0762715959266151,0.023304048290463
"liver_disorders","unilasso_loo_true",1,0.0905992529592831,0,0,0,0
"liver_disorders","unilasso_loo_true",2,0.178401910884907,0,0,0.0652579166520753,0.0155115307659908
"liver_disorders","unilasso_loo_true",3,0.151304023287372,0,0,0.0287583331387147,0.00508609324137614
"liver_disorders","unilasso_loo_true",4,0.18638861865944,0,0,0,0.0220708074918208
"liver_disorders","unilasso_loo_true",5,0.0753257882631079,0,0,0,0.00762664121344899
"liver_disorders","unilasso_loo_true",6,0.1131150751739,0,0,0.0162899857371657,0.0138408097826159
"liver_disorders","unilasso_loo_true",7,0,0,0,0.0106425420492327,0.0125207221007718
"liver_disorders","unilasso_loo_true",8,0,0,0,0,0.0130020451186682
"liver_disorders","unilasso_loo_true",9,0.224757484499926,0,0,0,0.0306945794068841
"liver_disorders","unilasso_loo_true",10,0.0974521346355812,0,0,0,0.0293734397453528
"liver_disorders","unilasso_loo_true",11,0.116979760418352,0,0,0.0269898932547744,0.0109936462299603
"liver_disorders","unilasso_loo_true",12,0.106541148931401,0,0,0,0
"liver_disorders","unilasso_loo_true",13,0,0,0,0,0.0210324331227745
"liver_disorders","unilasso_loo_true",14,0.102425157445628,0,0,0,0.00411797024391765
"liver_disorders","unilasso_loo_true",15,0.191977113628992,0,0,0.0357523459432538,0.0175709790679306
"liver_disorders","unilasso_loo_true",16,0.192514460186996,0,0,0,0.0151573053286594
"liver_disorders","unilasso_loo_true",17,0.0628045309927426,0,0,0.0372900473507395,0.00793449412886534
"liver_disorders","unilasso_loo_true",18,0.185054288660551,0,0,0.035682022658255,0.00377703185508373
"liver_disorders","unilasso_loo_true",19,0.0955408673145424,0,0,0.0555907402916932,0.00703185678432002
"liver_disorders","unilasso_loo_true",20,0.0515254897626616,0,0,0.000189688110493849,0.0119946879936484
"liver_disorders","unilasso_loo_true",21,0.161960579719074,0,0,0,0.0313912367911249
"liver_disorders","unilasso_loo_true",22,0.0965800375150408,0,0,0,0.0109690402732262
"liver_disorders","unilasso_loo_true",23,0.159549832665435,0,0,0.000500548475398191,0.0204553126003558
"liver_disorders","unilasso_loo_true",24,0.0568814009046675,0,0,0,0.0207246866016091
"liver_disorders","unilasso_loo_true",25,0.222794428347536,0,0,0,0.0267843520153039
"liver_disorders","unilasso_loo_true",26,0.115759732627929,0,0,0.00896272796612069,0.0346174144914972
"liver_disorders","unilasso_loo_true",27,0.175321423549978,0,0,0.0586809929087076,0.00686401938202773
"liver_disorders","unilasso_loo_true",28,0.111556046723011,0,0,0.0362794901362493,0.0216016749189168
"liver_disorders","unilasso_loo_true",29,0.12665611334083,0,0,0,0.0267693843551643
"liver_disorders","unilasso_loo_true",30,0.148601575995743,0,0,0.0109267947100141,0.0147072837919386
"liver_disorders","unilasso_loo_true",31,0.0716844689980924,0,0,0,0.0173734912266639
"liver_disorders","unilasso_loo_true",32,0.188846180563974,0,0,0.0188875854007723,0.00549252589078387
"liver_disorders","unilasso_loo_true",33,0.170657701281007,0,0,0.022106089977219,0.0127533411489985
"liver_disorders","unilasso_loo_true",34,0.114295862161939,0,0,0.0793784136385007,0.00514644771543013
"liver_disorders","unilasso_loo_true",35,0.0928885203579279,0,0,0.0197232565725898,0.010215995236825
"liver_disorders","unilasso_loo_true",36,0,0,0,0,0.0315860966789554
"liver_disorders","unilasso_loo_true",37,0.143028846168769,0,0,0.0178021345770256,0.0237824362689971
"liver_disorders","unilasso_loo_true",38,0.0764597964175877,0,0,0.0414651590220903,0.0100896902158318
"liver_disorders","unilasso_loo_true",39,0.061439201148263,0,0,0.00746356742419683,0.0121417750379341
"liver_disorders","unilasso_loo_true",40,0.153788039440313,0,0,0.0311679892169551,0.0171587533964379
"liver_disorders","unilasso_loo_true",41,0.0689239277843652,0,0,0,0
"liver_disorders","unilasso_loo_true",42,0.189031889844368,0,0,0.0594162225785162,0.0365967539307608
"liver_disorders","unilasso_loo_true",43,0.156610027821878,0,0,0.0331482866417066,0.0130593480128545
"liver_disorders","unilasso_loo_true",44,0.123914986376363,0,0,0.0043301662159741,0.0159508616762779
"liver_disorders","unilasso_loo_true",45,0.0884710120702318,0,0,0,0.026224165388576
"liver_disorders","unilasso_loo_true",46,0.1445083773411,0,0,0,0.0154584604917343
"liver_disorders","unilasso_loo_true",47,0.129137418833951,0,0,0.0675210675630644,0
"liver_disorders","unilasso_loo_true",48,0.17349818120173,0,0,0.0132454251808662,0.00581434975634005
"liver_disorders","unilasso_loo_true",49,0.105117834192891,0,0.0013978296019889,0.0747824757556518,0.00546087111046723
"liver_disorders","unilasso_loo_true",50,0.164471928373565,0,0,0.0263833023318863,0.0231325710818465
"liver_disorders","unilasso_loo_true",51,0.0290181651737887,0,0,0.0487432565890824,0.00916984216256272
"liver_disorders","unilasso_loo_true",52,0.134587491646991,0,0,0,0.0274178261887018
"liver_disorders","unilasso_loo_true",53,0.108806889100549,0,0,0.013263147700144,0.0132073783976956
"liver_disorders","unilasso_loo_true",54,0.124661147435806,0,0,0,0.0179259715236428
"liver_disorders","unilasso_loo_true",55,0.203031952011509,0,0,0.0345778873818799,0.0174429242217865
"liver_disorders","unilasso_loo_true",56,0.0962690403361205,0,0,0.0529154766600053,0
"liver_disorders","unilasso_loo_true",57,0.13383392412947,0,0,0.0709701298062064,0.0119292567979472
"liver_disorders","unilasso_loo_true",58,0.14386389963315,0,0,0.0349947582789715,0.00430666825867305
"liver_disorders","unilasso_loo_true",59,0.177166236372292,0,0,0.067675959926834,0.00801646847317334
"liver_disorders","unilasso_loo_true",60,0.164125675212843,0,0,0.0460013519251545,0.00959354280597793
"liver_disorders","unilasso_loo_true",61,0.102587259707411,0,0,0.0095277335541742,0.0107802437689183
"liver_disorders","unilasso_loo_true",62,0.091832274884279,0,0,0.0076257152729553,0.0316950244887116
"liver_disorders","unilasso_loo_true",63,0.114896995728465,0,0,0.022197718312435,0.00227770851287975
"liver_disorders","unilasso_loo_true",64,0.102809624110105,0,0,0,0.0146916029555998
"liver_disorders","unilasso_loo_true",65,0.162746902211549,0,0,0.00444166643871254,0.00904955507276738
"liver_disorders","unilasso_loo_true",66,0.135863050667114,0,0,0,0.013787359866764
"liver_disorders","unilasso_loo_true",67,0.112507650691504,0,0,0.0213815156333301,0.0301207002870215
"liver_disorders","unilasso_loo_true",68,0.152349696251907,0,0,0.0196720033266524,0.000290514086853916
"liver_disorders","unilasso_loo_true",69,0.0971281662434059,0,0,0,0.0267754484610523
"liver_disorders","unilasso_loo_true",70,0.156612666647938,0,0,0.0280234121619145,0.0218385001333079
"liver_disorders","unilasso_loo_true",71,0.0951964059571946,0,0.02916677312562,0.0297091802655476,0.00888541018280748
"liver_disorders","unilasso_loo_true",72,0.141184465702734,0,0,0,0.0258712430553716
"liver_disorders","unilasso_loo_true",73,0.180353525834005,0,0,0.0224237186157514,0
"liver_disorders","unilasso_loo_true",74,0.0947659650730231,0,0,0.046002888763177,0.00796171940206433
"liver_disorders","unilasso_loo_true",75,0.163683902536717,0,0,0.0537187092964204,0.00705630100300002
"liver_disorders","unilasso_loo_true",76,0.0832786439030768,0,0,0,0.0163271858175663
"liver_disorders","unilasso_loo_true",77,0,0,0,0,0.0105660281174515
"liver_disorders","unilasso_loo_true",78,0.222672661739619,0,0.0105670109611454,0.0209199803346011,0.00386802020070673
"liver_disorders","unilasso_loo_true",79,0.138180854046601,0,0,0,0.0198680328155434
"liver_disorders","unilasso_loo_true",80,0.206678361004213,0,0,0,0
"liver_disorders","unilasso_loo_true",81,0.151387606193969,0,0,0,0.0240190098566547
"liver_disorders","unilasso_loo_true",82,0.113319673023092,0,0,0.0595701609346772,0.00169305310292454
"liver_disorders","unilasso_loo_true",83,0.215124506206406,0,0,0.0281847557501254,0.0079551131933368
"liver_disorders","unilasso_loo_true",84,0.182440663787063,0,0,0,0.0233713931317983
"liver_disorders","unilasso_loo_true",85,0.138814044997288,0,0,0,0.0234050673573504
"liver_disorders","unilasso_loo_true",86,0.0509005169840341,0,0,0,0
"liver_disorders","unilasso_loo_true",87,0.103138136623166,0,0,0.0641987493965062,0.0263631539864158
"liver_disorders","unilasso_loo_true",88,0.103031002789106,0,0,0.0185304846275045,0.00353157605649815
"liver_disorders","unilasso_loo_true",89,0.112456756307301,0,0,0.0337346599968112,0.00550159554902518
"liver_disorders","unilasso_loo_true",90,0.133349810241182,0,0,0.011143126230814,0.00847242808421429
"liver_disorders","unilasso_loo_true",91,0.197700763454266,0,0,0.0486435437952316,0.0206732206111525
"liver_disorders","unilasso_loo_true",92,0.219212329176797,0,0,0,0.00484319715481716
"liver_disorders","unilasso_loo_true",93,0.0858650925603289,0,0,0,0.0172271242673852
"liver_disorders","unilasso_loo_true",94,0.0995870980184024,0,0,0,0.0271428013218823
"liver_disorders","unilasso_loo_true",95,0.105762387957978,0.00107244590479177,0,0.0251785947046175,0.00546757224840757
"liver_disorders","unilasso_loo_true",96,0.113050948076212,0,0,0.0438252504800037,0.0281647626849447
"liver_disorders","unilasso_loo_true",97,0.107284030636711,0,0,0.0540857666042032,0.0143949705059244
"liver_disorders","unilasso_loo_true",98,0.172741979581585,0,0,0.0432208204577031,0.0283150889025625
"liver_disorders","unilasso_loo_true",99,0.069877389509903,0,0,0.0181674776903632,0.0263470793769135
"liver_disorders","unilasso_loo_true",100,0.112477222541758,0,0,0.00170474770840382,0.00972794328885803
"liver_disorders","unilasso_loo_false",1,0.0960078018282024,0,0,0,0
"liver_disorders","unilasso_loo_false",2,0.187959690230837,0,0,0.0787310231313061,0.0156612014950432
"liver_disorders","unilasso_loo_false",3,0.179792116491824,0,0,0.0438073029392905,0.00860659265676245
"liver_disorders","unilasso_loo_false",4,0.197832861442509,0,0,0.00409150361012533,0.0256947944762449
"liver_disorders","unilasso_loo_false",5,0.119163161821616,0,-0.0446260227407571,0.0745072786897013,0.0168007563557629
"liver_disorders","unilasso_loo_false",6,0.141360359093487,0,0,0.0258291825578122,0.0179127050490353
"liver_disorders","unilasso_loo_false",7,0.0721074178748605,0,0,0.0346010389751052,0.0144335804727802
"liver_disorders","unilasso_loo_false",8,0.0869760202355355,0,0,0.0372940527117529,0.0210034782639808
"liver_disorders","unilasso_loo_false",9,0.2248514633644,0,0,0,0.0326337188983281
"liver_disorders","unilasso_loo_false",10,0.110379822322782,0,0,0,0.0308886538383208
"liver_disorders","unilasso_loo_false",11,0.163732317944503,0.0267987944000487,0,0.044377975561943,0.0128230353193163
"liver_disorders","unilasso_loo_false",12,0.159248196712975,0,0,0.0258406217058588,0.00567804802760507
"liver_disorders","unilasso_loo_false",13,0,0,0,0,0.0246012637359895
"liver_disorders","unilasso_loo_false",14,0.185939237530007,0.0150199617991517,0,0.0166983164879019,0.017942035858147
"liver_disorders","unilasso_loo_false",15,0.206607246566338,0,0,0.0447480487464756,0.017667808487967
"liver_disorders","unilasso_loo_false",16,0.210078224659113,0,0,0,0.0177766498691406
"liver_disorders","unilasso_loo_false",17,0.101625289766367,0,0,0.0471598187734912,0.0130995619920655
"liver_disorders","unilasso_loo_false",18,0.209098301448143,0,0,0.0456349707041517,0.00864146657536922
"liver_disorders","unilasso_loo_false",19,0.108968112170466,0,0,0.0633748350754201,0.00959021535800461
"liver_disorders","unilasso_loo_false",20,0.105129822241696,0,0,0.0216577874507775,0.0191832680093067
"liver_disorders","unilasso_loo_false",21,0.175679561478133,0,0,0,0.0333481784195575
"liver_disorders","unilasso_loo_false",22,0.14868915439666,0,0.0116060668297209,0,0.0165023337130284
"liver_disorders","unilasso_loo_false",23,0.188786369291942,0.0137228504851707,0,0.0241058768741171,0.0207955218875817
"liver_disorders","unilasso_loo_false",24,0.0899436432982045,0,0,0.0221414696901865,0.0219807268351504
"liver_disorders","unilasso_loo_false",25,0.218490798957451,0,0,0,0.0281095062951354
"liver_disorders","unilasso_loo_false",26,0.163248268575793,0.0176025002260523,0,0.0320834748742449,0.0351008545760535
"liver_disorders","unilasso_loo_false",27,0.196871384507414,0,0,0.0708615015328393,0.00782439611880829
"liver_disorders","unilasso_loo_false",28,0.115486952297859,0,0,0.0408293202901031,0.0212723966972597
"liver_disorders","unilasso_loo_false",29,0.133447574503834,0,0,0,0.0285594089908503
"liver_disorders","unilasso_loo_false",30,0.194176201656212,0,0,0.0471928058829289,0.0169232975096815
"liver_disorders","unilasso_loo_false",31,0.129711521039,0,0,0.0242895177369535,0.0230942877306099
"liver_disorders","unilasso_loo_false",32,0.193461728317797,0,0,0.026378168637507,0.00731816673033578
"liver_disorders","unilasso_loo_false",33,0.193346910079769,0,0,0.0423374078216262,0.0142679760174577
"liver_disorders","unilasso_loo_false",34,0.12711131647331,0,0,0.0906214615210478,0.0049581033777799
"liver_disorders","unilasso_loo_false",35,0.112983834135427,0,0,0.0215456554567467,0.0161493222292357
"liver_disorders","unilasso_loo_false",36,0.0602485150094987,0,0,0,0.0374937259622817
"liver_disorders","unilasso_loo_false",37,0.160394067972098,0,0,0.035776126229262,0.0228635696102231
"liver_disorders","unilasso_loo_false",38,0.140997534480349,0,0,0.0672634745585448,0.0204377431242731
"liver_disorders","unilasso_loo_false",39,0.103253716813837,0,0,0.022271632863124,0.0173650959936927
"liver_disorders","unilasso_loo_false",40,0.177249717392952,0,0,0.0483454985917547,0.0180855836380279
"liver_disorders","unilasso_loo_false",41,0.13646320141465,0,0,0.0404934187427145,0.00770572990266593
"liver_disorders","unilasso_loo_false",42,0.204382379061963,0,0,0.0660436028315136,0.0402074922271237
"liver_disorders","unilasso_loo_false",43,0.178468155848129,0,0,0.0453959581853443,0.0152849795172151
"liver_disorders","unilasso_loo_false",44,0.161044048567037,0,0,0.0232482187973121,0.0173942628126147
"liver_disorders","unilasso_loo_false",45,0.100444340983386,0,0,0,0.0291716402415242
"liver_disorders","unilasso_loo_false",46,0.173041679244194,0,0,0.00444468478407958,0.0211220488961286
"liver_disorders","unilasso_loo_false",47,0.135249787572933,0,0,0.0699563777693777,0
"liver_disorders","unilasso_loo_false",48,0.227004548837302,0,0,0.0325035892925305,0.012474647574345
"liver_disorders","unilasso_loo_false",49,0.143259227913644,0,0.0107950694942864,0.0725061340894117,0.0114949774692247
"liver_disorders","unilasso_loo_false",50,0.183425155255505,0,0,0.0419681396976522,0.0262255487227223
"liver_disorders","unilasso_loo_false",51,0.0765381619823289,0,0,0.0610724728559822,0.01331824270798
"liver_disorders","unilasso_loo_false",52,0.141326603940107,0,0,0,0.0296605533985624
"liver_disorders","unilasso_loo_false",53,0.1531981507938,0,0,0.0304394384992041,0.0156704169270901
"liver_disorders","unilasso_loo_false",54,0.140761783978025,0,0,0,0.0202480869034901
"liver_disorders","unilasso_loo_false",55,0.201193578507902,0,0,0.0337222260621265,0.0236183496197529
"liver_disorders","unilasso_loo_false",56,0.124383127783811,0,0,0.0727323808880089,0
"liver_disorders","unilasso_loo_false",57,0.155982456036225,0,0,0.0744807226199941,0.0140313895069979
"liver_disorders","unilasso_loo_false",58,0.178724874746054,0,0,0.0583997713352887,0.00804943442542298
"liver_disorders","unilasso_loo_false",59,0.199954658810611,0,0,0.080592432977295,0.00909466410914528
"liver_disorders","unilasso_loo_false",60,0.176559477545507,0,0.000579426008869481,0.0432471427687298,0.0176254254915886
"liver_disorders","unilasso_loo_false",61,0.141033593972503,0,0,0.0316172612559285,0.0173280716111674
"liver_disorders","unilasso_loo_false",62,0.132995551763684,0,0,0.0241032603789639,0.0333709373495334
"liver_disorders","unilasso_loo_false",63,0.135834848039422,0,0,0.0283107343098443,0.0100323660991632
"liver_disorders","unilasso_loo_false",64,0.118278608148493,0,0,0,0.0217731323858932
"liver_disorders","unilasso_loo_false",65,0.223483897564406,0.0125108163447257,0,0.0435608955306113,0.0164466344338473
"liver_disorders","unilasso_loo_false",66,0.198107947789055,0.0224615819522576,0,0.0319878428891875,0.0148469646594583
"liver_disorders","unilasso_loo_false",67,0.139163949086285,0,0,0.0351540277786874,0.032265964019926
"liver_disorders","unilasso_loo_false",68,0.202565647252334,0,0,0.0415471011249675,0.00688010821972201
"liver_disorders","unilasso_loo_false",69,0.116205062490185,0,0,0.00122970396894582,0.0288355847883612
"liver_disorders","unilasso_loo_false",70,0.185068859062929,0,0,0.0437061225392552,0.0235221638665831
"liver_disorders","unilasso_loo_false",71,0.111000457891891,0,0.0338108396992093,0.02118436698378,0.0143689992128869
"liver_disorders","unilasso_loo_false",72,0.165138618968359,0,0,0.0106853459084324,0.0275769746161897
"liver_disorders","unilasso_loo_false",73,0.202992752493219,0,0,0.0437368880803905,0.000753789045488337
"liver_disorders","unilasso_loo_false",74,0.138044379395259,0,0,0.0611903890996245,0.0140601152600523
"liver_disorders","unilasso_loo_false",75,0.178466389023983,0,0.00458795175238774,0.049056676456882,0.0113620481786834
"liver_disorders","unilasso_loo_false",76,0.0840802511210515,0,0,0,0.0202503546663523
"liver_disorders","unilasso_loo_false",77,0,0,0,0,0.0174234322078097
"liver_disorders","unilasso_loo_false",78,0.23203052308025,0,0.012743163232271,0.0197520422570805,0.00613125215689759
"liver_disorders","unilasso_loo_false",79,0.142037303239073,0,0,0,0.0235688165580532
"liver_disorders","unilasso_loo_false",80,0.213811511566187,0,0,0,0
"liver_disorders","unilasso_loo_false",81,0.169405067586329,0,0,0,0.0293604829445838
"liver_disorders","unilasso_loo_false",82,0.155589240024447,0,0,0.0676522983922011,0.00713058279603579
"liver_disorders","unilasso_loo_false",83,0.221214705516529,0,0,0.0314388636238597,0.0112421815404773
"liver_disorders","unilasso_loo_false",84,0.206315897718103,0,0,0,0.0300030669088528
"liver_disorders","unilasso_loo_false",85,0.143634713511744,0,0,0,0.0248075194349121
"liver_disorders","unilasso_loo_false",86,0.109453321567957,0,0,0.0226270409764405,0.0030094987478625
"liver_disorders","unilasso_loo_false",87,0.122282853359221,0,0,0.0727115920992197,0.0272667091311008
"liver_disorders","unilasso_loo_false",88,0.155999843684051,0,0,0.0409992850296797,0.01159094497467
"liver_disorders","unilasso_loo_false",89,0.127644810039628,0,0,0.0405117943936099,0.00835860706799513
"liver_disorders","unilasso_loo_false",90,0.161248449265374,0,0,0.0353961794764519,0.00973443686715102
"liver_disorders","unilasso_loo_false",91,0.217943956958209,0,0,0.0658833950270556,0.021146902272638
"liver_disorders","unilasso_loo_false",92,0.229853131680545,0,0,0,0.0100497762571496
"liver_disorders","unilasso_loo_false",93,0.112945960562291,0,0,0.00546253568785274,0.0196105292851671
"liver_disorders","unilasso_loo_false",94,0.107109893378626,0,0,0,0.0303811755668893
"liver_disorders","unilasso_loo_false",95,0.152814098383061,0.0181255866097328,0,0.0489632850880831,0.0116124346862533
"liver_disorders","unilasso_loo_false",96,0.121184783649863,0,0,0.0474633423890867,0.0294126039508404
"liver_disorders","unilasso_loo_false",97,0.20493493554967,0.0269181608870071,0,0.0747338374633257,0.0222207042814827
"liver_disorders","unilasso_loo_false",98,0.192284950735857,0,0,0.0516042938116216,0.0293203349465067
"liver_disorders","unilasso_loo_false",99,0.0845001065208272,0,0,0.0255263878220001,0.0266029331116396
"liver_disorders","unilasso_loo_false",100,0.14093772563626,0,0,0.0231424012257628,0.0112100611203911
"liver_disorders","polish_unilasso",1,0.0905992529592831,0,0,0,0.00908825551306633
"liver_disorders","polish_unilasso",2,0.178401910884907,0,0,0.0652579166520753,0.0155115307659908
"liver_disorders","polish_unilasso",3,0.151304023287372,0,0,0.0287583331387147,0.0127908656926645
"liver_disorders","polish_unilasso",4,0.18638861865944,0,0,0,0.0220708074918208
"liver_disorders","polish_unilasso",5,0.0753257882631079,0,-0.0281951924934428,0.0384871337848271,0.0176275975100576
"liver_disorders","polish_unilasso",6,0.1131150751739,0,0,0.0162899857371657,0.0138408097826159
"liver_disorders","polish_unilasso",7,0,0,0,0.0106425420492327,0.0125207221007718
"liver_disorders","polish_unilasso",8,0,0,0,0,0.0250368090555819
"liver_disorders","polish_unilasso",9,0.224757484499926,0,0,0,0.0306945794068841
"liver_disorders","polish_unilasso",10,0.0974521346355812,0,0,0,0.0293734397453528
"liver_disorders","polish_unilasso",11,0.116979760418352,0,0,0.0269898932547744,0.0109936462299603
"liver_disorders","polish_unilasso",12,0.106541148931401,0,0,0,0.0100697310083381
"liver_disorders","polish_unilasso",13,0,0,0,0,0.0210324331227745
"liver_disorders","polish_unilasso",14,0.102425157445628,0,0,0,0.00411797024391765
"liver_disorders","polish_unilasso",15,0.191977113628992,0,0,0.0357523459432538,0.0175709790679306
"liver_disorders","polish_unilasso",16,0.192514460186996,0,0,0,0.0151573053286594
"liver_disorders","polish_unilasso",17,0.0628045309927426,0,0,0.0372900473507395,0.00793449412886534
"liver_disorders","polish_unilasso",18,0.185054288660551,0,0,0.035682022658255,0.00377703185508373
"liver_disorders","polish_unilasso",19,0.0955408673145424,0,0,0.0555907402916932,0.0112515533154921
"liver_disorders","polish_unilasso",20,0.0515254897626616,0,0,0.000189688110493849,0.0119946879936484
"liver_disorders","polish_unilasso",21,0.161960579719074,0,0,0,0.0313912367911249
"liver_disorders","polish_unilasso",22,0.0965800375150408,0,0,0,0.017198222914118
"liver_disorders","polish_unilasso",23,0.159549832665435,0,0,0.000500548475398191,0.0204553126003558
"liver_disorders","polish_unilasso",24,0.0568814009046675,0,0,0,0.0207246866016091
"liver_disorders","polish_unilasso",25,0.222794428347536,0,0,0,0.0267843520153039
"liver_disorders","polish_unilasso",26,0.115759732627929,0,0,0.00896272796612069,0.0346174144914972
"liver_disorders","polish_unilasso",27,0.175321423549978,0,0,0.0586809929087076,0.00686401938202773
"liver_disorders","polish_unilasso",28,0.111556046723011,0,0,0.0362794901362493,0.0216016749189168
"liver_disorders","polish_unilasso",29,0.12665611334083,0,0,0,0.0267693843551643
"liver_disorders","polish_unilasso",30,0.148601575995743,0,0,0.0109267947100141,0.022820342256142
"liver_disorders","polish_unilasso",31,0.0716844689980924,0,0,0,0.024752314687588
"liver_disorders","polish_unilasso",32,0.188846180563974,0,0,0.0188875854007723,0.00817567379922553
"liver_disorders","polish_unilasso",33,0.170657701281007,0,0,0.022106089977219,0.0127533411489985
"liver_disorders","polish_unilasso",34,0.114295862161939,0,0,0.0793784136385007,0.00514644771543013
"liver_disorders","polish_unilasso",35,0.0928885203579279,0,0,0.0197232565725898,0.010215995236825
"liver_disorders","polish_unilasso",36,0,0,0,0,0.0315860966789554
"liver_disorders","polish_unilasso",37,0.143028846168769,0,0,0.0178021345770256,0.0237824362689971
"liver_disorders","polish_unilasso",38,0.0764597964175877,0,0,0.0414651590220903,0.0100896902158318
"liver_disorders","polish_unilasso",39,0.061439201148263,0,0,0.00746356742419683,0.0204975859934331
"liver_disorders","polish_unilasso",40,0.153788039440313,0,0,0.0311679892169551,0.0171587533964379
"liver_disorders","polish_unilasso",41,0.0689239277843652,0,0,0,0.0110165311983107
"liver_disorders","polish_unilasso",42,0.189031889844368,0,0,0.0594162225785162,0.0365967539307608
"liver_disorders","polish_unilasso",43,0.156610027821878,0,0,0.0331482866417066,0.0130593480128545
"liver_disorders","polish_unilasso",44,0.123914986376363,0,0,0.0043301662159741,0.0191067120779648
"liver_disorders","polish_unilasso",45,0.0884710120702318,0,0,0,0.026224165388576
"liver_disorders","polish_unilasso",46,0.1445083773411,0,0,0,0.0154584604917343
"liver_disorders","polish_unilasso",47,0.129137418833951,0,0,0.0675210675630644,0
"liver_disorders","polish_unilasso",48,0.17349818120173,0,0,0.0132454251808662,0.0149020495018656
"liver_disorders","polish_unilasso",49,0.105117834192891,0,0.0013978296019889,0.0747824757556518,0.00546087111046723
"liver_disorders","polish_unilasso",50,0.164471928373565,0,0,0.0263833023318863,0.0231325710818465
"liver_disorders","polish_unilasso",51,0.0290181651737887,0,0,0.0487432565890824,0.00916984216256272
"liver_disorders","polish_unilasso",52,0.134587491646991,0,0,0,0.0274178261887018
"liver_disorders","polish_unilasso",53,0.108806889100549,0,0,0.013263147700144,0.0132073783976956
"liver_disorders","polish_unilasso",54,0.124661147435806,0,0,0,0.0179259715236428
"liver_disorders","polish_unilasso",55,0.203031952011509,0,0,0.0345778873818799,0.0174429242217865
"liver_disorders","polish_unilasso",56,0.0962690403361205,0,0,0.0529154766600053,0.00500609101451188
"liver_disorders","polish_unilasso",57,0.13383392412947,0,0,0.0709701298062064,0.0119292567979472
"liver_disorders","polish_unilasso",58,0.14386389963315,0,0,0.0349947582789715,0.0107440235778996
"liver_disorders","polish_unilasso",59,0.177166236372292,0,0,0.067675959926834,0.00801646847317334
"liver_disorders","polish_unilasso",60,0.164125675212843,0,0,0.0460013519251545,0.0156647729619948
"liver_disorders","polish_unilasso",61,0.102587259707411,0,0,0.0095277335541742,0.0107802437689183
"liver_disorders","polish_unilasso",62,0.091832274884279,0,0,0.0076257152729553,0.0316950244887116
"liver_disorders","polish_unilasso",63,0.114896995728465,0,0,0.022197718312435,0.00227770851287975
"liver_disorders","polish_unilasso",64,0.102809624110105,0,0,0,0.0146916029555998
"liver_disorders","polish_unilasso",65,0.162746902211549,0,0,0.00444166643871254,0.0116305620416591
"liver_disorders","polish_unilasso",66,0.135863050667114,0.019920346179673,-0.0377169806973302,0.0844081891678721,0.0200826696726672
"liver_disorders","polish_unilasso",67,0.112507650691504,0,0,0.0213815156333301,0.0301207002870215
"liver_disorders","polish_unilasso",68,0.152349696251907,0,0,0.0196720033266524,0.00975928683423966
"liver_disorders","polish_unilasso",69,0.0971281662434059,0,0,0,0.0267754484610523
"liver_disorders","polish_unilasso",70,0.156612666647938,0,0,0.0280234121619145,0.0218385001333079
"liver_disorders","polish_unilasso",71,0.0951964059571946,0,0.02916677312562,0.0297091802655476,0.00888541018280748
"liver_disorders","polish_unilasso",72,0.141184465702734,0,0,0,0.0258712430553716
"liver_disorders","polish_unilasso",73,0.180353525834005,0,0,0.0224237186157514,0.0101421556449959
"liver_disorders","polish_unilasso",74,0.0947659650730231,0,0,0.046002888763177,0.0173364567971639
"liver_disorders","polish_unilasso",75,0.163683902536717,0,0,0.0537187092964204,0.00705630100300002
"liver_disorders","polish_unilasso",76,0.0832786439030768,0,0,0,0.0163271858175663
"liver_disorders","polish_unilasso",77,0,0,0,0,0.0213295935220782
"liver_disorders","polish_unilasso",78,0.222672661739619,0,0.0105670109611454,0.0209199803346011,0.00386802020070673
"liver_disorders","polish_unilasso",79,0.138180854046601,0,0,0,0.0198680328155434
"liver_disorders","polish_unilasso",80,0.206678361004213,0,0,0,0
"liver_disorders","polish_unilasso",81,0.151387606193969,0,0,0,0.0240190098566547
"liver_disorders","polish_unilasso",82,0.113319673023092,0,0,0.0595701609346772,0.00906524447304766
"liver_disorders","polish_unilasso",83,0.215124506206406,0,0,0.0281847557501254,0.0131468420919075
"liver_disorders","polish_unilasso",84,0.182440663787063,0,0,0,0.0233713931317983
"liver_disorders","polish_unilasso",85,0.138814044997288,0,0,0,0.0234050673573504
"liver_disorders","polish_unilasso",86,0.0509005169840341,0,0,0,0.00818702711722597
"liver_disorders","polish_unilasso",87,0.103138136623166,0,0,0.0641987493965062,0.0263631539864158
"liver_disorders","polish_unilasso",88,0.103031002789106,0,0,0.0185304846275045,0.00353157605649815
"liver_disorders","polish_unilasso",89,0.112456756307301,0,0,0.0337346599968112,0.0109187426791642
"liver_disorders","polish_unilasso",90,0.133349810241182,0,0,0.011143126230814,0.0134847204871859
"liver_disorders","polish_unilasso",91,0.197700763454266,0,0,0.0486435437952316,0.0206732206111525
"liver_disorders","polish_unilasso",92,0.219212329176797,0,0,0,0.00484319715481716
"liver_disorders","polish_unilasso",93,0.0858650925603289,0,0,0,0.0172271242673852
"liver_disorders","polish_unilasso",94,0.0995870980184024,0,0,0,0.0271428013218823
"liver_disorders","polish_unilasso",95,0.105762387957978,0.00107244590479177,0,0.0251785947046175,0.0137975474493411
"liver_disorders","polish_unilasso",96,0.113050948076212,0,0,0.0438252504800037,0.0281647626849447
"liver_disorders","polish_unilasso",97,0.107284030636711,0.0181843467803128,0,0.0540857666042032,0.0243729550368937
"liver_disorders","polish_unilasso",98,0.172741979581585,0,0,0.0432208204577031,0.0283150889025625
"liver_disorders","polish_unilasso",99,0.069877389509903,0,0,0.0181674776903632,0.0263470793769135
"liver_disorders","polish_unilasso",100,0.112477222541758,0,0,0.00170474770840382,0.0142124645216335
"liver_disorders","lasso_cv",1,0,0,0,0,0.0105640958620072
"liver_disorders","lasso_cv",2,0.201081128407147,0.0148936982431779,-0.0432989969281275,0.142431340728111,0.0208510341352942
"liver_disorders","lasso_cv",3,0.172028966490037,0.0196487978220466,-0.033837076949511,0.102385324928181,0.0124328384696155
"liver_disorders","lasso_cv",4,0.128839463263147,0.00397495165183109,-0.000969991379349751,0,0.0286302190766408
"liver_disorders","lasso_cv",5,0.103342517677506,0,-0.039960506235846,0.0639514398528679,0.0171306667482496
"liver_disorders","lasso_cv",6,0.170259583212507,0.00441652927647269,0.0109463412157171,0.0301620218013992,0.0194613024637598
"liver_disorders","lasso_cv",7,0.0856874194053215,0.00356093502261065,-0.0382492828378422,0.0690499836470892,0.0196307150212542
"liver_disorders","lasso_cv",8,0,0,0,0,0.0251069830092084
"liver_disorders","lasso_cv",9,0.157786396540798,0.00741876237188435,-0.0124908051376316,0,0.0404710122430751
"liver_disorders","lasso_cv",10,0.0803619644831762,0.0113907747521487,0.000412877984578898,0,0.0351040453426944
"liver_disorders","lasso_cv",11,0.155544260359718,0.025052138837762,-0.0203397223894088,0.0694472424752337,0.0136836833545031
"liver_disorders","lasso_cv",12,0.141014880445466,0,0,0.0283082039573641,0.0101135204715435
"liver_disorders","lasso_cv",13,0,0,0,0,0.0271183936250123
"liver_disorders","lasso_cv",14,0.140795497069583,0.0194212160270399,0,0.0128387462855726,0.0201841795468439
"liver_disorders","lasso_cv",15,0.149570298178227,-0.00671664110873424,0,0.0429225342341814,0.0221124557885983
"liver_disorders","lasso_cv",16,0.135621422596571,0.0128632115876192,-0.00355726097451371,0,0.024245140354891
"liver_disorders","lasso_cv",17,0.0968065586238377,0.00817650660741485,-0.0105381052367575,0.0628915016809512,0.0151403687309898
"liver_disorders","lasso_cv",18,0.1880695845926,0.00383333092399997,0,0.0445690552380861,0.0116830606323139
"liver_disorders","lasso_cv",19,0.114913245447589,0.0151929567352681,0,0.0669175310424506,0.0138267131644105
"liver_disorders","lasso_cv",20,0,0,0,0,0.0229568547179869
"liver_disorders","lasso_cv",21,0.193491654818531,0.0100900428383031,-0.0267070085111212,0.0383680926458799,0.0390080675575897
"liver_disorders","lasso_cv",22,0.119442263259616,0.00504803423238604,0.0184115341264485,0,0.0188285581468563
"liver_disorders","lasso_cv",23,0.16459790633843,0.02122210220792,0.00402800975013328,0.0164874186181889,0.0229957137356299
"liver_disorders","lasso_cv",24,0.105183544447829,-0.012103377650446,-0.0448497467192209,0.0884060119074054,0.0275882873675514
"liver_disorders","lasso_cv",25,0.261568212042738,0.013294854066117,-0.0388712995888814,0.0752572103953533,0.0336174661672068
"liver_disorders","lasso_cv",26,0.127779619393858,0.017479717568586,-0.00739574082485591,0.0378212272441471,0.0373362527787152
"liver_disorders","lasso_cv",27,0.133320990184438,0.00278857924650598,0,0.0594530942326344,0.0124718027495604
"liver_disorders","lasso_cv",28,0.133208086303485,0.0181204877710225,0.00402328142962025,0.0446925303733007,0.0223737344375928
"liver_disorders","lasso_cv",29,0,0,0,0,0.0330598946432155
"liver_disorders","lasso_cv",30,0.223571199499528,0.0161336945038799,-0.0491486703459894,0.11878691740314,0.0232569311321572
"liver_disorders","lasso_cv",31,0.123370183817945,-0.0125794261893719,-0.0196810739134207,0.0548079367350496,0.0274689603241553
"liver_disorders","lasso_cv",32,0.155730873746152,0.0120550427513253,0,0.0276566714721768,0.0110234256505337
"liver_disorders","lasso_cv",33,0.166407340188876,0,-0.0369891580797127,0.0828683789036515,0.0210137513304711
"liver_disorders","lasso_cv",34,0.148291587562093,0.00969466656859751,-0.0345823885722148,0.139527704277086,0.0139918489758271
"liver_disorders","lasso_cv",35,0,0,0,0,0.0203524078339678
"liver_disorders","lasso_cv",36,0,0,0,0,0.0393729015549099
"liver_disorders","lasso_cv",37,0.187102672117538,0.0116082461632635,-0.0413283284518784,0.118391173379262,0.0265945304854135
"liver_disorders","lasso_cv",38,0.0989599769150043,0.000663671852476382,0,0.05816959565901,0.0241564452061041
"liver_disorders","lasso_cv",39,0,0,0,0,0.0229715544582832
"liver_disorders","lasso_cv",40,0.201627602404478,0.0113213158298621,-0.040009798242624,0.106997268205327,0.0244219660290656
"liver_disorders","lasso_cv",41,0.110360747243137,0.00382531667272833,-0.00772928346433016,0.0469516978624698,0.0139196590922808
"liver_disorders","lasso_cv",42,0.208216806829033,0.00159960770082224,0.00437753541667055,0.070421363415301,0.041571376969698
"liver_disorders","lasso_cv",43,0.177358820100435,0.00515874892736433,-0.0172722041621021,0.0694331870798463,0.0196422828560181
"liver_disorders","lasso_cv",44,0.139255316504276,-0.00738011031792941,-0.030604950532846,0.0536538319407929,0.0241598507994155
"liver_disorders","lasso_cv",45,0.138916586753923,0.0122853446609669,-0.0401791907880277,0.0706408269871424,0.0339789046152593
"liver_disorders","lasso_cv",46,0.134964675065352,0.00610609381674027,0,0.00380286466538531,0.0231099560531529
"liver_disorders","lasso_cv",47,0.13710353589437,0.00194116989610279,0,0.0748195134839447,0.0056587648716007
"liver_disorders","lasso_cv",48,0.193675708414675,0.00801175592796168,0,0.0335923613498542,0.0167749369033465
"liver_disorders","lasso_cv",49,0.176420154532712,-0.00455752287433898,0.021216795832644,0.0730045940783159,0.0139119081225167
"liver_disorders","lasso_cv",50,0.152586631015266,0,0.000181618319692365,0.0381033099160332,0.0298341107395688
"liver_disorders","lasso_cv",51,0,0,0,0,0.0214252476905222
"liver_disorders","lasso_cv",52,0.13210156654273,0.00336547325345966,0.0076094619381724,0,0.0307380845837169
"liver_disorders","lasso_cv",53,0,0,0,0,0.0225502574749422
"liver_disorders","lasso_cv",54,0.0965936747142059,-0.00710916603539553,0,0,0.0233515246691769
"liver_disorders","lasso_cv",55,0.177068637305675,-0.00580750814881467,0,0.0437056408703668,0.0269998706429725
"liver_disorders","lasso_cv",56,0.0642751910594792,0,-0.006468845755078,0.0691708574329417,0.00619803308128636
"liver_disorders","lasso_cv",57,0.100392172569224,0,0,0.0576887980758728,0.0164564397317449
"liver_disorders","lasso_cv",58,0.135379365044747,0,-0.00536040260719917,0.057374611634646,0.0116168217262249
"liver_disorders","lasso_cv",59,0.196079739186097,-0.00525159771068291,-0.0280855504597135,0.117350558448289,0.013037224458195
"liver_disorders","lasso_cv",60,0.135514727499012,0.0120497643409716,0.012085655673896,0.0260410011072417,0.0203442916470905
"liver_disorders","lasso_cv",61,0.174439122728533,-0.0158197079167289,0.0101903924565491,0.0444861272752973,0.0204354728298633
"liver_disorders","lasso_cv",62,0.105884980443084,0,0,0.0245470275662516,0.0355350542706354
"liver_disorders","lasso_cv",63,0.0916857114594511,0.00506017855699683,-0.00243964464181891,0.0324186666209025,0.0156500871758309
"liver_disorders","lasso_cv",64,0,0,0,0,0.0256166087013737
"liver_disorders","lasso_cv",65,0.149389370058665,0.0169792865257191,0,0.0289162925083781,0.0200906586085948
"liver_disorders","lasso_cv",66,0.193126022620425,0.0206560494181023,-0.061193334290262,0.135230948026828,0.0188880354775612
"liver_disorders","lasso_cv",67,0.108183206528362,0,-0.0104610948766728,0.0448074769036397,0.0352373232319714
"liver_disorders","lasso_cv",68,0.179450316867315,0.0117313760706865,0,0.0414440034960743,0.011280587037458
"liver_disorders","lasso_cv",69,0.14402909199102,0.0104258996531575,-0.0405010469505435,0.0693717811323552,0.0337109748209645
"liver_disorders","lasso_cv",70,0.18307744037742,-0.00352523901926341,-0.0174917452606662,0.0656560015551323,0.0262963338378962
"liver_disorders","lasso_cv",71,0.0926371597715571,0.00820664605639664,0.0368636934927608,0.0107754143620737,0.0167656794575924
"liver_disorders","lasso_cv",72,0.133833404856311,0.00488288315348294,0,0.0139050790485702,0.0303234701235276
"liver_disorders","lasso_cv",73,0.208782638934837,0.000662033568270626,-0.0295163950228372,0.0822659388062767,0.0135661165437153
"liver_disorders","lasso_cv",74,0.143581963135186,-0.0013448178179827,-0.0307042880543186,0.109365366595533,0.0193532477622097
"liver_disorders","lasso_cv",75,0.168345535863335,0.00111999002466833,0.0111755520542392,0.0458559333036432,0.0137277262918502
"liver_disorders","lasso_cv",76,0,0,0,0,0.0216819004295344
"liver_disorders","lasso_cv",77,0,0,0,0,0.0214835231822007
"liver_disorders","lasso_cv",78,0.232822174255666,0.00529543456011881,0.0175742375878938,0.0212670332893726,0.00802397630892654
"liver_disorders","lasso_cv",79,0.171390472100868,0.00816905971561688,-0.0295592815838153,0.0456937858284714,0.0284085441014237
"liver_disorders","lasso_cv",80,0.192364787675906,0.0028659842552754,0,0.0119395109343411,0.00603042558345749
"liver_disorders","lasso_cv",81,0.139370999059358,-0.0148065099421066,-0.0344396361524575,0.0331767753882263,0.0391777695359665
"liver_disorders","lasso_cv",82,0.1527982942274,0.00576219172803223,0.00449157215592254,0.0617520755693959,0.00917986256533195
"liver_disorders","lasso_cv",83,0.184887890160514,0.00237915367183415,0.00436616114910991,0.0294325693175442,0.0152155102522083
"liver_disorders","lasso_cv",84,0.158429045908631,0.00109757473521311,0,0,0.0334110033259736
"liver_disorders","lasso_cv",85,0,0,0,0,0.028361090683358
"liver_disorders","lasso_cv",86,0,0,0,0,0.00932387455410478
"liver_disorders","lasso_cv",87,0.0988799883273926,0.00542526971252609,-0.00450103063444393,0.0670755147762507,0.0307534525543606
"liver_disorders","lasso_cv",88,0.117116972185948,0,0,0.0391192677433144,0.0153314728080028
"liver_disorders","lasso_cv",89,0.102943854926529,0.0189797016487181,0,0.0379693554743943,0.0158592018659753
"liver_disorders","lasso_cv",90,0.122454237069316,0.00415039298892839,0,0.0346505044496499,0.0172455090563882
"liver_disorders","lasso_cv",91,0.194207989820018,0.0104606908734412,-0.00578229340141199,0.070890364834297,0.0252564096725223
"liver_disorders","lasso_cv",92,0.197027801233342,0.00693554810538466,0,0.0159524303831077,0.0145469700777873
"liver_disorders","lasso_cv",93,0.0845758532253618,0.00192381219073605,0,0.00726500670752968,0.024383559197167
"liver_disorders","lasso_cv",94,0.0544586351693613,0.00109808643392407,0,0,0.0336314506537016
"liver_disorders","lasso_cv",95,0.143579913005785,0.0276144884420826,0.00913537105571599,0.0388534311998353,0.0138667860788627
"liver_disorders","lasso_cv",96,0.0597995254353812,0,0,0.0327203879015125,0.0325326959102648
"liver_disorders","lasso_cv",97,0.204385726672037,0.0269450316035676,-0.014193786666739,0.0893923008626097,0.0239895913946567
"liver_disorders","lasso_cv",98,0.152676041851112,0.00373986305125803,0,0.0432114240909681,0.0335687311039209
"liver_disorders","lasso_cv",99,0,0,0,0,0.030630702170581
"liver_disorders","lasso_cv",100,0,0,0,0,0.0180442786365754
"liver_disorders","unireg",1,0.0905992529592831,0,0,0,0
"liver_disorders","unireg",2,0.178401910884907,0,0,0.0652579166520753,0.0155115307659908
"liver_disorders","unireg",3,0.151304023287372,0,0,0.0287583331387147,0.00508609324137614
"liver_disorders","unireg",4,0.18638861865944,0,0,0,0.0220708074918208
"liver_disorders","unireg",5,0.0753257882631079,0,0,0,0.00762664121344899
"liver_disorders","unireg",6,0.1131150751739,0,0,0.0162899857371657,0.0138408097826159
"liver_disorders","unireg",7,0,0,0,0.0106425420492327,0.0125207221007718
"liver_disorders","unireg",8,0,0,0,0,0.0130020451186682
"liver_disorders","unireg",9,0.224757484499926,0,0,0,0.0306945794068841
"liver_disorders","unireg",10,0.0974521346355812,0,0,0,0.0293734397453528
"liver_disorders","unireg",11,0.116979760418352,0,0,0.0269898932547744,0.0109936462299603
"liver_disorders","unireg",12,0.106541148931401,0,0,0,0
"liver_disorders","unireg",13,0,0,0,0,0.0210324331227745
"liver_disorders","unireg",14,0.102425157445628,0,0,0,0.00411797024391765
"liver_disorders","unireg",15,0.191977113628992,0,0,0.0357523459432538,0.0175709790679306
"liver_disorders","unireg",16,0.192514460186996,0,0,0,0.0151573053286594
"liver_disorders","unireg",17,0.0628045309927426,0,0,0.0372900473507395,0.00793449412886534
"liver_disorders","unireg",18,0.185054288660551,0,0,0.035682022658255,0.00377703185508373
"liver_disorders","unireg",19,0.0955408673145424,0,0,0.0555907402916931,0.00703185678432002
"liver_disorders","unireg",20,0.0515254897626616,0,0,0.000189688110493849,0.0119946879936484
"liver_disorders","unireg",21,0.161960579719074,0,0,0,0.0313912367911249
"liver_disorders","unireg",22,0.0965800375150409,0,0,0,0.0109690402732262
"liver_disorders","unireg",23,0.159552596693735,0,0,0.000505149077893051,0.0204544373189189
"liver_disorders","unireg",24,0.0568814009046675,0,0,0,0.0207246866016091
"liver_disorders","unireg",25,0.222792742072435,0,0,0,0.0267844038894087
"liver_disorders","unireg",26,0.118749018057592,0,0,0.0101280969539579,0.034700746585477
"liver_disorders","unireg",27,0.175321423549978,0,0,0.0586809929087076,0.00686401938202772
"liver_disorders","unireg",28,0.111556046723011,0,0,0.0362794901362493,0.0216016749189168
"liver_disorders","unireg",29,0.12665611334083,0,0,0,0.0267693843551643
"liver_disorders","unireg",30,0.148601575995743,0,0,0.010926794710014,0.0147072837919386
"liver_disorders","unireg",31,0.0716844689980924,0,0,0,0.0173734912266639
"liver_disorders","unireg",32,0.188846180563974,0,0,0.0188875854007723,0.00549252589078386
"liver_disorders","unireg",33,0.170657701281007,0,0,0.022106089977219,0.0127533411489985
"liver_disorders","unireg",34,0.114295862161939,0,0,0.0793784136385007,0.00514644771543013
"liver_disorders","unireg",35,0.0928885203579279,0,0,0.0197232565725898,0.010215995236825
"liver_disorders","unireg",36,0,0,0,0,0.0315860966789554
"liver_disorders","unireg",37,0.143028846168769,0,0,0.0178021345770255,0.0237824362689971
"liver_disorders","unireg",38,0.0764597964175877,0,0,0.0414651590220903,0.0100896902158318
"liver_disorders","unireg",39,0.061439201148263,0,0,0.00746356742419683,0.0121417750379341
"liver_disorders","unireg",40,0.153788039440313,0,0,0.0311679892169551,0.0171587533964379
"liver_disorders","unireg",41,0.0689239277843652,0,0,0,0
"liver_disorders","unireg",42,0.189031889844368,0,0,0.0594162225785162,0.0365967539307608
"liver_disorders","unireg",43,0.156610027821878,0,0,0.0331482866417066,0.0130593480128545
"liver_disorders","unireg",44,0.123914986376363,0,0,0.00433016621597403,0.015950861676278
"liver_disorders","unireg",45,0.0884710120702318,0,0,0,0.026224165388576
"liver_disorders","unireg",46,0.1445083773411,0,0,0,0.0154584604917343
"liver_disorders","unireg",47,0.129137418833951,0,0,0.0675210675630644,0
"liver_disorders","unireg",48,0.17349818120173,0,0,0.0132454251808662,0.00581434975634005
"liver_disorders","unireg",49,0.105117834192891,0,0.00139782960198891,0.0747824757556517,0.00546087111046724
"liver_disorders","unireg",50,0.164471928373565,0,0,0.0263833023318863,0.0231325710818465
"liver_disorders","unireg",51,0.0369196554077754,0,0,0.0502039726752779,0.00953414016358688
"liver_disorders","unireg",52,0.134587491646991,0,0,0,0.0274178261887018
"liver_disorders","unireg",53,0.108806889100549,0,0,0.013263147700144,0.0132073783976956
"liver_disorders","unireg",54,0.124661147435806,0,0,0,0.0179259715236428
"liver_disorders","unireg",55,0.203031952011509,0,0,0.0345778873818799,0.0174429242217865
"liver_disorders","unireg",56,0.0962690403361206,0,0,0.0529154766600052,0
"liver_disorders","unireg",57,0.13383392412947,0,0,0.0709701298062065,0.0119292567979472
"liver_disorders","unireg",58,0.14386389963315,0,0,0.0349947582789715,0.00430666825867305
"liver_disorders","unireg",59,0.177166236372292,0,0,0.067675959926834,0.00801646847317332
"liver_disorders","unireg",60,0.164125675212843,0,0,0.0460013519251546,0.00959354280597792
"liver_disorders","unireg",61,0.102587712745255,0,0,0.00952799273821745,0.0107802145973446
"liver_disorders","unireg",62,0.0918322748842791,0,0,0.00762571527295531,0.0316950244887116
"liver_disorders","unireg",63,0.114896995728465,0,0,0.022197718312435,0.00227770851287975
"liver_disorders","unireg",64,0.102809624110105,0,0,0,0.0146916029555998
"liver_disorders","unireg",65,0.162746902211549,0,0,0.00444166643871251,0.00904955507276739
"liver_disorders","unireg",66,0.135863050667113,0,0,0,0.013787359866764
"liver_disorders","unireg",67,0.112507650691504,0,0,0.0213815156333301,0.0301207002870214
"liver_disorders","unireg",68,0.152349696251907,0,0,0.0196720033266524,0.000290514086853916
"liver_disorders","unireg",69,0.0971281662434059,0,0,0,0.0267754484610523
"liver_disorders","unireg",70,0.156612666647938,0,0,0.0280234121619145,0.0218385001333079
"liver_disorders","unireg",71,0.0951964059571945,0,0.02916677312562,0.0297091802655476,0.00888541018280748
"liver_disorders","unireg",72,0.136764845411075,0,0,0,0.0255481671940822
"liver_disorders","unireg",73,0.180353525834005,0,0,0.0224237186157514,0
"liver_disorders","unireg",74,0.0947659650730232,0,0,0.046002888763177,0.00796171940206434
"liver_disorders","unireg",75,0.163683902536717,0,0,0.0537187092964204,0.00705630100300002
"liver_disorders","unireg",76,0.0832786439030768,0,0,0,0.0163271858175663
"liver_disorders","unireg",77,0,0,0,0,0.0105660281174515
"liver_disorders","unireg",78,0.222672661739619,0,0.0105670109611454,0.0209199803346012,0.00386802020070673
"liver_disorders","unireg",79,0.138180854046601,0,0,0,0.0198680328155434
"liver_disorders","unireg",80,0.206678361004213,0,0,0,0
"liver_disorders","unireg",81,0.151387606193969,0,0,0,0.0240190098566547
"liver_disorders","unireg",82,0.113319673023092,0,0,0.0595701609346772,0.00169305310292454
"liver_disorders","unireg",83,0.215124506206406,0,0,0.0281847557501254,0.00795511319333681
"liver_disorders","unireg",84,0.182440636937954,0,0,0,0.0233713934827971
"liver_disorders","unireg",85,0.138814044997288,0,0,0,0.0234050673573504
"liver_disorders","unireg",86,0.0509005169840341,0,0,0,0
"liver_disorders","unireg",87,0.103138136623166,0,0,0.0641987493965062,0.0263631539864158
"liver_disorders","unireg",88,0.0977970058651993,0,0,0.0168545045080062,0.00317190360372749
"liver_disorders","unireg",89,0.112456756307301,0,0,0.0337346599968112,0.00550159554902519
"liver_disorders","unireg",90,0.133349810241182,0,0,0.011143126230814,0.00847242808421429
"liver_disorders","unireg",91,0.197700763454266,0,0,0.0486435437952316,0.0206732206111525
"liver_disorders","unireg",92,0.219212329176797,0,0,0,0.00484319715481716
"liver_disorders","unireg",93,0.0858650925603289,0,0,0,0.0172271242673852
"liver_disorders","unireg",94,0.0973355684051358,0,0,0,0.026968722920822
"liver_disorders","unireg",95,0.105762387957978,0.00107244590479177,0,0.0251785947046175,0.00546757224840757
"liver_disorders","unireg",96,0.113092400735135,0,0,0.0438350377090874,0.0281662377969976
"liver_disorders","unireg",97,0.107284030636711,0,0,0.0540857666042032,0.0143949705059244
"liver_disorders","unireg",98,0.172741979581585,0,0,0.0432208204577031,0.0283150889025625
"liver_disorders","unireg",99,0.0698773895099031,0,0,0.0181674776903632,0.0263470793769135
"liver_disorders","unireg",100,0.112477222541758,0,0,0.00170474770840383,0.00972794328885803
"liver_disorders","least_squares",1,0.167470072776577,0.00034177168508501,-0.0213267480293606,0.0534391987617009,0.00879233071309212
"liver_disorders","least_squares",2,0.207356026835427,0.0152769757374618,-0.0456140906854032,0.147265800828661,0.0207097343126964
"liver_disorders","least_squares",3,0.191272219856645,0.0205431850092554,-0.0392776968741872,0.113706645815589,0.0116756679652694
"liver_disorders","least_squares",4,0.204803219496265,0.00742810151985147,-0.0131316369307838,0.0254895880960231,0.0268793221104739
"liver_disorders","least_squares",5,0.119085857427035,-0.000881556888273713,-0.045591939027572,0.0763268391559304,0.0168436713078865
"liver_disorders","least_squares",6,0.195019489222754,0.00544398949158769,0.0107996494506075,0.0346497092033179,0.0186657377084624
"liver_disorders","least_squares",7,0.0872822257471352,0.00364105211623111,-0.0385130302055886,0.0694778091662682,0.0195781633499001
"liver_disorders","least_squares",8,0.118611558362643,0.00584059370935013,0.000973237452261937,0.0444438554426906,0.0214275749225386
"liver_disorders","least_squares",9,0.248904466946233,0.0106530319418104,-0.0304321182617669,0.0396101602263869,0.0390029722587979
"liver_disorders","least_squares",10,0.152198929916877,0.0148524970360927,0.00656113460867787,0.0066914295390671,0.031450820176576
"liver_disorders","least_squares",11,0.165047625157372,0.0257188967004442,-0.0227121500773699,0.0737366975461462,0.0132725861229357
"liver_disorders","least_squares",12,0.179631514907845,0.000694471823541934,-0.00520152810607735,0.0446949933336608,0.00907038598404488
"liver_disorders","least_squares",13,0.080069465925913,-0.000141623911454758,0.00243692988687473,0.0149909014670669,0.0275790490417265
"liver_disorders","least_squares",14,0.19657018987143,0.0202880607460488,-0.0144341542250646,0.0427551473603916,0.0205485846604653
"liver_disorders","least_squares",15,0.219558418220977,-0.0112260966267688,-0.00908736779098885,0.0628854797338575,0.0200556484339224
"liver_disorders","least_squares",16,0.225795391788365,0.0163412311354265,-0.0193022038746451,0.0299737354048816,0.0223655410022135
"liver_disorders","least_squares",17,0.120905659293543,0.00965406759897879,-0.0158914034871087,0.0734937411565593,0.0142454190388954
"liver_disorders","least_squares",18,0.220618005037679,0.00529745974617302,-0.00260761860835902,0.0542378814964367,0.0105097197682617
"liver_disorders","least_squares",19,0.153877800081653,0.0168359110578934,-0.00661831994470962,0.083242902697869,0.0125657497176597
"liver_disorders","least_squares",20,0.131800652307518,0.012810118696963,-0.0218176070822394,0.0645010839412799,0.0213131910646379
"liver_disorders","least_squares",21,0.195217210024965,0.0101175344049732,-0.027307030371144,0.0393994788396334,0.0390511485649273
"liver_disorders","least_squares",22,0.186679761347291,0.00819310596256693,0.020740324669247,-0.00490208669628705,0.0180720875019834
"liver_disorders","least_squares",23,0.207252531573263,0.024145533669033,0.00185473645981211,0.0316593260254929,0.0202849756331079
"liver_disorders","least_squares",24,0.106253836473766,-0.0122886541531043,-0.0453096746221614,0.0893552733970846,0.0275759598846978
"liver_disorders","least_squares",25,0.263848621637975,0.013396324066615,-0.0395011112163383,0.0765436787066934,0.0335771825431683
"liver_disorders","least_squares",26,0.164244371717081,0.0183694352568498,-0.0214583311094676,0.0683705489103829,0.0367552020823337
"liver_disorders","least_squares",27,0.205648626502391,0.00660771975049157,-0.0166283837337653,0.0928668985594389,0.00982078106729927
"liver_disorders","least_squares",28,0.16104075683657,0.0193427672071068,0.00493400298831336,0.0487579476195852,0.0209868841189589
"liver_disorders","least_squares",29,0.154690383744795,0.0126136755819158,-0.00960989227337223,0.00383940365641441,0.0324399216512564
"liver_disorders","least_squares",30,0.22535795708171,0.0162184004115767,-0.0499996340171095,0.120268355248897,0.0232579251730526
"liver_disorders","least_squares",31,0.137452108460878,-0.0142210628925531,-0.02548007735176,0.0664422508843183,0.0278506569247514
"liver_disorders","least_squares",32,0.218408565910049,0.0146581989939175,-0.00528581991511754,0.0384115496723835,0.00947992783477041
"liver_disorders","least_squares",33,0.189602790739325,-0.00164020912618201,-0.0471825747693528,0.100725226452294,0.0212689969433278
"liver_disorders","least_squares",34,0.161267137009799,0.00959417290496663,-0.040559875838521,0.150632624350818,0.0141571741103081
"liver_disorders","least_squares",35,0.153771645969529,-0.00484130293885817,0.00973538537980136,0.0275942430694625,0.0172957032112716
"liver_disorders","least_squares",36,0.11636645060795,-0.00811415851024271,-0.0133630871731183,0.031462988483365,0.0399842939024469
"liver_disorders","least_squares",37,0.193242269837775,0.0115748429905694,-0.043235410940389,0.12310279791859,0.0263858582400208
"liver_disorders","least_squares",38,0.170095500741834,0.0026032379524319,-0.0131291481934325,0.0957343905289051,0.0231865565695014
"liver_disorders","least_squares",39,0.160967860830046,0.019437953403542,0.000525943441017806,0.0363776716672231,0.0192094346127696
"liver_disorders","least_squares",40,0.203481016270289,0.0113426808602694,-0.0406600505007286,0.108195371688031,0.0244129556677236
"liver_disorders","least_squares",41,0.166119581750968,0.00444909649773671,-0.0284452487997667,0.0832571444173314,0.0144283368237184
"liver_disorders","least_squares",42,0.230284677797775,0.00215944319063223,0.00446886017406814,0.0766573706341186,0.0406886809507567
"liver_disorders","least_squares",43,0.192700199694084,0.00575595861650237,-0.0236665117974528,0.0807819591452565,0.0198569495871614
"liver_disorders","least_squares",44,0.171733494925324,-0.0117820153012295,-0.0398922533956535,0.0704798648277731,0.0236209526531904
"liver_disorders","least_squares",45,0.142412700599012,0.0123565452568829,-0.0416990539052388,0.0736091515001854,0.033982099565586
"liver_disorders","least_squares",46,0.191124383889951,0.00876533782787062,-0.00701508997205897,0.0230528738547388,0.0214180648630927
"liver_disorders","least_squares",47,0.165832150659229,0.00304766619384228,-0.000974745693309629,0.0815218621390884,0.00511149720877528
"liver_disorders","least_squares",48,0.254491821235029,0.0101328378147632,-0.0063296684329522,0.0523734697937097,0.0158402182096637
"liver_disorders","least_squares",49,0.190595350615868,-0.00586533695648595,0.0213439290393444,0.0776469957917193,0.0132236131675343
"liver_disorders","least_squares",50,0.206192023264327,-0.000651931613092787,-0.00395388771185998,0.0563737776970382,0.0280019985484883
"liver_disorders","least_squares",51,0.138913315242812,0.0181292547852889,0.0064407402015811,0.0613916867541374,0.0147383803885148
"liver_disorders","least_squares",52,0.182702729905885,0.00437608951972849,0.00644857393800492,0.0126938391258078,0.0291581025342118
"liver_disorders","least_squares",53,0.172733867535296,0.00524547321466051,-0.017715047738463,0.0560989872756027,0.0183331441528559
"liver_disorders","least_squares",54,0.171138867581182,-0.0163308303880212,-0.0102993032277473,0.0168983555769369,0.0236128321282798
"liver_disorders","least_squares",55,0.244106307032618,-0.0100274723390692,-0.00815588837726161,0.0721448541443354,0.0257699702471105
"liver_disorders","least_squares",56,0.156459512867191,-0.00747833508839138,-0.0289693581023079,0.111474614192139,0.00523169761339008
"liver_disorders","least_squares",57,0.16134758112249,-0.00393672273826003,-0.017147412294964,0.0952681878664213,0.0167536944056793
"liver_disorders","least_squares",58,0.192825867684669,-0.00432595539878495,-0.0257587491128397,0.100878427436466,0.0113988636471788
"liver_disorders","least_squares",59,0.219055198288269,-0.00838963894450163,-0.0361568108432411,0.132574994218698,0.0130680301585288
"liver_disorders","least_squares",60,0.20110524447411,0.0141218436031309,0.00848562284917809,0.043898089120975,0.0185053017864571
"liver_disorders","least_squares",61,0.192343772173007,-0.0176011084200867,0.00938987560846398,0.0500070580341916,0.0199402274162847
"liver_disorders","least_squares",62,0.15855135901566,-0.000634601185271349,-0.00402125864342023,0.0417893860136917,0.0338776895302509
"liver_disorders","least_squares",63,0.167114593284031,0.0068974996578415,-0.0344255471512218,0.0965386299047615,0.0159520452646184
"liver_disorders","least_squares",64,0.162049551589537,-0.00247455457625588,-0.0228364720858071,0.0500273006159063,0.0245140707305411
"liver_disorders","least_squares",65,0.236110633256721,0.0190541326392029,-0.0185493015962291,0.0784779660273923,0.0179518896766396
"liver_disorders","least_squares",66,0.194922891012628,0.0206666785831433,-0.0619850654013176,0.136907419778482,0.0188541727587423
"liver_disorders","least_squares",67,0.150745004115893,-0.00128489882319809,-0.0256505636381268,0.0760479891324446,0.0358465827533848
"liver_disorders","least_squares",68,0.227111168891928,0.01345479430835,-0.00920831270003595,0.0599416298846237,0.0109063888079641
"liver_disorders","least_squares",69,0.161876238372371,0.0108995379947361,-0.0459271203634407,0.0800616743997614,0.0335322296587489
"liver_disorders","least_squares",70,0.192645363112604,-0.00418030394469105,-0.0203777802632253,0.0707200238405719,0.0263815654468481
"liver_disorders","least_squares",71,0.137502052844788,0.0099290892650271,0.0375458875256918,0.021103724162146,0.0145705439152893
"liver_disorders","least_squares",72,0.199688840236548,0.00650080287688547,-0.011744755994828,0.0430191725684201,0.0288715713201565
"liver_disorders","least_squares",73,0.229713343220483,0.0013027295923704,-0.0372078836456064,0.0948499514400942,0.0139570612775485
"liver_disorders","least_squares",74,0.163986723858802,-0.00319620786735693,-0.0373064805017342,0.122349894046035,0.0192184861778382
"liver_disorders","least_squares",75,0.200491075730527,0.00229919841502473,0.0114055300359226,0.0514663640728249,0.012314945823294
"liver_disorders","least_squares",76,0.129875775437953,0.017019230829082,-0.00798436433910065,-0.00374115055236604,0.0249996090607018
"liver_disorders","least_squares",77,0.0871660797662291,0.0148750892969638,-0.00830620560845057,0.027398316021121,0.0211791787686559
"liver_disorders","least_squares",78,0.247412698482924,0.00541805549706926,0.0173500581684344,0.0254863829545459,0.00756487974590639
"liver_disorders","least_squares",79,0.180124839846472,0.0081440842068134,-0.0318999697185314,0.0500749517419708,0.0283772364482049
"liver_disorders","least_squares",80,0.24782837038568,0.00460660189622126,-0.0095124903507008,0.0354441970536233,0.00542698650854168
"liver_disorders","least_squares",81,0.178821205141268,-0.0188866751053597,-0.0477786373112724,0.0585119458225353,0.0398632603040414
"liver_disorders","least_squares",82,0.171096295352111,0.00642383307665243,0.00514105446352195,0.0642286265117884,0.00849881219787546
"liver_disorders","least_squares",83,0.24370605375088,0.00518756137004381,0.00383680115719891,0.0396207898771503,0.0128380120815844
"liver_disorders","least_squares",84,0.233446630194954,0.00443077322665291,-0.0200402682753099,0.0375153676541904,0.0353484745315838
"liver_disorders","least_squares",85,0.182024246799515,0.00314959394959036,0.000385685377709636,0.0107856558631453,0.0256733955570891
"liver_disorders","least_squares",86,0.143834140227238,0.00993041496721088,-0.00485743571058768,0.0388935041656891,0.00598738605119449
"liver_disorders","least_squares",87,0.133120781223427,0.00714232453069942,-0.0225138926188896,0.103399753062156,0.0299443514392761
"liver_disorders","least_squares",88,0.187693391951227,-0.00632924422849687,-0.00940104840001822,0.0684162247011151,0.0143786745444941
"liver_disorders","least_squares",89,0.184653344430701,0.0209129889722529,-0.0130564261651077,0.0722849655139136,0.0127597216250585
"liver_disorders","least_squares",90,0.196868190277794,0.00692351172514839,-0.00512177356424478,0.0585168489561661,0.0143252153108025
"liver_disorders","least_squares",91,0.243739094705695,0.0108926277334527,-0.0211063932884056,0.106794708568119,0.02388483586075
"liver_disorders","least_squares",92,0.257660233815124,0.00823994701041645,-0.00714089242328322,0.0349503226940141,0.0124313015606171
"liver_disorders","least_squares",93,0.158276387927226,0.00658799696396173,-0.00929936054801493,0.0339517206674319,0.0210197325461571
"liver_disorders","least_squares",94,0.139758649360453,0.00652429228751923,-0.017761207601069,0.032867581492394,0.0337400430447831
"liver_disorders","least_squares",95,0.181596805869423,0.0291473010603855,0.00699804198711537,0.0518159945485681,0.0128788816904707
"liver_disorders","least_squares",96,0.129272060694024,-0.00133140773985492,-0.0223832968815121,0.0833843514216016,0.031442494746768
"liver_disorders","least_squares",97,0.206535789829947,0.0270367083832794,-0.0148716566527038,0.0906090691449094,0.024003710824736
"liver_disorders","least_squares",98,0.210975312680183,0.00636372219463969,-0.00150411103736313,0.057752213482657,0.030139396789392
"liver_disorders","least_squares",99,0.124979622009864,0.0176287412874945,-0.0060315136881953,0.0454323317016844,0.0273267631572808
"liver_disorders","least_squares",100,0.153499444335762,0.00492479915083171,-0.0125024395977812,0.0431705971581046,0.0136796585149464
