"dataset","method","split_id","X1.transaction.date","X2.house.age","X3.distance.to.the.nearest.MRT.station","X4.number.of.convenience.stores","X5.latitude","X6.longitude"
"real_estate","uni_loo",1,3.61009655757646,-0.304323012944434,-0.00731029732684511,2.63603507167639,611.333354613282,510.348879384079
"real_estate","uni_loo",2,8.5087518674577,-0.181617898182764,-0.00690033777495851,2.60104886049724,555.257324481456,448.807447489211
"real_estate","uni_loo",3,3.52993630051558,-0.236473846227664,-0.00698205440879294,2.93260627225262,639.974208612091,485.575614896455
"real_estate","uni_loo",4,5.95652041728075,-0.242205944083549,-0.00680214452299309,2.68729074008571,583.636320869339,471.780474970523
"real_estate","uni_loo",5,4.07957833290539,-0.21317318678316,-0.0069006801638243,2.47271363716573,533.196671623798,464.668910161106
"real_estate","uni_loo",6,1.93426802970482,-0.216803747023506,-0.00675736474850086,2.69301786322763,527.895130011172,424.728483848922
"real_estate","uni_loo",7,3.26321047861405,-0.260114703262383,-0.00701179381243381,2.31995854175116,606.82416327706,469.724600918632
"real_estate","uni_loo",8,3.39634725102028,-0.324679642341921,-0.00770749018422279,2.81364694846946,681.326311407131,464.320955127041
"real_estate","uni_loo",9,2.82320939086716,-0.232777968997275,-0.00729758542284117,2.48499540968557,643.231234627177,463.873369260142
"real_estate","uni_loo",10,1.42709774287737,-0.248953326085562,-0.00684086522000777,2.6764539337278,596.225241948636,460.458570848362
"real_estate","uni_loo",11,1.79568557651162,-0.335938606452401,-0.00790838280791554,2.74860422026216,657.012747883193,495.823115651475
"real_estate","uni_loo",12,6.08942282005971,-0.211343984384667,-0.00832934740886004,2.7697227520619,600.576550022418,542.03813050866
"real_estate","uni_loo",13,0.478900337549444,-0.257517741652424,-0.00720748823442644,2.64688802587523,598.422234373484,479.096262467408
"real_estate","uni_loo",14,7.56814515572225,-0.297744587919433,-0.00747405846929713,2.36697961106603,601.966638758486,509.458717973409
"real_estate","uni_loo",15,3.29215872620817,-0.248107887556391,-0.00687766562773876,2.90436701200479,618.31737285423,431.441176065223
"real_estate","uni_loo",16,5.64395456808138,-0.207118843714553,-0.00721819461389019,2.56878078528874,570.54294936438,431.463187013533
"real_estate","uni_loo",17,3.61358804924294,-0.245094354697908,-0.00701102800331483,3.05024380641714,636.099884417489,480.085481667772
"real_estate","uni_loo",18,0.825903766008924,-0.267282323626321,-0.00739948605895193,2.45441276287495,614.028128220015,398.547015201614
"real_estate","uni_loo",19,6.67156539108278,-0.271015974368413,-0.00773469341173371,2.5746959673962,555.684109420056,410.56085441579
"real_estate","uni_loo",20,3.58149291366272,-0.230234325748278,-0.00715107919938864,2.42743092666288,525.134168177822,361.100765787636
"real_estate","uni_loo",21,3.01404363900804,-0.225256913194899,-0.00688697448899894,2.76663019454231,601.075645735552,472.524851203404
"real_estate","uni_loo",22,2.86402049733696,-0.278441874364221,-0.00745840083122825,2.50867208818523,631.236804191625,455.409798266314
"real_estate","uni_loo",23,3.00572221606362,-0.27911132076448,-0.00697216615131909,2.91409352574718,594.498454752339,477.101833844244
"real_estate","uni_loo",24,4.57529313919335,-0.257897175138286,-0.00709421901379664,2.68625761578692,593.689519584407,490.302242891981
"real_estate","uni_loo",25,4.27617437228354,-0.136703858819165,-0.00728128676174786,2.69826626223173,627.179941381258,436.06622655781
"real_estate","uni_loo",26,2.32785581377173,-0.281951149343327,-0.00722322466228191,2.44325715763087,542.264339984913,483.794676424327
"real_estate","uni_loo",27,7.5578390050425,-0.261475381745331,-0.00709537025953922,2.64615579905983,606.058283256491,438.86290591362
"real_estate","uni_loo",28,6.64970455974506,-0.267011315464715,-0.00708285243709729,2.48979292029631,562.373746094972,470.953087230418
"real_estate","uni_loo",29,3.26041819674261,-0.298631712541029,-0.00725114156735991,2.54140161046804,592.355316047754,442.861424799671
"real_estate","uni_loo",30,5.48448961982793,-0.302783195708485,-0.00751061868228851,2.89766683709236,618.351536667273,498.962248587531
"real_estate","uni_loo",31,6.36711306012162,-0.187986877644146,-0.00749382901699256,2.66071724561875,665.415406046817,489.354942175552
"real_estate","uni_loo",32,4.09158486563497,-0.268139357276175,-0.0071799121340322,2.80719030556786,659.037556779736,476.729724369913
"real_estate","uni_loo",33,3.04065716779012,-0.267752784959622,-0.00729231613920949,2.64676333908394,553.820709030911,424.550285463595
"real_estate","uni_loo",34,4.86235602029665,-0.314180350249301,-0.00733388778963248,2.629417390329,573.755992295306,452.868790936679
"real_estate","uni_loo",35,3.4253867835702,-0.182721215001795,-0.0076704765923965,2.75938081098914,734.764670301953,458.305791198713
"real_estate","uni_loo",36,4.57284181175427,-0.318620686466986,-0.00726364007803721,2.60718613632173,620.754718736983,477.935735548126
"real_estate","uni_loo",37,4.25684353288879,-0.23277375135952,-0.00724836291397428,3.08469759666767,628.332181090441,480.243107541956
"real_estate","uni_loo",38,4.62238052100478,-0.398130839372121,-0.00738025004864326,2.84461186798581,652.72127317869,485.679445305251
"real_estate","uni_loo",39,6.03053598259549,-0.260139457341355,-0.00760675109431136,2.88219932274638,581.647116813005,463.29537368662
"real_estate","uni_loo",40,3.01151370376546,-0.26536470055211,-0.00720701888525121,2.42629581590648,577.716470586183,444.317715655907
"real_estate","uni_loo",41,-0.441124743581389,-0.284687572390828,-0.00698942138638671,2.98233417907217,644.533599027633,491.497558314941
"real_estate","uni_loo",42,8.83858378301695,-0.230166232719172,-0.00762853558929686,2.52967885035259,670.95696177932,474.113954627103
"real_estate","uni_loo",43,3.69358742680442,-0.237696284468076,-0.006981619078122,2.45708170572917,626.720673871726,448.895927107723
"real_estate","uni_loo",44,6.60990415446299,-0.229158443764131,-0.00673428767905236,2.7799462090965,607.069634568509,472.363686159007
"real_estate","uni_loo",45,2.22581557735352,-0.246750200223143,-0.00742161372817428,2.54133051726005,628.846608164234,447.760477270314
"real_estate","uni_loo",46,7.22450039342452,-0.201052351223204,-0.00644843440317786,2.47681741881335,554.75277609561,433.84349725375
"real_estate","uni_loo",47,4.5757941662268,-0.180410763391563,-0.00765859414773375,2.63815487582097,677.480666248453,538.517556246971
"real_estate","uni_loo",48,4.13691880452593,-0.208041173627741,-0.00717493666890549,2.47654257495511,600.865071944087,409.925527579474
"real_estate","uni_loo",49,7.39387326228871,-0.221446697540084,-0.00700105866850512,2.82316680714121,659.394007268319,510.490708068297
"real_estate","uni_loo",50,4.35962964398332,-0.35469988489186,-0.00758364849372053,2.57632919686895,630.771345779914,473.754942371284
"real_estate","uni_loo",51,3.97053742592488,-0.314963784612158,-0.00715780038020283,2.4874183163968,516.833176278126,389.441135356111
"real_estate","uni_loo",52,2.50436963380002,-0.326810067884201,-0.0072317104819445,2.63115381990651,599.446835563745,468.737185140784
"real_estate","uni_loo",53,2.29162533556783,-0.308790718179513,-0.00728194373990474,2.37987711782333,558.007607345092,487.872964952248
"real_estate","uni_loo",54,5.58404980354861,-0.203792014606351,-0.00759261859547726,2.57438669119902,568.62869485277,510.550430255462
"real_estate","uni_loo",55,5.64394389361073,-0.149296985405353,-0.0073721760969822,2.72306700105509,636.726383994685,483.814223800176
"real_estate","uni_loo",56,10.0071174121492,-0.292838798152628,-0.00745632353258613,2.64809272151363,640.802962663436,474.667016511676
"real_estate","uni_loo",57,-0.802833342893805,-0.361367131076795,-0.00662998894878956,2.76753694158076,641.994730189338,431.995245593498
"real_estate","uni_loo",58,0.891174645558467,-0.172137615322514,-0.00709830449081961,2.51841456440579,599.223640941026,441.877548601706
"real_estate","uni_loo",59,4.84783372593861,-0.217643329135084,-0.00719940125148959,2.52957981590118,565.292955220937,411.266732306149
"real_estate","uni_loo",60,0.178762958193464,-0.308683717755073,-0.00663690794713655,2.53078055052125,496.926180214989,440.351154450012
"real_estate","uni_loo",61,6.4207548620115,-0.365990200944579,-0.00774942669203525,2.25486296661752,647.724411808354,471.791147312573
"real_estate","uni_loo",62,2.77023405956205,-0.326548532775687,-0.00712312074269327,2.5638275862069,622.633122469057,460.949603069351
"real_estate","uni_loo",63,-0.0271493675287439,-0.239125469506391,-0.00729385974497598,2.7982572845002,615.181449213079,437.518302533367
"real_estate","uni_loo",64,3.34039285531422,-0.240550482304322,-0.00667746890441021,2.50045524612064,611.691019590341,466.379730518421
"real_estate","uni_loo",65,3.51615790167815,-0.2138339118586,-0.00710316731247634,2.93545494676707,569.883152570292,553.402122350852
"real_estate","uni_loo",66,5.19635703506262,-0.225228900000737,-0.00725458494532432,2.71859663837905,580.199923004823,446.786655564576
"real_estate","uni_loo",67,3.07811786175649,-0.252773366339764,-0.00715186806083135,2.81802720111241,590.973578598684,519.225523685097
"real_estate","uni_loo",68,4.36571412156319,-0.246976250224952,-0.00666888520994739,2.66209119347805,544.367441809422,479.451999487439
"real_estate","uni_loo",69,6.26321422023622,-0.240386437041562,-0.00734025295876961,2.64015818068176,650.163653908613,457.053757119532
"real_estate","uni_loo",70,4.33931786313473,-0.201407328382379,-0.0071449210878801,2.59412943790746,545.625847346029,467.097024340145
"real_estate","uni_loo",71,1.07153722064858,-0.253203462426658,-0.00794860831336664,2.64052800600809,609.939766380976,510.01853894799
"real_estate","uni_loo",72,4.34329042808943,-0.295103052338451,-0.00778060916983637,3.09240155218635,625.692188008152,527.395965108618
"real_estate","uni_loo",73,3.6273960647891,-0.358819797414619,-0.00691199700939199,2.60779363336992,580.488163499525,479.993765346094
"real_estate","uni_loo",74,4.06504612137529,-0.233019334406939,-0.0070593057850388,2.65892880628344,516.506734585933,443.096957702305
"real_estate","uni_loo",75,4.75545686986612,-0.20249743619646,-0.00710184364973472,2.69711993366824,529.111859418975,417.714889280101
"real_estate","uni_loo",76,4.01045582404679,-0.191682973093248,-0.00714272297266451,2.72025131826794,545.559980794268,529.043957720634
"real_estate","uni_loo",77,7.22660841455858,-0.334481862267726,-0.00735826804963629,2.31121179776505,612.645115601711,432.949645341037
"real_estate","uni_loo",78,2.44460810339954,-0.167328348318004,-0.0073158386321546,2.85144643702518,613.952672982377,455.455923135984
"real_estate","uni_loo",79,4.07194072327362,-0.241439280179807,-0.007393698584237,2.72974190344072,494.900043564041,491.227587305777
"real_estate","uni_loo",80,2.54994261323484,-0.178826067376755,-0.007053206457445,2.59816185267,571.620092161312,435.019858634235
"real_estate","uni_loo",81,6.33648778756935,-0.193321953120735,-0.00772006909326582,2.50900799775502,650.74903366569,523.352725918391
"real_estate","uni_loo",82,5.18531968491923,-0.201548543094578,-0.00822624897677837,2.45130986980929,619.537659607426,499.131079532139
"real_estate","uni_loo",83,3.72542724588039,-0.289350885705811,-0.00718217902693773,2.77645195353749,642.305281414874,441.14923382159
"real_estate","uni_loo",84,4.46246875481224,-0.146913217403349,-0.00745752342203548,2.59901149141233,559.441836699652,437.073847608556
"real_estate","uni_loo",85,3.50043239209536,-0.210186121720625,-0.00701937484618139,2.78785103723565,623.823123806886,452.204386659279
"real_estate","uni_loo",86,2.61560788920165,-0.267708265777078,-0.00749461391950665,2.75975895129674,589.264627598264,505.295238568205
"real_estate","uni_loo",87,7.35378595429536,-0.180953150330798,-0.00709009048783585,2.61176064759452,592.526806402055,504.038506901102
"real_estate","uni_loo",88,0.0350175123324396,-0.163427275976148,-0.00693940607434309,2.41049005232521,573.533517903265,450.996275419196
"real_estate","uni_loo",89,7.5854892301163,-0.274994411839722,-0.00727623254259362,2.91720181288297,621.187875277549,490.792869671556
"real_estate","uni_loo",90,5.80421612288427,-0.391858506190671,-0.00827025109447951,2.68018784549047,677.505460204343,492.983308919649
"real_estate","uni_loo",91,3.70225499614904,-0.202326600355668,-0.00664300391716361,2.51650071976968,545.085546145959,441.452232863116
"real_estate","uni_loo",92,2.8096009495574,-0.193142144936397,-0.00703768073992115,2.53381743077325,533.52177414993,461.533286529673
"real_estate","uni_loo",93,3.52873876538394,-0.215421170173596,-0.0075683333999529,2.62556562887466,594.361578186015,440.242017112193
"real_estate","uni_loo",94,3.68795392416336,-0.247395052308192,-0.00679840314167698,2.46343743200951,509.794813037257,434.742435567852
"real_estate","uni_loo",95,3.67891927928421,-0.204370307160084,-0.00692015088657376,2.82156432392008,661.429321347629,460.963554363423
"real_estate","uni_loo",96,5.29285090649763,-0.284532111977453,-0.00734152310765126,2.58003442744195,556.652055532054,459.36800958459
"real_estate","uni_loo",97,7.74026829416688,-0.269708252394378,-0.0077141577077658,2.88806317750677,773.278497460353,439.431878364651
"real_estate","uni_loo",98,4.40318134745266,-0.261835451869213,-0.00792726116390973,2.47346720972851,603.842884522065,425.721341325726
"real_estate","uni_loo",99,3.12466961823083,-0.300899731974808,-0.00711215959471673,2.48964466421343,645.468443532615,438.927222677971
"real_estate","uni_loo",100,3.47244490686526,-0.14815650050279,-0.00692809978095352,2.5239017975692,564.805435991798,427.193045412767
"real_estate","unilasso_loo_true",1,3.8116555458151,-0.223341680699694,-0.00462086406078522,1.02525130135994,256.430397512932,0
"real_estate","unilasso_loo_true",2,6.69776357518462,-0.151156590093409,-0.00437335067823847,1.07779335820464,218.121584072912,0
"real_estate","unilasso_loo_true",3,0,-0.166563814873285,-0.00419394675826217,1.35395824805591,190.426251216558,0
"real_estate","unilasso_loo_true",4,2.28779929220938,-0.21238106914096,-0.00435100853081398,1.05797255798703,181.695228515341,17.2756666940509
"real_estate","unilasso_loo_true",5,3.98641390597891,-0.196900721783996,-0.00438244913114885,0.986922435193744,178.40673622357,2.45574253705253
"real_estate","unilasso_loo_true",6,0,-0.193365347553745,-0.00415606148960494,1.24352023264329,157.943534931665,0.194608257875472
"real_estate","unilasso_loo_true",7,2.77482518902577,-0.277132860404901,-0.00469576055622104,1.01079757238059,164.49549293302,0
"real_estate","unilasso_loo_true",8,0,-0.249424922126542,-0.00444646469851404,1.2372537955194,256.423123648924,0
"real_estate","unilasso_loo_true",9,0,-0.217976424026009,-0.00441091072100943,0.956251416955788,311.184123391811,0
"real_estate","unilasso_loo_true",10,0,-0.162043041757781,-0.00424563162563267,0.999875339982265,167.824960108126,0
"real_estate","unilasso_loo_true",11,0,-0.294761399210273,-0.00441928644263794,1.26071007217889,209.333274277029,21.8715390112783
"real_estate","unilasso_loo_true",12,3.98590947847561,-0.213054427203593,-0.0049569158318666,1.27916037085659,170.283061665203,24.3295874875621
"real_estate","unilasso_loo_true",13,0,-0.189397473158318,-0.00402661824263588,1.26928212658408,219.671130265701,1.29127839896783
"real_estate","unilasso_loo_true",14,4.48205641600955,-0.285905708591785,-0.00519044094685371,0.648820957738668,251.800049659771,0
"real_estate","unilasso_loo_true",15,0,-0.202647428471422,-0.00378303073485104,1.30645071717132,240.221530910704,0
"real_estate","unilasso_loo_true",16,6.21719945952471,-0.242739644311673,-0.00498111767463706,0.785219328868277,235.220229214306,0
"real_estate","unilasso_loo_true",17,4.7744615937052,-0.216048316630448,-0.00406518842624347,1.51331540453481,242.810813815759,0
"real_estate","unilasso_loo_true",18,0,-0.24703819328647,-0.00433622965415097,0.809425373354146,286.678529631904,0
"real_estate","unilasso_loo_true",19,4.99113558287106,-0.236433166538167,-0.00542671105973967,0.828009118294809,179.669969921991,0
"real_estate","unilasso_loo_true",20,0,-0.213547296091782,-0.00405936409234026,1.16069565058336,240.490214267054,0
"real_estate","unilasso_loo_true",21,0,-0.221618615203886,-0.00371992611670065,1.25168989703231,268.339240490262,2.66554234121261
"real_estate","unilasso_loo_true",22,0,-0.249607975286996,-0.0037238522511567,1.07006821642952,289.416224773505,21.4330632483857
"real_estate","unilasso_loo_true",23,2.84004979938891,-0.242915056513057,-0.00402844894519551,1.44457051805418,187.855049202498,0
"real_estate","unilasso_loo_true",24,2.85096074941716,-0.24194616257048,-0.0040253617177057,1.18829953803394,201.330628603037,35.1008832753522
"real_estate","unilasso_loo_true",25,3.29280231238885,-0.126946942714496,-0.00427789312668421,1.25290941668671,193.399024403905,0
"real_estate","unilasso_loo_true",26,0,-0.252197652997,-0.00472348314038633,0.860108461011604,195.576558259342,0
"real_estate","unilasso_loo_true",27,4.10929217762989,-0.227184994733912,-0.00435806184218314,1.12387507323332,181.926767524867,0
"real_estate","unilasso_loo_true",28,5.44621439659987,-0.252276366856294,-0.00461134047636646,0.924276491711247,192.653960471693,0
"real_estate","unilasso_loo_true",29,0,-0.292997215930035,-0.00441194672396442,1.02600143216122,289.449223367085,0
"real_estate","unilasso_loo_true",30,4.11297386430979,-0.245729049576619,-0.00361030769096368,1.42373119817296,194.263694527443,74.8447365609087
"real_estate","unilasso_loo_true",31,4.60129536221196,-0.199531570467686,-0.00452737339403915,1.06092781122905,260.684501874129,21.6377158623086
"real_estate","unilasso_loo_true",32,0,-0.198880568342927,-0.00418907250907077,1.29890823882887,175.711903503078,0
"real_estate","unilasso_loo_true",33,2.841250317235,-0.248954368972061,-0.00405211141914014,1.21566972707541,231.742958273655,0
"real_estate","unilasso_loo_true",34,3.89668898196755,-0.265714317878441,-0.00450563482032809,1.02224445537611,232.42477269096,0
"real_estate","unilasso_loo_true",35,3.09216740498844,-0.193127153830332,-0.00428786172326437,0.972934254214235,355.85359740992,0
"real_estate","unilasso_loo_true",36,2.38880482922476,-0.282840301958911,-0.00483572917914985,0.959271125501487,143.74484236082,0
"real_estate","unilasso_loo_true",37,0,-0.180057812408778,-0.00340440149875864,1.61379549103971,234.803847186362,29.6911025751217
"real_estate","unilasso_loo_true",38,0,-0.298650127568934,-0.00436913982052248,1.03904545850341,243.182841546403,0
"real_estate","unilasso_loo_true",39,4.84299471016407,-0.195342767190223,-0.00451955387496237,1.2400391644618,180.210453493484,0
"real_estate","unilasso_loo_true",40,2.33952194148969,-0.239142993087616,-0.00485865363438285,0.865920503605198,206.4924991809,0
"real_estate","unilasso_loo_true",41,0,-0.256379570967857,-0.00350326359860537,1.34681017784031,188.509149978509,49.9088288475069
"real_estate","unilasso_loo_true",42,5.34369651325317,-0.250451686802859,-0.00443011051720043,0.858096979442324,317.227214758751,4.78132439155732
"real_estate","unilasso_loo_true",43,2.78730551832135,-0.227820179242726,-0.00437055529132636,0.934010056942831,236.400185647363,0
"real_estate","unilasso_loo_true",44,5.24438444389921,-0.228348630430973,-0.00462227397273323,1.29317143777562,74.3997103755346,0
"real_estate","unilasso_loo_true",45,0,-0.263478955051078,-0.00374628991199228,1.25279489402191,272.626144931739,10.2992872734972
"real_estate","unilasso_loo_true",46,4.56813567126286,-0.233360209788102,-0.00347726495510549,1.27298995072176,185.423611008719,20.7010209737446
"real_estate","unilasso_loo_true",47,3.22124369975959,-0.205918617996425,-0.00501445409348908,0.989331468727068,221.138391225624,0
"real_estate","unilasso_loo_true",48,2.523782603404,-0.277887333190356,-0.0045807252594064,0.926552791978549,239.68138389178,0
"real_estate","unilasso_loo_true",49,4.29874449708285,-0.213360934343345,-0.00223292060801876,1.32919659652801,332.249518495227,121.841435264356
"real_estate","unilasso_loo_true",50,0,-0.289873735215307,-0.00431183495889901,1.04664168237321,224.934931889222,0
"real_estate","unilasso_loo_true",51,0,-0.276317299814349,-0.00399188358685066,1.19627323103397,214.035448921709,22.0365529913205
"real_estate","unilasso_loo_true",52,0,-0.266217041422944,-0.00430832456506621,0.977815872574431,215.6665870571,0
"real_estate","unilasso_loo_true",53,0,-0.252131935700777,-0.00508919307595972,0.478111453792766,212.501670721157,0
"real_estate","unilasso_loo_true",54,3.15028813314289,-0.229585036530115,-0.00382826156371182,1.40081055171174,213.690474346444,31.3598026291518
"real_estate","unilasso_loo_true",55,2.37608088879738,-0.18210435656923,-0.00413876410250883,1.07403545881403,284.299490158383,26.4921626984547
"real_estate","unilasso_loo_true",56,7.36864090034861,-0.211071634441296,-0.00447577011836346,1.01916434880088,242.811289933202,0
"real_estate","unilasso_loo_true",57,0,-0.283972315512644,-0.00268366973143969,1.28586256762255,327.970935248938,32.771530435825
"real_estate","unilasso_loo_true",58,0,-0.148954632898136,-0.00445881185019987,1.03596789513714,183.545319169474,0
"real_estate","unilasso_loo_true",59,2.29588679247421,-0.203214700538029,-0.00423382010737202,1.14838776892,212.183653008697,0
"real_estate","unilasso_loo_true",60,0,-0.27168712146071,-0.00407621710012919,1.17565928475188,142.24498617268,0
"real_estate","unilasso_loo_true",61,4.4599828664914,-0.306273857880102,-0.00460116968659646,0.659656440825945,338.857513627442,0
"real_estate","unilasso_loo_true",62,0,-0.29351918230086,-0.00393858035581642,1.22630736421268,169.900538573194,24.5761914319246
"real_estate","unilasso_loo_true",63,0,-0.212585875678064,-0.00444879954191696,1.28894079764049,190.013583141003,0
"real_estate","unilasso_loo_true",64,0,-0.211035172836609,-0.00344007745237711,1.17765646767758,251.548609399337,9.93612686915358
"real_estate","unilasso_loo_true",65,0,-0.12109316647879,-0.00297848294174965,1.45338232207394,198.917053114619,91.1747731873642
"real_estate","unilasso_loo_true",66,3.20665453759794,-0.226529898399691,-0.00345836217073701,1.4606573342034,275.918873463144,51.4323793025526
"real_estate","unilasso_loo_true",67,0,-0.193806126931832,-0.00418175112802506,1.16488291418173,202.045610235307,2.26371065332751
"real_estate","unilasso_loo_true",68,0,-0.15753940536216,-0.0043685449447362,1.04055568091377,140.922969994859,0
"real_estate","unilasso_loo_true",69,4.92329304426142,-0.250609021265924,-0.00490829091930531,0.928426793674966,203.017161343494,0
"real_estate","unilasso_loo_true",70,0,-0.156796299250233,-0.00491045241168304,1.00623971879223,85.0458974514705,14.7314530917015
"real_estate","unilasso_loo_true",71,0,-0.156222849938663,-0.00555778347810547,0.847437374066224,160.165293766683,0
"real_estate","unilasso_loo_true",72,0,-0.238429400682159,-0.00422144867372894,1.40712445157119,224.826055317778,4.30361128328338
"real_estate","unilasso_loo_true",73,3.49529688643433,-0.347666224009715,-0.00338922347716559,1.21239312875805,222.982940531141,23.79589416375
"real_estate","unilasso_loo_true",74,1.77621138771706,-0.270479424942594,-0.00345011275420004,1.51378574531707,197.328554021322,47.4792372786009
"real_estate","unilasso_loo_true",75,5.14002820395309,-0.237639887821835,-0.00396540011838045,1.52950370182058,140.141633074743,5.71288860620743
"real_estate","unilasso_loo_true",76,2.37555637108695,-0.170801877973508,-0.00350756000961584,1.21887322325484,210.202916597983,73.2700893824121
"real_estate","unilasso_loo_true",77,5.88698269543448,-0.307417394502503,-0.00458145267757607,0.74879868383905,258.370279901061,0
"real_estate","unilasso_loo_true",78,0,-0.14234420033744,-0.00346847156972265,1.61373040439938,167.800367699631,35.9195130746121
"real_estate","unilasso_loo_true",79,2.45028683459734,-0.231753870311507,-0.00443426997214898,1.41132907437269,173.236921809334,0
"real_estate","unilasso_loo_true",80,0,-0.13443632367749,-0.00445571558137992,1.00693398156468,221.006977865876,0
"real_estate","unilasso_loo_true",81,6.05828099827568,-0.191339538238958,-0.00506299445857652,0.94832964842532,235.861543180299,10.4060169986457
"real_estate","unilasso_loo_true",82,0,-0.219294187017701,-0.00544743587088161,0.768778992169647,236.794682823278,0
"real_estate","unilasso_loo_true",83,0,-0.224423235429054,-0.00369944154371233,1.32020638479302,251.009988360651,0
"real_estate","unilasso_loo_true",84,2.54460864711012,-0.218995186703947,-0.00444223901319691,1.23303777508372,229.270039675494,0
"real_estate","unilasso_loo_true",85,0,-0.141671686425556,-0.00371449386894437,1.22474260292513,274.551295860389,0
"real_estate","unilasso_loo_true",86,0,-0.205292824196818,-0.00380478770337985,1.2955765062898,270.271059037751,41.252430813413
"real_estate","unilasso_loo_true",87,7.94137840717973,-0.176399496020623,-0.00489229254727061,1.09224371046772,136.245888537507,0
"real_estate","unilasso_loo_true",88,0,-0.152736455621132,-0.00443454109443645,0.974651632971604,212.551330922196,0
"real_estate","unilasso_loo_true",89,4.48679642746708,-0.229285065111769,-0.00348157717195949,1.48080480517006,169.391162154066,57.8258648216208
"real_estate","unilasso_loo_true",90,0,-0.335595490057581,-0.0043411879982784,1.03663387403238,292.843665494081,17.7804529762667
"real_estate","unilasso_loo_true",91,2.84526887860038,-0.199406469490999,-0.0042745628392561,1.17662430124672,164.012945855892,0
"real_estate","unilasso_loo_true",92,0,-0.131725505079663,-0.00425554637119333,1.039606312004,204.267603465382,7.9753829521782
"real_estate","unilasso_loo_true",93,3.00587627588103,-0.246803256758719,-0.00401094069143426,1.29799146176239,262.387634350691,13.5047057753344
"real_estate","unilasso_loo_true",94,3.7149594532252,-0.200805467528978,-0.0043938624300204,1.17908749016415,194.691211765698,0
"real_estate","unilasso_loo_true",95,0,-0.148675498787856,-0.00396355524402869,1.10423719723362,213.959336320824,0
"real_estate","unilasso_loo_true",96,2.90139397822952,-0.27907923879622,-0.00454887311572775,1.05329527674833,209.695207792507,0
"real_estate","unilasso_loo_true",97,5.24529391584566,-0.229764179814953,-0.00397518314284051,1.17729502010026,335.851602747428,0
"real_estate","unilasso_loo_true",98,0,-0.218562865462935,-0.00520974548646866,0.873142377850777,240.036085105437,0
"real_estate","unilasso_loo_true",99,0,-0.22605212773886,-0.00416163545596307,0.938852168702073,281.302288758181,0
"real_estate","unilasso_loo_true",100,2.81939750724925,-0.195420807484798,-0.00420618377991178,1.08385439724443,233.93871551082,7.90728302865561
"real_estate","unilasso_loo_false",1,6.41955569846959,-0.24783098929449,-0.00457609895444197,1.03732007838952,256.776251395039,0
"real_estate","unilasso_loo_false",2,7.61827036118241,-0.191442806888359,-0.00429705895460224,1.08504873852569,224.484331533316,0
"real_estate","unilasso_loo_false",3,3.44011991727811,-0.219751037322949,-0.00419476397762766,1.36528069667472,192.179420221196,0
"real_estate","unilasso_loo_false",4,3.46120801460015,-0.236925594130846,-0.00427633586685035,1.04663756494975,182.537786302027,20.8527830596492
"real_estate","unilasso_loo_false",5,5.45728461905739,-0.221638030214157,-0.00425547096031049,0.982031723849341,180.044814283022,8.89863358512174
"real_estate","unilasso_loo_false",6,2.65575814884229,-0.240927647297111,-0.00413682934172966,1.25711018712843,165.683720310124,3.22752756080839
"real_estate","unilasso_loo_false",7,6.20710870782438,-0.304698354797508,-0.00466457983916611,1.00195183564169,177.901057849577,0
"real_estate","unilasso_loo_false",8,0,-0.271352271758159,-0.00440799912714217,1.2498002167384,261.671179350295,0
"real_estate","unilasso_loo_false",9,4.21438777042993,-0.261687249578653,-0.00454354707282368,0.971575040764171,302.226772429556,0
"real_estate","unilasso_loo_false",10,5.43748671862292,-0.231037318051048,-0.00424448186488121,1.04188859827743,188.793047963088,4.54078901593901
"real_estate","unilasso_loo_false",11,0,-0.30687169344706,-0.00438730148189531,1.25092694120377,209.73352481005,23.5584058101221
"real_estate","unilasso_loo_false",12,5.51571221836496,-0.25301078440469,-0.00479951777974798,1.28461446780134,173.935931870494,29.4389590372115
"real_estate","unilasso_loo_false",13,5.07178348345342,-0.244700113163843,-0.00408751743214499,1.29013408864758,231.42639109051,15.2524235121218
"real_estate","unilasso_loo_false",14,5.78833411091158,-0.312409576737447,-0.0051232822966511,0.670260110816898,252.03346739895,0
"real_estate","unilasso_loo_false",15,4.80713469606747,-0.26063686099036,-0.00391155237947818,1.33151333365277,240.030332909596,0
"real_estate","unilasso_loo_false",16,8.07707863110539,-0.281103774068153,-0.00489831655083462,0.804649965042259,236.159793705137,0
"real_estate","unilasso_loo_false",17,7.1686696117303,-0.242606564382781,-0.00403147945122519,1.50320286025106,237.228587906833,0
"real_estate","unilasso_loo_false",18,4.07664087886496,-0.303310321779781,-0.00445189565860972,0.888397264487029,288.207939853747,0
"real_estate","unilasso_loo_false",19,6.16782575709782,-0.264783041484368,-0.00537959175746127,0.828337126883038,180.049651746299,0
"real_estate","unilasso_loo_false",20,0,-0.224468065418741,-0.00398289871044623,1.15345562878988,246.493412954611,0
"real_estate","unilasso_loo_false",21,2.89609574583799,-0.268180708733148,-0.00354412306701678,1.30970782251205,269.13399719847,14.015260232356
"real_estate","unilasso_loo_false",22,3.70902811533106,-0.295424645693009,-0.00372798545427254,1.09987308139594,288.320008390348,23.5906328084096
"real_estate","unilasso_loo_false",23,5.51588876818154,-0.270156230417673,-0.00402290997242662,1.42899215647705,183.213288156317,0
"real_estate","unilasso_loo_false",24,4.39761751455423,-0.261958647553171,-0.0039046566342176,1.18341176148805,206.773237077544,37.2556952260002
"real_estate","unilasso_loo_false",25,5.03158506058041,-0.167689464877117,-0.00430666290669394,1.23121391773823,194.9315430832,0
"real_estate","unilasso_loo_false",26,5.0127343420774,-0.293268489740185,-0.00490556440553406,0.86277187969991,193.135851149508,0
"real_estate","unilasso_loo_false",27,5.67488818112682,-0.27089120734842,-0.00427153360088782,1.14147968766655,185.683031872886,0
"real_estate","unilasso_loo_false",28,6.359777865097,-0.270237562434087,-0.00451254534798413,0.922457276392164,195.942185725133,0
"real_estate","unilasso_loo_false",29,5.16973967585273,-0.36179188589603,-0.00465309909027774,1.03481670752321,281.418665084864,0
"real_estate","unilasso_loo_false",30,5.27651930160743,-0.262848437971533,-0.00357853550441247,1.39137724350795,196.46324082797,76.6792630073659
"real_estate","unilasso_loo_false",31,6.34130431314074,-0.246887245978493,-0.004418072026014,1.08913021093754,262.578971116604,25.4962790679253
"real_estate","unilasso_loo_false",32,4.5599400483265,-0.25988938971764,-0.00424214405678536,1.31127294313764,184.204800916712,0
"real_estate","unilasso_loo_false",33,5.4346031145159,-0.266407088311517,-0.00403815535596333,1.21977284673305,228.829218170002,0
"real_estate","unilasso_loo_false",34,6.22192087170667,-0.292616832656952,-0.00444717928469303,1.05536279174843,233.158013192054,0
"real_estate","unilasso_loo_false",35,5.93228881573136,-0.236903931248126,-0.00431091206416206,0.968584790974225,351.241053276287,0
"real_estate","unilasso_loo_false",36,3.63021348992092,-0.294221370054825,-0.00477552486308915,0.940005615021052,149.662488803529,0
"real_estate","unilasso_loo_false",37,3.27893318316537,-0.253468638760055,-0.0032392305785564,1.69254943711767,232.277056842432,43.363195572334
"real_estate","unilasso_loo_false",38,4.00697208161065,-0.334626658722186,-0.00440534331955069,1.07417651700314,242.127343585053,0
"real_estate","unilasso_loo_false",39,6.60172882528166,-0.227692898901373,-0.00454031426540773,1.22558261917116,181.683818056021,0
"real_estate","unilasso_loo_false",40,5.25638865060992,-0.259350340324857,-0.00489946497132101,0.862233412570829,206.671930013221,0
"real_estate","unilasso_loo_false",41,0,-0.277888123057708,-0.00334631861898157,1.3565039518252,198.391302868293,57.0968042939637
"real_estate","unilasso_loo_false",42,6.42117455837804,-0.288016549185295,-0.0043828542781137,0.875937438645204,320.284987347622,2.69681885624849
"real_estate","unilasso_loo_false",43,5.82934515550317,-0.260625167831644,-0.00436942300460241,0.926785818712135,244.583434159875,0
"real_estate","unilasso_loo_false",44,6.050654985282,-0.250604539530617,-0.0045109127065875,1.29580526909215,81.064069333215,0
"real_estate","unilasso_loo_false",45,0,-0.281194995490245,-0.00366315456051757,1.2604996406522,273.682729264672,12.183674879265
"real_estate","unilasso_loo_false",46,5.63325216096621,-0.261951183079014,-0.00327970641679273,1.2749771467654,194.367190176518,29.0468438662147
"real_estate","unilasso_loo_false",47,5.51986365222925,-0.261893540736224,-0.00482541760230162,1.08399416080902,222.860194138114,0
"real_estate","unilasso_loo_false",48,4.79589172760508,-0.309224604316125,-0.00457585938370954,0.957320494898208,235.420212224785,0
"real_estate","unilasso_loo_false",49,5.14545204583446,-0.241302018739949,-0.00217594471545676,1.31204577284061,335.962733906589,122.123751409238
"real_estate","unilasso_loo_false",50,0,-0.295283085154627,-0.00433151561236502,1.02622492842459,223.470186190306,0
"real_estate","unilasso_loo_false",51,3.96954178000979,-0.318057582436636,-0.0040332724402809,1.18774208599095,224.465046605572,33.0355012055986
"real_estate","unilasso_loo_false",52,5.69280107374353,-0.303885710162354,-0.00443338255656751,1.05237243872252,218.344209002517,0
"real_estate","unilasso_loo_false",53,4.05070639311799,-0.30807894534022,-0.00510065619468998,0.548782522303861,224.529175629718,0
"real_estate","unilasso_loo_false",54,4.80972386688494,-0.263776327555503,-0.00386593594069807,1.38912793950626,218.756375545525,24.8452821291823
"real_estate","unilasso_loo_false",55,3.18696934675553,-0.219301301734368,-0.00401777971791076,1.07832387499144,285.39929482713,29.8638714760344
"real_estate","unilasso_loo_false",56,8.16903094542242,-0.238431206643069,-0.00441122328614634,1.03135097825112,245.723994379671,0
"real_estate","unilasso_loo_false",57,0,-0.296514168749749,-0.00261067104727361,1.29035793336872,329.538774865935,36.1610960223031
"real_estate","unilasso_loo_false",58,6.90706133854338,-0.207757025458374,-0.00484788133483982,0.952969347801966,192.789469733045,0
"real_estate","unilasso_loo_false",59,3.75984513321382,-0.230546955256701,-0.00426770876383034,1.12405381334413,213.288870056884,0
"real_estate","unilasso_loo_false",60,3.05587606051476,-0.301307110792088,-0.00413214509348645,1.16610058946589,145.813371667618,0
"real_estate","unilasso_loo_false",61,5.80083801198181,-0.318501709078225,-0.00462817299923319,0.667039917058999,331.982226485398,0
"real_estate","unilasso_loo_false",62,4.95021070823177,-0.334184877663041,-0.00375531017634983,1.20570252239678,198.523593621695,42.6284264157488
"real_estate","unilasso_loo_false",63,0,-0.237355644949617,-0.004380103452213,1.30205089208487,197.16388346042,0
"real_estate","unilasso_loo_false",64,4.21276349312625,-0.26001067408482,-0.00335386720629167,1.16225851687056,275.226639580923,22.5148989030724
"real_estate","unilasso_loo_false",65,5.00578945291416,-0.207841495354513,-0.00297667713098617,1.49678918502004,209.487960862937,92.9279319183202
"real_estate","unilasso_loo_false",66,4.55626770425039,-0.255986957656849,-0.00348991846681236,1.44229420090263,274.163271325218,49.0894352631405
"real_estate","unilasso_loo_false",67,3.81128160299505,-0.240781866009752,-0.00419404077539415,1.20923521342207,206.417154748706,0.0598081679549798
"real_estate","unilasso_loo_false",68,5.15822365582478,-0.226785220157123,-0.0044418244612879,1.08383744833403,137.513050562135,0
"real_estate","unilasso_loo_false",69,6.29246658234377,-0.278829360114027,-0.00485824965124463,0.931656171721934,205.410135453961,0
"real_estate","unilasso_loo_false",70,3.32979219561578,-0.229301363502733,-0.00462161538856464,1.08220994411054,111.554103983482,25.6665266740403
"real_estate","unilasso_loo_false",71,4.15949275264713,-0.230711541673196,-0.00547856235726086,0.919755748856183,184.578872740901,0
"real_estate","unilasso_loo_false",72,3.95822706214057,-0.301905468099101,-0.00428571944842317,1.42140555038515,229.344024773906,3.17158607974397
"real_estate","unilasso_loo_false",73,5.34494855810863,-0.35951826797915,-0.00347591344728024,1.19068556219676,218.063581456021,15.9640283958844
"real_estate","unilasso_loo_false",74,3.39845269716552,-0.290387769522973,-0.00337743451294127,1.49580429180431,200.372076365503,51.5048919686955
"real_estate","unilasso_loo_false",75,6.65083789892794,-0.269868631403247,-0.00376136991170595,1.53554408947146,151.245502096051,12.1474753806217
"real_estate","unilasso_loo_false",76,4.88305642004166,-0.218472796181829,-0.00337597449075289,1.25531054520027,217.404218756756,73.9840500062636
"real_estate","unilasso_loo_false",77,7.3462623996902,-0.32993088670908,-0.00444964776273915,0.779553868579575,264.14780097211,0
"real_estate","unilasso_loo_false",78,4.7121522012703,-0.222138747889145,-0.00370002683741415,1.56197791731383,179.161771266675,36.4624985518925
"real_estate","unilasso_loo_false",79,4.10863377127587,-0.253694647464957,-0.00440470656155053,1.39643453076338,175.990283656994,0
"real_estate","unilasso_loo_false",80,2.4969740212032,-0.182398253967573,-0.00438795268792802,1.05186613294394,226.795452772893,0
"real_estate","unilasso_loo_false",81,7.55440835039197,-0.234078850318402,-0.00500900669121312,0.977884241668283,235.575754323542,10.3396542071456
"real_estate","unilasso_loo_false",82,3.37733558197612,-0.284849495437609,-0.00540600047680427,0.830273794402361,247.033148439446,0
"real_estate","unilasso_loo_false",83,3.74319599683709,-0.275745223494808,-0.00366296540060987,1.34416209310826,259.231299269201,0
"real_estate","unilasso_loo_false",84,4.68510250552426,-0.257897021638432,-0.00439391412507641,1.23592807580551,231.979035750129,0
"real_estate","unilasso_loo_false",85,4.33904673297765,-0.230175171250977,-0.00368047534263972,1.31146408038858,275.408788779082,0
"real_estate","unilasso_loo_false",86,5.04068464202775,-0.245831358430047,-0.00403520447866034,1.30087676857203,275.328512097413,31.0884671539002
"real_estate","unilasso_loo_false",87,9.5028392730851,-0.229001225010348,-0.00476590584424349,1.09421885254997,151.609532611843,0
"real_estate","unilasso_loo_false",88,3.08781367672597,-0.215761617622331,-0.00446089596540317,1.01722062934565,221.945147708353,0
"real_estate","unilasso_loo_false",89,5.48363963429345,-0.25226110732911,-0.00331654713060922,1.46235914416633,179.710448331405,64.0628097264715
"real_estate","unilasso_loo_false",90,2.47870823740155,-0.373092647922061,-0.00417829172460905,1.07521073572488,300.63157709212,31.7370259979774
"real_estate","unilasso_loo_false",91,5.07853987411451,-0.228944943192635,-0.00421759856363633,1.16037980134007,172.583558587204,0
"real_estate","unilasso_loo_false",92,4.72920498821313,-0.208459231464462,-0.0041298531884056,1.08115045490755,219.095266048764,14.3694144475601
"real_estate","unilasso_loo_false",93,5.18291596693253,-0.272960601778728,-0.00393226964476135,1.32361570496904,258.72818654819,14.0713438967102
"real_estate","unilasso_loo_false",94,5.62358318747098,-0.222535405772503,-0.00438841912017679,1.14937286266646,198.80832231034,0
"real_estate","unilasso_loo_false",95,4.56108644925551,-0.222184060969296,-0.00399123713543485,1.16650122039053,225.178803321998,0.197319131368149
"real_estate","unilasso_loo_false",96,4.61312665352695,-0.301194244498774,-0.00452732411470516,1.04525027384649,216.351908177507,0
"real_estate","unilasso_loo_false",97,6.49866726179777,-0.266006430932167,-0.00391380122316469,1.19007002174798,332.785971536164,0
"real_estate","unilasso_loo_false",98,4.54174256392921,-0.288302786296088,-0.00524028476685512,0.93790244385151,247.887304518822,0
"real_estate","unilasso_loo_false",99,4.1028826481864,-0.274454073825334,-0.00420201148854351,0.993995454921913,278.577394280293,0
"real_estate","unilasso_loo_false",100,5.09869824615231,-0.236589110914615,-0.00413054106836909,1.10087151897245,238.731237948575,9.01928990116259
"real_estate","polish_unilasso",1,3.8116555458151,-0.223341680699694,-0.00462086406078522,1.02525130135994,256.430397512932,0
"real_estate","polish_unilasso",2,6.69776357518462,-0.151156590093409,-0.00437335067823847,1.07779335820464,218.121584072912,0
"real_estate","polish_unilasso",3,0,-0.166563814873285,-0.00419394675826217,1.35395824805591,190.426251216558,0
"real_estate","polish_unilasso",4,2.28779929220938,-0.21238106914096,-0.00435100853081398,1.05797255798703,181.695228515341,17.2756666940509
"real_estate","polish_unilasso",5,3.98641390597891,-0.196900721783996,-0.00438244913114885,0.986922435193744,178.40673622357,2.45574253705253
"real_estate","polish_unilasso",6,0,-0.193365347553745,-0.00415606148960494,1.24352023264329,157.943534931665,0.194608257875472
"real_estate","polish_unilasso",7,2.77482518902577,-0.277132860404901,-0.00469576055622104,1.01079757238059,164.49549293302,0
"real_estate","polish_unilasso",8,0,-0.249424922126542,-0.00444646469851404,1.2372537955194,256.423123648924,0
"real_estate","polish_unilasso",9,0,-0.217976424026009,-0.00441091072100943,0.956251416955788,311.184123391811,0
"real_estate","polish_unilasso",10,0,-0.162043041757781,-0.00424563162563267,0.999875339982265,167.824960108126,0
"real_estate","polish_unilasso",11,0,-0.294761399210273,-0.00441928644263794,1.26071007217889,209.333274277029,21.8715390112783
"real_estate","polish_unilasso",12,3.98590947847561,-0.213054427203593,-0.0049569158318666,1.27916037085659,170.283061665203,24.3295874875621
"real_estate","polish_unilasso",13,0,-0.189397473158318,-0.00402661824263588,1.26928212658408,219.671130265701,1.29127839896783
"real_estate","polish_unilasso",14,4.48205641600955,-0.285905708591785,-0.00519044094685371,0.648820957738668,251.800049659771,0
"real_estate","polish_unilasso",15,0,-0.202647428471422,-0.00378303073485104,1.30645071717132,240.221530910704,0
"real_estate","polish_unilasso",16,6.21719945952471,-0.242739644311673,-0.00498111767463706,0.785219328868277,235.220229214306,0
"real_estate","polish_unilasso",17,4.7744615937052,-0.216048316630448,-0.00406518842624347,1.51331540453481,242.810813815759,0
"real_estate","polish_unilasso",18,0,-0.24703819328647,-0.00433622965415097,0.809425373354146,286.678529631904,0
"real_estate","polish_unilasso",19,4.99113558287106,-0.236433166538167,-0.00542671105973967,0.828009118294809,179.669969921991,0
"real_estate","polish_unilasso",20,0,-0.213547296091782,-0.00405936409234026,1.16069565058336,240.490214267054,0
"real_estate","polish_unilasso",21,0,-0.221618615203886,-0.00371992611670065,1.25168989703231,268.339240490262,2.66554234121261
"real_estate","polish_unilasso",22,0,-0.249607975286996,-0.0037238522511567,1.07006821642952,289.416224773505,21.4330632483857
"real_estate","polish_unilasso",23,2.84004979938891,-0.242915056513057,-0.00402844894519551,1.44457051805418,187.855049202498,0
"real_estate","polish_unilasso",24,2.85096074941716,-0.24194616257048,-0.0040253617177057,1.18829953803394,201.330628603037,35.1008832753522
"real_estate","polish_unilasso",25,3.29280231238885,-0.126946942714496,-0.00427789312668421,1.25290941668671,193.399024403905,0
"real_estate","polish_unilasso",26,0,-0.252197652997,-0.00472348314038633,0.860108461011604,195.576558259342,0
"real_estate","polish_unilasso",27,4.10929217762989,-0.227184994733912,-0.00435806184218314,1.12387507323332,181.926767524867,0
"real_estate","polish_unilasso",28,5.44621439659987,-0.252276366856294,-0.00461134047636646,0.924276491711247,192.653960471693,0
"real_estate","polish_unilasso",29,0,-0.292997215930035,-0.00441194672396442,1.02600143216122,289.449223367085,0
"real_estate","polish_unilasso",30,4.11297386430979,-0.245729049576619,-0.00361030769096368,1.42373119817296,194.263694527443,74.8447365609087
"real_estate","polish_unilasso",31,4.60129536221196,-0.199531570467686,-0.00452737339403915,1.06092781122905,260.684501874129,21.6377158623086
"real_estate","polish_unilasso",32,0,-0.198880568342927,-0.00418907250907077,1.29890823882887,175.711903503078,0
"real_estate","polish_unilasso",33,2.841250317235,-0.248954368972061,-0.00405211141914014,1.21566972707541,231.742958273655,0
"real_estate","polish_unilasso",34,3.89668898196755,-0.265714317878441,-0.00450563482032809,1.02224445537611,232.42477269096,0
"real_estate","polish_unilasso",35,3.09216740498844,-0.193127153830332,-0.00428786172326437,0.972934254214235,355.85359740992,0
"real_estate","polish_unilasso",36,2.38880482922476,-0.282840301958911,-0.00483572917914985,0.959271125501487,143.74484236082,0
"real_estate","polish_unilasso",37,0,-0.180057812408778,-0.00340440149875864,1.61379549103971,234.803847186362,29.6911025751217
"real_estate","polish_unilasso",38,0,-0.298650127568934,-0.00436913982052248,1.03904545850341,243.182841546403,0
"real_estate","polish_unilasso",39,4.84299471016407,-0.195342767190223,-0.00451955387496237,1.2400391644618,180.210453493484,0
"real_estate","polish_unilasso",40,2.33952194148969,-0.239142993087616,-0.00485865363438285,0.865920503605198,206.4924991809,0
"real_estate","polish_unilasso",41,0,-0.256379570967857,-0.00350326359860537,1.34681017784031,188.509149978509,49.9088288475069
"real_estate","polish_unilasso",42,5.34369651325317,-0.250451686802859,-0.00443011051720043,0.858096979442324,317.227214758751,4.78132439155732
"real_estate","polish_unilasso",43,2.78730551832135,-0.227820179242726,-0.00437055529132636,0.934010056942831,236.400185647363,0
"real_estate","polish_unilasso",44,5.24438444389921,-0.228348630430973,-0.00462227397273323,1.29317143777562,74.3997103755346,0
"real_estate","polish_unilasso",45,0,-0.263478955051078,-0.00374628991199228,1.25279489402191,272.626144931739,10.2992872734972
"real_estate","polish_unilasso",46,4.56813567126286,-0.233360209788102,-0.00347726495510549,1.27298995072176,185.423611008719,20.7010209737446
"real_estate","polish_unilasso",47,3.22124369975959,-0.205918617996425,-0.00501445409348908,0.989331468727068,221.138391225624,0
"real_estate","polish_unilasso",48,2.523782603404,-0.277887333190356,-0.0045807252594064,0.926552791978549,239.68138389178,0
"real_estate","polish_unilasso",49,4.29874449708285,-0.213360934343345,-0.00223292060801876,1.32919659652801,332.249518495227,121.841435264356
"real_estate","polish_unilasso",50,0,-0.289873735215307,-0.00431183495889901,1.04664168237321,224.934931889222,0
"real_estate","polish_unilasso",51,0,-0.276317299814349,-0.00399188358685066,1.19627323103397,214.035448921709,22.0365529913205
"real_estate","polish_unilasso",52,0,-0.266217041422944,-0.00430832456506621,0.977815872574431,215.6665870571,0
"real_estate","polish_unilasso",53,0,-0.252131935700777,-0.00508919307595972,0.478111453792766,212.501670721157,0
"real_estate","polish_unilasso",54,3.15028813314289,-0.229585036530115,-0.00382826156371182,1.40081055171174,213.690474346444,31.3598026291518
"real_estate","polish_unilasso",55,2.37608088879738,-0.18210435656923,-0.00413876410250883,1.07403545881403,284.299490158383,26.4921626984547
"real_estate","polish_unilasso",56,7.36864090034861,-0.211071634441296,-0.00447577011836346,1.01916434880088,242.811289933202,0
"real_estate","polish_unilasso",57,0,-0.283972315512644,-0.00268366973143969,1.28586256762255,327.970935248938,32.771530435825
"real_estate","polish_unilasso",58,6.96210429850005,-0.207383496507989,-0.00489962394801414,0.95893128352239,183.545319169474,0
"real_estate","polish_unilasso",59,2.29588679247421,-0.203214700538029,-0.00423382010737202,1.14838776892,212.183653008697,0
"real_estate","polish_unilasso",60,0,-0.27168712146071,-0.00407621710012919,1.17565928475188,142.24498617268,0
"real_estate","polish_unilasso",61,4.4599828664914,-0.306273857880102,-0.00460116968659646,0.659656440825945,338.857513627442,0
"real_estate","polish_unilasso",62,0,-0.29351918230086,-0.00393858035581642,1.22630736421268,169.900538573194,24.5761914319246
"real_estate","polish_unilasso",63,0,-0.212585875678064,-0.00444879954191696,1.28894079764049,190.013583141003,0
"real_estate","polish_unilasso",64,3.89072495511069,-0.260001021881421,-0.00359998313765538,1.17765646767758,251.548609399337,9.93612686915358
"real_estate","polish_unilasso",65,4.87635180641049,-0.207045100933356,-0.0030439689404265,1.49875161097222,198.917053114619,91.1747731873642
"real_estate","polish_unilasso",66,3.20665453759794,-0.226529898399691,-0.00345836217073701,1.4606573342034,275.918873463144,51.4323793025526
"real_estate","polish_unilasso",67,0,-0.193806126931832,-0.00418175112802506,1.16488291418173,202.045610235307,2.26371065332751
"real_estate","polish_unilasso",68,0,-0.15753940536216,-0.0043685449447362,1.04055568091377,140.922969994859,0
"real_estate","polish_unilasso",69,4.92329304426142,-0.250609021265924,-0.00490829091930531,0.928426793674966,203.017161343494,0
"real_estate","polish_unilasso",70,0,-0.156796299250233,-0.00491045241168304,1.00623971879223,85.0458974514705,14.7314530917015
"real_estate","polish_unilasso",71,0,-0.156222849938663,-0.00555778347810547,0.847437374066224,160.165293766683,0
"real_estate","polish_unilasso",72,0,-0.238429400682159,-0.00422144867372894,1.40712445157119,224.826055317778,4.30361128328338
"real_estate","polish_unilasso",73,3.49529688643433,-0.347666224009715,-0.00338922347716559,1.21239312875805,222.982940531141,23.79589416375
"real_estate","polish_unilasso",74,1.77621138771706,-0.270479424942594,-0.00345011275420004,1.51378574531707,197.328554021322,47.4792372786009
"real_estate","polish_unilasso",75,5.14002820395309,-0.237639887821835,-0.00396540011838045,1.52950370182058,140.141633074743,5.71288860620743
"real_estate","polish_unilasso",76,2.37555637108695,-0.170801877973508,-0.00350756000961584,1.21887322325484,210.202916597983,73.2700893824121
"real_estate","polish_unilasso",77,5.88698269543448,-0.307417394502503,-0.00458145267757607,0.74879868383905,258.370279901061,0
"real_estate","polish_unilasso",78,0,-0.14234420033744,-0.00346847156972265,1.61373040439938,167.800367699631,35.9195130746121
"real_estate","polish_unilasso",79,2.45028683459734,-0.231753870311507,-0.00443426997214898,1.41132907437269,173.236921809334,0
"real_estate","polish_unilasso",80,0,-0.13443632367749,-0.00445571558137992,1.00693398156468,221.006977865876,0
"real_estate","polish_unilasso",81,6.05828099827568,-0.191339538238958,-0.00506299445857652,0.94832964842532,235.861543180299,10.4060169986457
"real_estate","polish_unilasso",82,0,-0.219294187017701,-0.00544743587088161,0.768778992169647,236.794682823278,0
"real_estate","polish_unilasso",83,0,-0.224423235429054,-0.00369944154371233,1.32020638479302,251.009988360651,0
"real_estate","polish_unilasso",84,2.54460864711012,-0.218995186703947,-0.00444223901319691,1.23303777508372,229.270039675494,0
"real_estate","polish_unilasso",85,0,-0.141671686425556,-0.00371449386894437,1.22474260292513,274.551295860389,0
"real_estate","polish_unilasso",86,0,-0.205292824196818,-0.00380478770337985,1.2955765062898,270.271059037751,41.252430813413
"real_estate","polish_unilasso",87,7.94137840717973,-0.176399496020623,-0.00489229254727061,1.09224371046772,136.245888537507,0
"real_estate","polish_unilasso",88,5.77271429945207,-0.218406664195467,-0.00464000083711047,1.00701025737315,212.551330922196,0
"real_estate","polish_unilasso",89,4.48679642746708,-0.229285065111769,-0.00348157717195949,1.48080480517006,169.391162154066,57.8258648216208
"real_estate","polish_unilasso",90,0,-0.335595490057581,-0.0043411879982784,1.03663387403238,292.843665494081,17.7804529762667
"real_estate","polish_unilasso",91,2.84526887860038,-0.199406469490999,-0.0042745628392561,1.17662430124672,164.012945855892,0
"real_estate","polish_unilasso",92,4.70655014917341,-0.206896867895153,-0.00427379258784447,1.08207430607603,204.267603465382,7.9753829521782
"real_estate","polish_unilasso",93,3.00587627588103,-0.246803256758719,-0.00401094069143426,1.29799146176239,262.387634350691,13.5047057753344
"real_estate","polish_unilasso",94,3.7149594532252,-0.200805467528978,-0.0043938624300204,1.17908749016415,194.691211765698,0
"real_estate","polish_unilasso",95,0,-0.148675498787856,-0.00396355524402869,1.10423719723362,213.959336320824,0
"real_estate","polish_unilasso",96,2.90139397822952,-0.27907923879622,-0.00454887311572775,1.05329527674833,209.695207792507,0
"real_estate","polish_unilasso",97,5.24529391584566,-0.229764179814953,-0.00397518314284051,1.17729502010026,335.851602747428,0
"real_estate","polish_unilasso",98,0,-0.218562865462935,-0.00520974548646866,0.873142377850777,240.036085105437,0
"real_estate","polish_unilasso",99,0,-0.22605212773886,-0.00416163545596307,0.938852168702073,281.302288758181,0
"real_estate","polish_unilasso",100,2.81939750724925,-0.195420807484798,-0.00420618377991178,1.08385439724443,233.93871551082,7.90728302865561
"real_estate","lasso_cv",1,5.89772615695821,-0.236181186205956,-0.00452877904909342,1.00919813273217,251.046025419023,0
"real_estate","lasso_cv",2,7.8072439884013,-0.196793708559964,-0.00502741537465861,1.0689451992331,216.868100718197,-69.9236305452534
"real_estate","lasso_cv",3,3.34626822380175,-0.212418500621814,-0.00417586057800729,1.34309220716405,187.707195003959,0
"real_estate","lasso_cv",4,3.56133473178041,-0.236111611459536,-0.00428310927908785,1.0382168341649,180.597089640747,19.5790360625691
"real_estate","lasso_cv",5,5.26191923014246,-0.215694221745434,-0.0042840814551191,0.968294739268777,176.591305623641,5.30756842746638
"real_estate","lasso_cv",6,2.29686795695957,-0.229465774028261,-0.0041373030613214,1.2316617845203,159.896539248347,0
"real_estate","lasso_cv",7,6.39477119306104,-0.304180630294664,-0.0057431447279508,1.00106201961782,164.102554985315,-98.2844489197705
"real_estate","lasso_cv",8,1.98390909416449,-0.277827715319479,-0.00437007847772649,1.2216353696446,250.246175676963,0
"real_estate","lasso_cv",9,3.71155433223996,-0.249254502933454,-0.00455542378948215,0.945312187772916,296.532695641098,-7.2313140239429
"real_estate","lasso_cv",10,5.42802473098491,-0.217736439373858,-0.00428170494644927,1.00972528206628,179.366661771029,0
"real_estate","lasso_cv",11,2.05273887794628,-0.315568125245268,-0.00439599602542054,1.23151498194718,211.397940263281,26.9245840486199
"real_estate","lasso_cv",12,5.49275103034384,-0.250401499032125,-0.00480978506681181,1.27403891766863,171.284039975089,27.3631949860191
"real_estate","lasso_cv",13,4.80480131173494,-0.233884380218467,-0.00412809650826543,1.26396885257077,223.94807821156,8.99456259231868
"real_estate","lasso_cv",14,5.67717817444105,-0.302872571801232,-0.00507413903226688,0.64391394351315,245.243193860567,0
"real_estate","lasso_cv",15,4.38220770507008,-0.249099314596594,-0.00387456187233791,1.30609852207935,234.499289475778,0
"real_estate","lasso_cv",16,7.44341621033081,-0.263146589468522,-0.00484284263000377,0.765553797151489,228.315528111147,0
"real_estate","lasso_cv",17,6.985496823821,-0.237418647844249,-0.00401454925821971,1.48979486264282,234.630019000459,0
"real_estate","lasso_cv",18,3.44106688333909,-0.284651307366636,-0.00438850908668892,0.84301821092528,279.755620637602,0
"real_estate","lasso_cv",19,5.42978942697332,-0.239795498803995,-0.00527079936458726,0.778529100723436,167.965589433346,0
"real_estate","lasso_cv",20,2.40050269058184,-0.257807821539986,-0.00401211809414204,1.16006988934926,251.100387596272,0
"real_estate","lasso_cv",21,2.73552845045772,-0.259458779640799,-0.00357860740834733,1.28286218682944,264.261627244229,9.41996225289616
"real_estate","lasso_cv",22,3.62990522771555,-0.292146747810888,-0.00374518128960811,1.09235325883785,285.964574726337,21.8907664498695
"real_estate","lasso_cv",23,5.22769853199262,-0.261799967775967,-0.00400278973769266,1.40982703857761,179.619759904705,0
"real_estate","lasso_cv",24,4.39397355157757,-0.260056168298154,-0.00391240178672986,1.17673170592276,205.177581791844,36.0650450446525
"real_estate","lasso_cv",25,4.95702199170229,-0.164169236174043,-0.00428074958062824,1.21811942472611,191.960031341813,0
"real_estate","lasso_cv",26,4.30390202399215,-0.274173822038655,-0.00484532077823655,0.820087257223007,184.676651416461,0
"real_estate","lasso_cv",27,5.63663648435748,-0.273695128104574,-0.00496350698083745,1.13250516286975,176.731660031857,-63.5304657420728
"real_estate","lasso_cv",28,6.06071650544864,-0.261669869546258,-0.00449269258732125,0.903292930663361,191.981021760979,0
"real_estate","lasso_cv",29,4.95326871768367,-0.347948639766038,-0.00459450381416344,1.00417535516521,275.178238764624,0
"real_estate","lasso_cv",30,5.16597995719398,-0.259853392371862,-0.00358709994691396,1.38594993368296,194.541134736017,74.7747690812309
"real_estate","lasso_cv",31,6.43030778999832,-0.247789707724289,-0.00442243878369609,1.08464597335817,261.179422938411,24.6434383308985
"real_estate","lasso_cv",32,4.26189717499349,-0.25104447784956,-0.00421507864811985,1.29316618917292,179.750112016642,0
"real_estate","lasso_cv",33,4.62774749655877,-0.246266906014215,-0.00397220039173969,1.1726124092575,217.767549794316,0
"real_estate","lasso_cv",34,5.58179941363558,-0.275423036009258,-0.00440887177499796,1.00837059401396,224.364147357234,0
"real_estate","lasso_cv",35,5.86052577218695,-0.237467025137225,-0.0049764913032759,0.942267464677321,340.642419666105,-61.3537659415217
"real_estate","lasso_cv",36,4.28386789280016,-0.298773350139253,-0.00571416346140225,0.921404296654655,131.862492360782,-79.0489484579335
"real_estate","lasso_cv",37,3.31541015196148,-0.249852114102032,-0.00325995949247507,1.67660942652022,229.485608163352,40.6647326613611
"real_estate","lasso_cv",38,3.19090183927727,-0.313323667823877,-0.00435160037703567,1.02394548906731,233.382801836479,0
"real_estate","lasso_cv",39,6.44793333325878,-0.217729999536882,-0.00448163814809749,1.19596987846908,174.163335727752,0
"real_estate","lasso_cv",40,5.80755487544181,-0.261121437324168,-0.00569006789368567,0.843610145294452,194.801540675781,-70.010250581894
"real_estate","lasso_cv",41,3.10001383091672,-0.276039658578654,-0.00353277936124532,1.33599932688633,194.129971506129,48.6804607313223
"real_estate","lasso_cv",42,6.26383778494515,-0.282842067438651,-0.00439099732154854,0.864944785834159,317.234348052783,0.957146848868928
"real_estate","lasso_cv",43,5.49954942274915,-0.249390893827894,-0.00433672331924486,0.900065116461765,238.164358138534,0
"real_estate","lasso_cv",44,5.55469452085012,-0.235664931862172,-0.00449054532932064,1.2602252892305,74.201431770736,0
"real_estate","lasso_cv",45,1.46807916229121,-0.294795248361585,-0.00364034528999339,1.25655345789315,276.101996298328,16.2491923860969
"real_estate","lasso_cv",46,5.52401353289321,-0.258604458724135,-0.00330096138665355,1.26769110637803,192.111248065577,26.8523208258684
"real_estate","lasso_cv",47,4.60363216643979,-0.231617951847864,-0.00482066352313711,0.993398905877257,209.932790126685,0
"real_estate","lasso_cv",48,4.26227911140434,-0.291845121719323,-0.00453019119649918,0.911241142016804,227.878858757203,0
"real_estate","lasso_cv",49,5.33929209414967,-0.244149554559393,-0.00217670472186312,1.304918188953,334.583729931599,120.741437714351
"real_estate","lasso_cv",50,2.48106562025172,-0.310386327687049,-0.0042678087979828,1.03387388243908,231.145828971237,0
"real_estate","lasso_cv",51,3.73546535146433,-0.310510412919976,-0.00403939542997498,1.17182948093245,219.441987025702,29.4341044326881
"real_estate","lasso_cv",52,5.33579820762515,-0.294835307825335,-0.00441004133248912,1.02911872322515,213.278134649165,0
"real_estate","lasso_cv",53,3.79546220860011,-0.287313517989351,-0.00506793660901225,0.499269211119063,211.763884698852,0
"real_estate","lasso_cv",54,4.74415288005289,-0.261252917048914,-0.00387303543601732,1.38252273430774,216.938715715737,23.4802965317447
"real_estate","lasso_cv",55,3.08740782402717,-0.216063799679925,-0.00402638993399793,1.07035023719337,283.710933381871,28.0760747951265
"real_estate","lasso_cv",56,7.31590568539352,-0.215558749823544,-0.0043357599551456,0.978540015966774,233.880372940221,0
"real_estate","lasso_cv",57,1.5697098389089,-0.305346104961352,-0.00267950303063561,1.27416275046617,328.142248324229,35.4766406901719
"real_estate","lasso_cv",58,6.93513504933094,-0.206506837433258,-0.00524326907594441,0.944786039787613,184.434533596798,-35.1936699178983
"real_estate","lasso_cv",59,4.07485286070595,-0.227874870354159,-0.00425117904022309,1.10026943852245,207.908696496115,0
"real_estate","lasso_cv",60,2.8819398075484,-0.281346006672806,-0.00411899310612359,1.11853102282872,135.293087782534,0
"real_estate","lasso_cv",61,5.1073595102101,-0.29509863038071,-0.00453025849794298,0.613619633998745,316.909385321111,0
"real_estate","lasso_cv",62,4.85839577290883,-0.331142229119674,-0.00377124932904403,1.19948818214657,196.318458645513,40.7706592517028
"real_estate","lasso_cv",63,2.52003897235962,-0.24994696085845,-0.00438627900674702,1.31313519137118,191.387345601455,0
"real_estate","lasso_cv",64,4.32011860011234,-0.257291759097491,-0.00337749188562452,1.15309834143745,272.523627987097,19.7507094415584
"real_estate","lasso_cv",65,4.89925108511345,-0.204502327128919,-0.00298495058318124,1.48943759919252,207.57322147028,91.3993002098441
"real_estate","lasso_cv",66,4.46031920923364,-0.252997737019394,-0.00348773977306472,1.43529825915341,272.806503633405,47.9304658195674
"real_estate","lasso_cv",67,3.61723863461866,-0.235133336593448,-0.00418151197974748,1.19451755190984,203.597038957935,0
"real_estate","lasso_cv",68,4.59524239882574,-0.212509948448241,-0.00440125880431206,1.05407091475864,132.312439710095,0
"real_estate","lasso_cv",69,5.71679892858283,-0.260168563030735,-0.00479852416515564,0.889923334287317,196.050919938605,0
"real_estate","lasso_cv",70,3.46802927619493,-0.226852086440904,-0.00463051812496987,1.0669060334896,108.529881876457,23.3024850528122
"real_estate","lasso_cv",71,3.01807115836894,-0.201231179485666,-0.00542501874368572,0.856989887834491,165.554290286609,0
"real_estate","lasso_cv",72,3.72819613520341,-0.294421584681069,-0.00429907645199738,1.40547159378534,225.748134804902,0.423241992887696
"real_estate","lasso_cv",73,5.24583685069041,-0.356022500350742,-0.0034849822156821,1.18243791333379,216.402147691379,14.6927931584095
"real_estate","lasso_cv",74,3.30887783921557,-0.287398439045132,-0.0033864381503722,1.48812546932449,198.38650949188,49.7958511165966
"real_estate","lasso_cv",75,6.41296138840725,-0.263433106984464,-0.00379563576160763,1.51720741615873,146.850186467254,8.33660193313024
"real_estate","lasso_cv",76,4.8818776231079,-0.213228965948327,-0.0033978617926928,1.23469462700761,212.512340593395,69.8909251875151
"real_estate","lasso_cv",77,6.9335272757997,-0.318141872843872,-0.00471907180028837,0.741683181726753,252.175331081992,-26.4149184201852
"real_estate","lasso_cv",78,4.78529735133305,-0.220617650997829,-0.00371836931868404,1.55405177476567,177.208701952089,34.479192579638
"real_estate","lasso_cv",79,3.75492523232352,-0.24375092343068,-0.00437645821883125,1.37492617712383,169.831269768763,0
"real_estate","lasso_cv",80,2.3202188458087,-0.175336197505834,-0.00436929462737804,1.03174681095761,222.335763405762,0
"real_estate","lasso_cv",81,7.41935406350135,-0.228704887312713,-0.00500601829437603,0.958480346905377,231.656289639388,7.00774285549819
"real_estate","lasso_cv",82,2.76284355304151,-0.265698048891245,-0.00534893835250305,0.789169861012517,236.607866144662,0
"real_estate","lasso_cv",83,3.95602929496841,-0.271513806567256,-0.0049726822677294,1.28957366443843,245.252234428739,-117.554789196298
"real_estate","lasso_cv",84,4.47092368411855,-0.247801276778186,-0.00435016645750636,1.20397228705109,225.19959172478,0
"real_estate","lasso_cv",85,3.58139333699769,-0.209733657246572,-0.00363153759252713,1.26294567308394,268.185357842642,0
"real_estate","lasso_cv",86,4.94288725217184,-0.243050667855402,-0.00403014134405961,1.29552312030115,273.461511840889,30.1341455966884
"real_estate","lasso_cv",87,8.8798807391921,-0.212688400651505,-0.00471540653059866,1.06045612668417,141.979881560866,0
"real_estate","lasso_cv",88,6.38608691133055,-0.222669476684351,-0.00557822611194885,0.995470543364976,204.447013552651,-88.0483830101621
"real_estate","lasso_cv",89,5.39998107778629,-0.249510196921423,-0.00333417968222976,1.45621420160805,177.605910612226,62.1186485523865
"real_estate","lasso_cv",90,2.790057191717,-0.364411726177288,-0.00418727574216051,1.04636630267134,292.849013306755,26.5285380568334
"real_estate","lasso_cv",91,5.16795504419716,-0.227745943830109,-0.00472962727199025,1.14859130589769,165.244078704223,-47.9933393722621
"real_estate","lasso_cv",92,4.63906360543384,-0.205310710699977,-0.00414517131416913,1.0729813259668,217.073988711253,12.6920060892721
"real_estate","lasso_cv",93,5.07312127157602,-0.266855582052072,-0.00395963562268272,1.30351944084911,254.169882713415,10.3496144486135
"real_estate","lasso_cv",94,5.1737353555123,-0.211154188469369,-0.00434173937569588,1.12675357861796,192.370921218355,0
"real_estate","lasso_cv",95,4.59122847151681,-0.212635887567947,-0.00395283258319194,1.13687115495965,218.44063045991,0
"real_estate","lasso_cv",96,4.38803670857277,-0.286129514898028,-0.00446444375775477,1.00917025039536,206.571541003736,0
"real_estate","lasso_cv",97,5.79134570359203,-0.245808889645963,-0.00387220097764482,1.14777627306062,323.380067506713,0
"real_estate","lasso_cv",98,4.32763662930074,-0.281612027284239,-0.00556670712713077,0.909170829026404,240.309112754208,-33.6223915378241
"real_estate","lasso_cv",99,3.62263094431813,-0.256750143585241,-0.00414808064219589,0.949841267761949,269.581944455287,0
"real_estate","lasso_cv",100,5.10409929587716,-0.235115665451978,-0.00413645101808953,1.09467180186071,237.254395191408,7.8149788442251
"real_estate","unireg",1,3.84366005889787,-0.223594074260718,-0.00462217310113808,1.02569186563193,256.453558730001,0
"real_estate","unireg",2,6.92546042893352,-0.157245248441427,-0.00438220855484941,1.08228091787935,219.12123337869,0
"real_estate","unireg",3,1.57276241315163,-0.192333024538467,-0.00423530406144768,1.37555904831019,192.794747571129,0
"real_estate","unireg",4,2.6091239453508,-0.217101095422068,-0.00434999927094604,1.05968629201607,182.222590840588,18.4141373380844
"real_estate","unireg",5,4.08843710530807,-0.198200561018561,-0.00438189759653104,0.987972201559038,178.566352365394,2.94276075314993
"real_estate","unireg",6,0,-0.212240346562976,-0.0040923307970114,1.26608658119559,164.959396795226,4.03467823072667
"real_estate","unireg",7,2.91498753830004,-0.278256587271818,-0.00470103378678944,1.01143377892518,165.061808969632,0
"real_estate","unireg",8,0.487943766055768,-0.280730595424186,-0.0044626021523222,1.28103114669178,263.763695672738,0
"real_estate","unireg",9,0.124376696609983,-0.227339630424215,-0.00441650918562042,0.968157030559835,313.05751275619,0
"real_estate","unireg",10,0,-0.192947107298764,-0.00418971592610748,1.03377706653129,179.545640519679,0
"real_estate","unireg",11,0,-0.300703889268945,-0.00437738898272172,1.26868655047984,212.42819393298,24.9568596919908
"real_estate","unireg",12,4.27295823493417,-0.218395794394998,-0.0049435434029113,1.28384819051917,171.434886066345,25.8219234878291
"real_estate","unireg",13,0,-0.216420623983812,-0.00385516854172316,1.3068331498769,233.278878000469,12.6009428734221
"real_estate","unireg",14,5.12351044739267,-0.296398916265433,-0.00520832342613869,0.662861367354323,252.646365012787,0
"real_estate","unireg",15,1.83077429162428,-0.230303928358288,-0.00386197462208158,1.33531049259181,245.028044712272,0
"real_estate","unireg",16,6.38218281979368,-0.245582096660382,-0.0049876835607314,0.787979690975099,235.638506845836,0
"real_estate","unireg",17,4.97862459851269,-0.217882309982757,-0.0040765600647398,1.51552711179116,242.630160475043,0
"real_estate","unireg",18,0,-0.2789701589669,-0.00430057705350649,0.863595079882285,295.894248379833,0
"real_estate","unireg",19,5.30318129879041,-0.241333294224846,-0.00544401944006404,0.829850100581307,180.041053702233,0
"real_estate","unireg",20,0.393909737534198,-0.234072857754759,-0.00406273960825648,1.18571804188675,247.199652355371,0
"real_estate","unireg",21,0.299767463151994,-0.239604127376744,-0.00365243020330809,1.28353789363769,272.601231277103,7.83960790000351
"real_estate","unireg",22,1.24773449862582,-0.271104675109778,-0.00369637929633867,1.0982758558206,295.167241031611,26.2617734254247
"real_estate","unireg",23,3.07234139163766,-0.245070767565651,-0.00404145363910783,1.44620311644889,187.462341533978,0
"real_estate","unireg",24,2.93551813559354,-0.242890231444796,-0.00402419251561499,1.18932882656499,201.680709815348,35.3039780668489
"real_estate","unireg",25,3.62080967571723,-0.132590748949915,-0.00429522031380393,1.25613646537126,194.013781814469,0
"real_estate","unireg",26,0.610858730950641,-0.264276074101154,-0.00474694540932134,0.87778370212121,198.382402593037,0
"real_estate","unireg",27,4.24180912545091,-0.229934488236465,-0.00435944213034185,1.1261628612781,182.212747017921,0
"real_estate","unireg",28,5.47737548306235,-0.252818409517736,-0.00461187689733112,0.924904997055813,192.749183009383,0
"real_estate","unireg",29,2.56135117080041,-0.331034096530948,-0.00458704535051855,1.0532372842893,290.021105121979,0
"real_estate","unireg",30,4.13371448075328,-0.245944801356416,-0.00361077610641068,1.42375374160523,194.322331665374,74.9081493173999
"real_estate","unireg",31,4.87040567465324,-0.205226413380596,-0.00451973099796241,1.06731406596558,261.638419408908,22.8481749759285
"real_estate","unireg",32,2.77241795091373,-0.238067979800482,-0.00428126633900384,1.32858098551882,182.423868083701,0
"real_estate","unireg",33,2.87634419035147,-0.249182345073676,-0.00405394114495689,1.21608782513846,231.783791420332,0
"real_estate","unireg",34,4.18356104837873,-0.268755370320765,-0.00450863503795906,1.02870906135832,232.953203524321,0
"real_estate","unireg",35,3.12995673274809,-0.19355974488387,-0.00429003703814439,0.973133599683747,355.923232955602,0
"real_estate","unireg",36,2.87175033070702,-0.287129589321076,-0.00484867405563649,0.959195859435194,145.088629579986,0
"real_estate","unireg",37,1.61502454077431,-0.220267749021593,-0.0033247781630157,1.68137214557168,237.034979658849,39.8204725961894
"real_estate","unireg",38,1.75415630448484,-0.319715555918566,-0.00441623128298479,1.07256312642351,245.294527227956,0
"real_estate","unireg",39,5.58194819354346,-0.206830845002328,-0.00455200850897701,1.24538091053161,181.556790381196,0
"real_estate","unireg",40,2.98738346616572,-0.243146230972788,-0.00489639131119136,0.869475950905234,207.511484996706,0
"real_estate","unireg",41,0,-0.256648412692994,-0.0035030738667217,1.34715710202202,188.584185967458,49.9405292433258
"real_estate","unireg",42,5.41529028050283,-0.252310661613116,-0.00442844112874892,0.860039597556611,317.705409770184,4.90785644844254
"real_estate","unireg",43,3.18575419814582,-0.231808320145595,-0.0043838047790472,0.936014923200268,238.080894846226,0
"real_estate","unireg",44,5.26126148741614,-0.228676726717436,-0.00462242827179788,1.29363213371614,74.4578986369826,0
"real_estate","unireg",45,0,-0.272810413177542,-0.00369050879503975,1.26829416531322,276.373886601732,13.691672643568
"real_estate","unireg",46,4.74857224637462,-0.237570195750671,-0.00345508440257951,1.2772334759925,187.040769394193,22.4433828975615
"real_estate","unireg",47,3.39112671946622,-0.209270167210284,-0.00501227719422063,0.99636405585478,221.594033025157,0
"real_estate","unireg",48,2.63388529500353,-0.279341467633876,-0.00458453361663379,0.92930431031972,239.716674404003,0
"real_estate","unireg",49,4.75340821777705,-0.223519529355286,-0.0022184747708356,1.33692138785995,335.718073105234,123.724907821566
"real_estate","unireg",50,1.43567346226813,-0.311606557106857,-0.00432280361066428,1.07083181532493,236.749404384942,0
"real_estate","unireg",51,2.27992420655321,-0.306454184440782,-0.00403144662770294,1.2200730935479,221.906685645341,30.9742889589345
"real_estate","unireg",52,1.16236632304125,-0.286463053488411,-0.00433703952760594,1.0192651026274,222.758557178476,0
"real_estate","unireg",53,0.920486666612796,-0.289696442764268,-0.00506365073527708,0.545539479937161,226.53652633598,0
"real_estate","unireg",54,3.20659257470943,-0.230541854269104,-0.00383018354436629,1.4014653043086,213.9294359087,31.3383146496803
"real_estate","unireg",55,2.39565973665092,-0.182579132941481,-0.00413921604999475,1.07436121450265,284.340479454952,26.5412004428216
"real_estate","unireg",56,7.44660335271835,-0.212804250463728,-0.00447657360757552,1.02105045565813,243.206817447755,0
"real_estate","unireg",57,0,-0.291649692654284,-0.00264268929751933,1.29790581246843,331.575875702001,36.2063344874246
"real_estate","unireg",58,0,-0.15116038760317,-0.00445558387019573,1.03845939903801,184.177945410635,0
"real_estate","unireg",59,3.1740616918455,-0.215332071340346,-0.00428079563814799,1.14855027651372,215.023293186087,0
"real_estate","unireg",60,0,-0.277986255587688,-0.00406074061452537,1.18658527366427,144.979273778471,0
"real_estate","unireg",61,4.96447371633932,-0.311375798597051,-0.00462009944070643,0.666859207738776,339.686148852147,0
"real_estate","unireg",62,2.06396542682207,-0.316355997633217,-0.00385764284870239,1.24087906838814,185.0827763043,35.4979469098108
"real_estate","unireg",63,0,-0.240497289308368,-0.00441807691591398,1.3261194771874,199.685368091743,0
"real_estate","unireg",64,2.00350795640555,-0.240915326564948,-0.00337636505248891,1.19314715996142,267.169600759871,20.9901015877329
"real_estate","unireg",65,2.97985639640698,-0.177990373759587,-0.00301321052936134,1.5084365452296,209.930134864933,94.9691596195024
"real_estate","unireg",66,3.22268173330627,-0.226803671223302,-0.00345919905096015,1.46088872568909,275.919931131335,51.4420616256574
"real_estate","unireg",67,1.62172256724759,-0.215503474056216,-0.00420059954430602,1.19956731327057,205.795287725761,4.05677865349502
"real_estate","unireg",68,2.66195023603637,-0.194303131211044,-0.00445961012859906,1.07396769377954,140.76249716856,0
"real_estate","unireg",69,5.15175838369366,-0.254638529780774,-0.00491341250476246,0.9318383193827,203.914451222117,0
"real_estate","unireg",70,1.78169301639021,-0.201989238826527,-0.00474864392712819,1.07334961678555,102.278198379964,24.1696149763924
"real_estate","unireg",71,0,-0.18898193936505,-0.00547176184696175,0.896089487700967,176.437721445869,0
"real_estate","unireg",72,1.87662975306897,-0.273003946662789,-0.00424213438936209,1.43853982441427,230.286818354376,7.56383841614814
"real_estate","unireg",73,3.52653195668962,-0.347950070489157,-0.00339125141616689,1.21255801117065,222.970811563803,23.7535290007624
"real_estate","unireg",74,1.80362717246048,-0.270717803458902,-0.00345086494445501,1.51400997474784,197.385132864721,47.5392577776348
"real_estate","unireg",75,5.25597082813637,-0.239489432067168,-0.00395719745835163,1.53262471554898,140.955789777875,6.43648992408931
"real_estate","unireg",76,2.99311140283563,-0.179597395705214,-0.00349776051561415,1.23457039685705,212.033966746206,74.5005243008009
"real_estate","unireg",77,6.05337604768053,-0.309947117346335,-0.00457796446151557,0.753771826247631,259.293885366951,0
"real_estate","unireg",78,1.46536836373093,-0.168651446323039,-0.00354047617554235,1.61900647396074,173.632899307542,39.2807097351679
"real_estate","unireg",79,2.47358546807062,-0.23201439107835,-0.00443485222748104,1.41164695159981,173.300116729213,0
"real_estate","unireg",80,0,-0.147262151383223,-0.0044431935628924,1.02252660033693,224.615226954082,0
"real_estate","unireg",81,6.39333631507806,-0.19815167303124,-0.00507266506740791,0.956978852300679,236.200435781544,11.169144816881
"real_estate","unireg",82,1.71673920559264,-0.25262442282995,-0.00548293642142579,0.806106948973757,244.804805420178,0
"real_estate","unireg",83,1.24625772772541,-0.246733152566782,-0.00371827572456117,1.3460225585149,255.900017287081,0
"real_estate","unireg",84,3.02831582796282,-0.227373805646556,-0.00446374907505276,1.2415637206777,230.127746248183,0
"real_estate","unireg",85,0.929444107137388,-0.171795882116224,-0.00372592000396898,1.26496230641447,277.932335751475,0
"real_estate","unireg",86,2.29290470147605,-0.225994288503033,-0.00395666088734008,1.32103109066628,275.660388998833,38.1547654865123
"real_estate","unireg",87,8.21506149223764,-0.183203188551561,-0.00489443037264813,1.09674598747103,138.377537143318,0
"real_estate","unireg",88,0,-0.154105072269595,-0.00443265850092619,0.976222053582385,212.979448141987,0
"real_estate","unireg",89,4.61000473814887,-0.231610758263208,-0.0034686375635873,1.48189035235965,170.383043079916,58.8683766688478
"real_estate","unireg",90,2.55969525805189,-0.373180605275112,-0.00414275433444281,1.1013564952876,306.658890458142,35.7868295254358
"real_estate","unireg",91,2.98552877616309,-0.201108185999233,-0.00427963517644118,1.17744471759557,164.411451180436,0
"real_estate","unireg",92,0.731195995489753,-0.152231064508545,-0.00420104995150581,1.06684993758493,210.604905635122,12.5317195397613
"real_estate","unireg",93,3.27477790537626,-0.249648137421082,-0.00401393046471535,1.30433510696445,262.732050151591,13.9601637441728
"real_estate","unireg",94,3.73964307880281,-0.201063068074942,-0.00439522240567424,1.17911124393562,194.753029219532,0
"real_estate","unireg",95,2.47107694006445,-0.193654922187872,-0.00402525379722103,1.16228742151038,222.75089270077,0
"real_estate","unireg",96,3.5084229251476,-0.286576277984382,-0.00456993227912145,1.05920681830421,211.84433260898,0
"real_estate","unireg",97,5.36433108146203,-0.232085992337275,-0.00397606381791297,1.17957328714097,336.209714830176,0
"real_estate","unireg",98,2.09190874572422,-0.252877816071079,-0.00525719108335393,0.923618970225607,246.275837908472,0
"real_estate","unireg",99,1.34805800229383,-0.249488504685123,-0.00420520666608633,0.978427649161673,284.23233486151,0
"real_estate","unireg",100,3.05905939531262,-0.199018764865798,-0.00421114158664587,1.08895525975464,234.588798366193,8.22789650054017
"real_estate","least_squares",1,6.56931810155765,-0.248872392618595,-0.00492487290438367,1.03643069233764,254.59732902188,-33.6668179446544
"real_estate","least_squares",2,7.87863745952821,-0.198651800680282,-0.0051090849830318,1.07045065991814,216.812219746233,-76.9479905741835
"real_estate","least_squares",3,3.76604039635676,-0.223326202892941,-0.00427959304715017,1.36485766152455,191.250368169627,-7.10049606010403
"real_estate","least_squares",4,3.72306142641535,-0.240713476659095,-0.00427188269548133,1.04742902951343,182.920849120881,21.8097160842381
"real_estate","least_squares",5,5.48707363061568,-0.222007329691923,-0.00425468863753449,0.982243553071304,180.077141562405,9.05531030263645
"real_estate","least_squares",6,2.7114209520811,-0.241239379485817,-0.00413938226659946,1.25705795109386,165.583566381404,3.20450666367698
"real_estate","least_squares",7,6.4713585998091,-0.305781590675349,-0.00583476347259817,1.0046674723518,163.895271040407,-106.079540981545
"real_estate","least_squares",8,3.14243826496438,-0.30724141153142,-0.00487036369103888,1.2811553322817,256.269831448404,-38.9840149619772
"real_estate","least_squares",9,4.20648158317404,-0.265565498841731,-0.00509546634421295,0.976248491595799,297.777663376909,-55.3372965518061
"real_estate","least_squares",10,6.123505787524,-0.234262870001833,-0.00423762442757317,1.04321242902474,189.905083581691,6.95067933136029
"real_estate","least_squares",11,2.19578042653593,-0.319275950702701,-0.00437882095012255,1.23784695211274,213.971758504467,29.2757336159429
"real_estate","least_squares",12,5.72743818601593,-0.256913956292625,-0.00478581614737706,1.28741007500683,174.740948774875,30.5892830431872
"real_estate","least_squares",13,5.29631043474126,-0.244956823047464,-0.00410320610550631,1.289008239171,230.941391300553,15.1939967892917
"real_estate","least_squares",14,6.5007752810234,-0.321689907791133,-0.00574173064927547,0.665197990099638,248.828823719436,-54.1642051525131
"real_estate","least_squares",15,4.8251541174263,-0.263435557700059,-0.00423871584472459,1.31713913253136,236.448272575419,-29.5697673018345
"real_estate","least_squares",16,8.14867014868094,-0.28463804561805,-0.00529063472520043,0.79082367553556,232.221838715264,-38.0861971707336
"real_estate","least_squares",17,7.24607534361419,-0.243273010708729,-0.00403777610601994,1.50366545691524,237.0830633577,-0.283523807418221
"real_estate","least_squares",18,4.20791374607249,-0.303790571682068,-0.00464820527034438,0.88062668910364,285.135428276526,-17.1320419973804
"real_estate","least_squares",19,6.54780303935225,-0.273933427304038,-0.00589931413897641,0.810271689988348,175.54546692862,-50.545497993438
"real_estate","least_squares",20,2.64605834682229,-0.264711584340123,-0.00404352208739678,1.17342113099098,254.703944750664,-0.95105419862075
"real_estate","least_squares",21,3.12788445527158,-0.270047525347022,-0.00353958292345421,1.3129739343722,268.898390796857,14.7063302653559
"real_estate","least_squares",22,3.74891734930684,-0.295755182280697,-0.00372898581931914,1.10015917697792,288.26450123128,23.59922932677
"real_estate","least_squares",23,5.60811694062652,-0.271115586603349,-0.0041789006901886,1.42738882152317,181.455251144062,-14.7359708736781
"real_estate","least_squares",24,4.51865564921155,-0.263247361465728,-0.00390034943662592,1.18451654622486,207.258658377839,37.5940787372076
"real_estate","least_squares",25,5.25741950979338,-0.172110897227437,-0.00439131119964,1.22937787961876,194.296763205751,-6.84952803774723
"real_estate","least_squares",26,5.11339991767002,-0.293124901819227,-0.00555322463410467,0.85145695765371,189.294849859267,-61.2995663525046
"real_estate","least_squares",27,5.69109365934829,-0.275891624055488,-0.00504843810069356,1.13554347686503,176.479677541461,-70.7323158613674
"real_estate","least_squares",28,6.39938210670757,-0.271489997572444,-0.00463689609029084,0.920662418314498,194.635760781714,-11.4592293613901
"real_estate","least_squares",29,5.63587726711408,-0.366535345332686,-0.00473384282707185,1.03457073282324,280.259819920193,-5.51824706891476
"real_estate","least_squares",30,5.29685695374424,-0.263053360821651,-0.00357829250329201,1.39132105300584,196.520467883558,76.7720960458632
"real_estate","least_squares",31,6.5601633201423,-0.251484811642598,-0.00440842612999863,1.09364365680778,263.249966526585,26.5200795900115
"real_estate","least_squares",32,4.68035085062528,-0.260690843453331,-0.00445264105457625,1.30897712452065,180.700224107557,-17.7916179913294
"real_estate","least_squares",33,5.46478354082501,-0.267018753500459,-0.00442053591918769,1.19975950427062,224.472025751824,-32.3403139509369
"real_estate","least_squares",34,6.48219268433692,-0.293217540082641,-0.00494978951003648,1.04199507325242,228.642593427189,-46.2867816204108
"real_estate","least_squares",35,6.02618036581718,-0.242176362954212,-0.00515120566651509,0.944658820612666,340.170816343707,-75.4331495718527
"real_estate","least_squares",36,4.37120856829212,-0.300505864155751,-0.0058103986073695,0.922350394553997,130.82570548174,-86.6629956845849
"real_estate","least_squares",37,3.55380768791297,-0.256578269628096,-0.00323760491906113,1.69618403583451,231.839117803883,44.0711982049311
"real_estate","least_squares",38,4.07851868025491,-0.339450760217087,-0.00512203445862104,1.05819692113133,235.612179849192,-67.8641519285331
"real_estate","least_squares",39,7.44358332177864,-0.241281515898887,-0.00508718979237452,1.20621407932882,176.561138076063,-47.3471339112754
"real_estate","least_squares",40,5.89153470621032,-0.262843018228722,-0.00577861888864149,0.845508318087565,194.589526901645,-77.257662267683
"real_estate","least_squares",41,3.24312330896881,-0.279529156027375,-0.00351080531079047,1.34363842656229,196.454998265559,51.0406492716434
"real_estate","least_squares",42,6.43309061218449,-0.28832972537938,-0.00438227588841778,0.876247395526162,320.364367990563,2.72664671345824
"real_estate","least_squares",43,6.07140532982344,-0.262895152333077,-0.0045971003904821,0.923919304211933,242.826332230728,-21.0610686391087
"real_estate","least_squares",44,6.1272561685822,-0.252781858052857,-0.00493855618642744,1.28754743284842,74.9984671429823,-38.128241013636
"real_estate","least_squares",45,1.57860819310558,-0.298338816805604,-0.00362362054710805,1.26402558399739,278.325643235026,18.1685509522412
"real_estate","least_squares",46,5.64631966743813,-0.262257614443456,-0.00327757591992172,1.27523753907069,194.492346547837,29.1954033376206
"real_estate","least_squares",47,6.00731124458174,-0.264267073782028,-0.00613165956684907,1.08511819285918,203.955285323051,-115.718308597887
"real_estate","least_squares",48,4.8593219714858,-0.311798449646359,-0.00482908816571895,0.946832363272068,231.637232714005,-21.6069317543927
"real_estate","least_squares",49,5.55088537102878,-0.250351100882574,-0.00216110522035372,1.31747830152742,338.827198616224,123.658440562257
"real_estate","least_squares",50,3.07148472442606,-0.32648233953372,-0.00468218920335558,1.04878665065666,234.922258751084,-32.7598075174732
"real_estate","least_squares",51,4.02657697536917,-0.318522530266505,-0.00403489050825857,1.18776949360758,224.485798030408,33.1403525217674
"real_estate","least_squares",52,5.73943584380198,-0.304164578871329,-0.00450476328810608,1.05092201998563,217.496074823335,-6.29698921727526
"real_estate","least_squares",53,4.74998989229506,-0.311676942320681,-0.00547612139658402,0.542341867084615,220.099257269478,-31.6399488225649
"real_estate","least_squares",54,4.86021600879503,-0.264612158340575,-0.0038670808625693,1.38950195718795,218.95269931576,24.8286150392448
"real_estate","least_squares",55,3.20596989199425,-0.219764959905156,-0.00401705719767676,1.07862826930663,285.434499562794,29.9611110876421
"real_estate","least_squares",56,8.58078363783436,-0.237806418866772,-0.00552492492524906,1.01005812349513,231.761741967926,-96.7614006794678
"real_estate","least_squares",57,1.71173996130762,-0.308607109002306,-0.00267741024764861,1.27961267703169,329.965531110939,36.750335296086
"real_estate","least_squares",58,7.01330738309024,-0.208376967531251,-0.00532573776735202,0.946743301227788,183.936303706094,-41.6618065304222
"real_estate","least_squares",59,4.55733701130156,-0.242118429646349,-0.00447286111752677,1.11574014674943,212.833926251939,-15.9428180000137
"real_estate","least_squares",60,3.75033073212628,-0.303636082958089,-0.00453838881355103,1.14925695777889,141.159555923803,-36.7696821607905
"real_estate","least_squares",61,6.55705763738961,-0.320569388345206,-0.0055167021402038,0.652222419105118,323.293816756858,-76.4209274989386
"real_estate","least_squares",62,4.98763205804454,-0.334455894154144,-0.00375360785916972,1.20559266950942,198.734794651133,42.79644608388
"real_estate","least_squares",63,3.11253733263447,-0.264943117477212,-0.00458027682097541,1.34466045768935,195.795763416611,-15.3232561512589
"real_estate","least_squares",64,4.51609928419359,-0.262401758682528,-0.00335226215338954,1.16128178541841,276.520036881391,23.2423463365318
"real_estate","least_squares",65,5.04021957828161,-0.208252988168715,-0.00297745658359646,1.49705277061886,209.523073183748,92.9066280854651
"real_estate","least_squares",66,4.57207797829371,-0.256251731512979,-0.003490654772751,1.44247171060712,274.152833704962,49.0926647306877
"real_estate","least_squares",67,3.84477475501656,-0.241022118029138,-0.00419529221105082,1.20955117780045,206.409336285527,0.00362227968439986
"real_estate","least_squares",68,5.24556296740777,-0.228542106400465,-0.00481287612925956,1.07966841112896,134.570892113469,-35.1146623346426
"real_estate","least_squares",69,6.44746876954908,-0.283568077667612,-0.00534737931335973,0.927642024229374,198.930606793125,-44.2696011644041
"real_estate","least_squares",70,3.7682435866535,-0.235500639921881,-0.00459349962620202,1.08913260622324,113.988005470353,27.1122819091292
"real_estate","least_squares",71,4.35202959637462,-0.231220716039613,-0.00638925949283633,0.914343116603113,173.481707418636,-81.3750663857551
"real_estate","least_squares",72,3.99083624228525,-0.302247898371709,-0.00428690679281613,1.42150099008793,229.339193440662,3.1502462227091
"real_estate","least_squares",73,5.37612882891807,-0.35976680714512,-0.00347840238942901,1.19073769601865,218.017065361357,15.869301967564
"real_estate","least_squares",74,3.42533168113047,-0.290602240671789,-0.00337740367376696,1.4959207947472,200.420681252713,51.5847421672785
"real_estate","least_squares",75,6.67192405809012,-0.270197443636143,-0.00375918603634902,1.53603619180274,151.400393741414,12.2974646013372
"real_estate","least_squares",76,5.29889454081488,-0.224254977736892,-0.00336362207262671,1.26418170083564,218.464375132488,74.7261749646503
"real_estate","least_squares",77,7.56235714053443,-0.335296699574798,-0.00525718940826586,0.768613529917324,252.724518729789,-74.6758245505735
"real_estate","least_squares",78,4.93618812698683,-0.224732303491449,-0.00371295792387571,1.55999120799265,179.477927491599,36.4624673725617
"real_estate","least_squares",79,4.15976935230765,-0.254180011204704,-0.00464003893951642,1.39231602555759,174.361933548197,-21.5202753573684
"real_estate","least_squares",80,2.62308796728072,-0.184131692138422,-0.00460491064513944,1.04576789543359,224.431741256796,-19.8953326844768
"real_estate","least_squares",81,7.82603925665299,-0.239564490415651,-0.00501278142703853,0.984161363315337,235.724377440902,10.9804320043728
"real_estate","least_squares",82,3.47102308502135,-0.283761989511203,-0.00581786442659468,0.826583332641369,242.239305075792,-38.7688982975952
"real_estate","least_squares",83,4.03451032517319,-0.273021956941812,-0.00506248992351379,1.29001852735724,245.174586034962,-125.107283669996
"real_estate","least_squares",84,5.11075609392821,-0.265232307742036,-0.00453576286168866,1.23794232858556,231.841428288553,-14.2936994931745
"real_estate","least_squares",85,4.43273762326426,-0.23173505100692,-0.00400117102229505,1.3006649272049,273.264599800339,-30.019289117377
"real_estate","least_squares",86,5.07852012570145,-0.24604896976954,-0.00403744174510092,1.3010609336731,275.340056976282,30.9934999640187
"real_estate","least_squares",87,9.75021365795948,-0.229332271643261,-0.00552173381794983,1.10747718520378,139.130566754687,-65.7986471140734
"real_estate","least_squares",88,6.47288768254008,-0.224813696515221,-0.00565716432484835,0.998166525644141,204.594083585252,-94.7686819231587
"real_estate","least_squares",89,5.53167160468894,-0.253168640556863,-0.00331020012551821,1.46260588512717,180.115481397293,64.5120869234599
"real_estate","least_squares",90,3.42452973764939,-0.382693652750065,-0.00412112215066122,1.08992352005279,303.485354944749,36.2727878427508
"real_estate","least_squares",91,5.24827900467609,-0.229432375090381,-0.0048111679128443,1.15084763711078,165.10471788844,-55.0136400944928
"real_estate","least_squares",92,4.77246335776871,-0.208932245384312,-0.00412994802196032,1.08132409977655,219.160794224941,14.4124362410808
"real_estate","least_squares",93,5.38215887871125,-0.274945954798918,-0.00393089151489964,1.32753772968437,258.835759078742,14.4186456472927
"real_estate","least_squares",94,5.65033706626162,-0.221525379938413,-0.00462202928123516,1.14318916973139,197.405727352157,-21.4074045512698
"real_estate","least_squares",95,5.26637419598792,-0.229189381315854,-0.00397530565420301,1.17547615472184,226.375061461101,2.36753325291271
"real_estate","least_squares",96,5.25867316054148,-0.310616471580353,-0.00511758469713723,1.0260911551997,213.512731400513,-51.8850160298361
"real_estate","least_squares",97,6.54092375040613,-0.268133509489254,-0.00454232497057111,1.16920104342238,321.286434480856,-53.7131115483568
"real_estate","least_squares",98,4.64585265745048,-0.290077212574044,-0.00581785573485543,0.91942575042695,241.584404547085,-55.1625031666013
"real_estate","least_squares",99,4.48976214393957,-0.279926492390794,-0.00469469395442807,0.998850238623751,272.813111860953,-48.9909636451314
"real_estate","least_squares",100,5.22089058418025,-0.238352250149408,-0.00413007778097836,1.10300962473715,238.996947178147,9.22724800206782
