"dataset","method","split_id","X","Y","month","day","FFMC","DMC","DC","ISI","temp","RH","wind","rain"
"forest_fires","uni_loo",1,2.7119310380755,2.90881495973256,0.594208094408249,0.75081293984109,0.67572733366097,0.109376860177984,0.0243838078181413,0.753184028072357,1.6746348001793,-0.44873730626179,0.639211618576252,-13.9813087774295
"forest_fires","uni_loo",2,2.39163863793118,2.21588976377953,1.0247661341132,0.287322359332738,1.0026856336717,0.13142344129418,0.0223767184228936,-0.0392340371044301,1.74196149017527,-0.467768764069835,0.713792188612886,-20.7167349027636
"forest_fires","uni_loo",3,3.23817733852696,4.91869253396252,0.670500236827781,0.887664778451223,0.640208792371582,0.146300608538036,0.0213847987148877,0.664246473630615,2.12682958116533,-0.514007278317182,0.562674270288671,-16.5391435406699
"forest_fires","uni_loo",4,2.57515720599146,4.68995367624213,-0.628134140414789,2.08149391149391,0.368043649292452,0.0899498422387776,0.0099767576403001,0.816971557917529,1.06260562508054,-0.263215748543571,1.60996056894425,-0.841672064602496
"forest_fires","uni_loo",5,2.76668129330254,3.23063136935857,1.14456100996728,-0.644265772769749,0.0783440113169778,0.00428302152044524,0.00591008431939429,-0.242691972213323,1.09659149405093,-0.224427821966815,1.09259067281161,-1.05017396805314
"forest_fires","uni_loo",6,2.39049796874322,2.09200602788359,-0.349058815263552,1.35899895433949,0.689494139589087,0.0790478725457395,0.00749420482383525,0.664973928713983,0.932958690470706,-0.142227661015839,1.02188857324161,-8.82722746467859
"forest_fires","uni_loo",7,-0.675713962489555,-2.78677460145906,0.245826329693332,-0.0315840738276439,-0.0776914450181228,-0.00239896387103144,0.000712969410840742,-0.298671757994745,-0.127750560275045,-0.0349656618679719,-0.0853707610072076,0.228539721527603
"forest_fires","uni_loo",8,2.26493867874077,4.06810185957305,1.06657887476837,-0.978396514881409,0.34541498708899,0.0355346448908968,0.00806496155577438,-0.218134256620977,1.2215204636362,-0.334826295076597,0.704445045675684,-1.00477999297383
"forest_fires","uni_loo",9,1.33048683512988,0.907770680791404,1.61315647190282,-0.5859577354596,0.432819683594392,0.0367082734515559,0.0109547334302937,-0.16363640810748,1.17639837764263,-0.374103063271773,-0.0755962384951303,-1.01045148316467
"forest_fires","uni_loo",10,2.20967156147418,1.99104743062095,-0.544054912831537,1.44407406831574,0.651763928555548,0.0931706590739809,0.0112640798342011,0.789468327764701,1.20251927623091,-0.279806413090679,0.425670315906215,-0.69707196941851
"forest_fires","uni_loo",11,0.998530940009447,1.39481114034151,-0.0375281686356871,0.660662355378165,0.274838882164655,0.0415909545180653,0.00500359886897837,0.0523283152372562,0.47087498025988,-0.107654357277993,-0.178977684232617,-0.890682441317181
"forest_fires","uni_loo",12,4.07712324948345,6.26830313354048,0.54388610941501,1.05335773006058,0.964472629019736,0.121312119107001,0.0223397108807315,0.404644957053402,1.7898428411899,-0.592263078253456,0.757339330198959,-20.2697228575272
"forest_fires","uni_loo",13,2.16031996848971,4.92077602235421,-0.621214493428996,2.16729939552958,0.76223945317666,0.102940391793482,0.0112478386349353,0.756929321102348,1.14708839517945,-0.295610188734992,1.0414101419703,-10.9049894346457
"forest_fires","uni_loo",14,1.78132875995994,0.447747272156373,-0.207824759350421,0.194882796123947,0.54634165243636,0.113090683258282,0.0137266567228026,0.296235155830825,1.29426042125135,-0.231367796127968,0.0425708657342669,-18.15030474532
"forest_fires","uni_loo",15,1.09782612487871,1.47105012583893,-0.634525414575087,1.48399662211325,0.432638694065417,0.129404850908073,0.013527680635392,0.680653364890569,1.08317758037124,-0.184028957226109,0.365536804450946,-7.98261973074376
"forest_fires","uni_loo",16,2.11306044666156,2.05627477119492,-0.407229168334267,1.0710811877437,0.437911328818933,0.0973776764043082,0.0119111393851896,0.339821552338945,1.27319871359523,-0.268313154731342,0.926003496271461,-1.22676368338491
"forest_fires","uni_loo",17,1.44894064386612,0.799801261965062,-0.18243344919304,2.66134901399141,0.708564861483162,0.0945693280449977,0.0132211435613936,0.556340832381991,1.03231192813191,-0.319247842294813,0.974874530460009,-0.928580237397872
"forest_fires","uni_loo",18,1.75315282748747,2.33065614414918,1.55594206065213,-0.91789694066939,0.289241585917568,0.0246787297814651,0.0122578663354173,-0.290859333504136,1.00557957696925,-0.340453628643886,0.644756820695956,-19.2648806366048
"forest_fires","uni_loo",19,1.7245908067619,1.64191226905631,1.10470118749158,-0.791739980145212,0.356927087393481,0.0515473621443046,0.0162217015960839,-0.25825148700779,1.26643592868152,-0.315137059925874,0.382888346759946,-1.08899904456205
"forest_fires","uni_loo",20,1.21084072885597,1.64711172552939,0.377828642226317,0.0994121813031166,-0.00114305554078854,0.019761665057816,0.00299847349971177,-0.340561502197541,0.209341663378636,-0.0184693503094563,0.765920836323261,-0.0589237334655497
"forest_fires","uni_loo",21,4.57693809048765,9.40680800517558,0.187390825990744,0.436382566042575,0.599657024444151,0.112821373346114,0.0202895852366467,0.487764261171691,2.12383509638504,-0.49134192898161,1.84502843015839,-22.8761514841351
"forest_fires","uni_loo",22,1.34214134259083,1.34783144688935,-0.109720983096966,1.48900905617135,0.423726184402342,0.107473637125909,0.0163943797861256,0.442567604635758,0.99735975305235,-0.298193875137079,-0.21266371414907,-0.687830713871662
"forest_fires","uni_loo",23,1.97712268249654,3.69655073571565,1.15883314259266,-1.39797158132692,0.628244421860849,0.0257725282299455,0.0118502394397012,-0.112605173222823,1.24934237813663,-0.3258041420707,0.235032416669356,-11.6528158515881
"forest_fires","uni_loo",24,2.57560642783011,4.07775825073009,1.12366192215872,-0.758457119196728,0.497491075865228,0.0221413300246291,0.00945516305827223,-0.320377634291889,0.934355690822087,-0.304553694324122,0.0258754397813309,-0.794145222202705
"forest_fires","uni_loo",25,2.56137018359208,4.87964186752705,0.668835074020888,0.309581857648807,0.669551833765962,0.083737691818997,0.017967567724041,0.701549414539648,1.70413117702146,-0.511578615362795,1.29244493773986,-24.0964192708333
"forest_fires","uni_loo",26,2.68129623500679,4.92488644009947,-0.648164851299432,1.40247029535395,0.435836273140419,0.105997961424255,0.0112211828668498,0.354680869835156,1.04528955719963,-0.265522328055876,1.21385112592521,-0.976829456170081
"forest_fires","uni_loo",27,0.73246038269332,0.925499677106873,1.70836610941956,0.0420006650278478,0.59058011987725,0.0542633086160454,0.0180889392366262,-0.228824594083638,1.26245150883329,-0.323674333202206,-0.314503696446899,-1.22655291712533
"forest_fires","uni_loo",28,4.60169640591062,7.06821637783745,0.518670701490655,-0.177106491512623,0.702711534525402,0.0826097960435885,0.0157911202901846,0.332296544026258,1.71214512386422,-0.499549799232509,1.60736909062256,-21.12431640625
"forest_fires","uni_loo",29,0.37117675092219,1.78412416107383,-0.258018379835484,0.206297888260724,0.120215548648371,0.0338301766382032,0.00252448440481945,-0.156268396932033,0.181533653925111,-0.0932050260827241,0.489093691503069,0.0308809621824896
"forest_fires","uni_loo",30,0.385522018465199,-0.538197158081703,1.94965569956688,-0.736870256800272,0.490572444795516,0.0388364880875083,0.0178890774245512,-0.209043093093891,1.28091344187077,-0.413032918364269,-0.324576084601379,-0.744543072238969
"forest_fires","uni_loo",31,1.38810953866271,2.90440544249762,-0.418704388684977,2.04756222356044,1.16029750642422,0.125857059179709,0.016002383067006,0.259605668936011,1.2701783249389,-0.331603387956422,0.458935677820391,-16.4334143968872
"forest_fires","uni_loo",32,0.768823926070996,-1.11689735828289,1.58568206851964,-0.812088998664458,0.302677868330834,0.0453291912531196,0.0158343435631541,-0.623772227400708,1.09830416378353,-0.289324180018312,-0.457318433654056,-1.26442389238977
"forest_fires","uni_loo",33,0.979675200268893,-0.643094248207677,0.14028069643605,-0.0309694011484826,0.161062410277322,0.0216216470732572,0.00305437920083698,0.0121066156122969,0.480556287125538,-0.0355713174502947,0.92920125857341,-0.593247522839261
"forest_fires","uni_loo",34,3.10419701201632,4.3888737758433,-0.58793869710401,0.842382968884995,0.836239255394024,0.0911736991053047,0.00936355400106397,0.950755549402095,1.04948228539828,-0.227379305464324,1.27841300821317,-11.1659592004945
"forest_fires","uni_loo",35,-0.166994214458238,-0.137416352253409,0.439083173162925,-0.0261144642666384,0.428395673260677,-0.000330040114372289,0.00653594533696299,0.048800459957284,0.121753410512175,-0.0922877250915699,0.165919512301176,-6.53755023068909
"forest_fires","uni_loo",36,1.64517166490153,1.93803991596639,-0.679080277642819,2.048909437874,1.00715982568358,0.138275102237467,0.0173586189862126,0.992069382575678,1.15562028077701,-0.280732614333844,0.285003155257661,-16.556857727738
"forest_fires","uni_loo",37,2.48654471777706,2.18180307857207,-0.430033022066087,1.19756896805776,0.762334445590062,0.0804286433359467,0.0101778940540817,0.69366151408167,0.720394723198542,-0.180206113594376,0.962307518103615,-0.55160142730088
"forest_fires","uni_loo",38,3.97580660005259,6.14267672864482,0.142812478304501,1.41963965315728,0.981297706137061,0.121612077647091,0.0152867497740964,0.803479382770947,1.76325067062279,-0.511366353884321,1.41468641498732,-14.8868557124097
"forest_fires","uni_loo",39,-1.01055859065826,-2.37387072678145,0.72107899028113,-0.0525423335171969,0.0932671916292658,-0.00565509794351179,0.00504976662857865,-0.254439179043368,-0.0130114761234039,-0.0310239860844091,-0.814409780022749,0.3174238195402
"forest_fires","uni_loo",40,4.3125113620308,7.30344529901114,0.516498417862623,1.78333561887348,0.571678472555485,0.0977366538834805,0.0202968110609715,0.817358269672989,1.52317561113077,-0.475811610687397,1.04865845378437,-1.10961936005752
"forest_fires","uni_loo",41,0.414423959376674,-1.31238138035764,-0.000520834905218947,-0.28252933512668,0.156155265440898,0.0249928586390047,0.000248115820081055,0.0645488787349124,0.2077414524284,-0.0325630123144041,0.829522220177644,-0.11360947695513
"forest_fires","uni_loo",42,1.42037070149807,1.43620594837262,1.08642607075659,0.0529958920187791,0.318891054157236,0.0501705548472799,0.00959880549336908,-0.467051532765303,1.2092135152211,-0.261639301111027,0.905663106544853,-13.7907560935168
"forest_fires","uni_loo",43,2.77001443695861,7.05670637989367,0.80265043624122,0.601687595639622,0.39586786342463,0.0322117157145065,0.0092824379591241,-0.176492830281252,1.21206237892962,-0.322895904648552,0.906467370062034,-9.88402907081507
"forest_fires","uni_loo",44,1.30368651481167,0.783229454027346,-0.299441836268488,-0.216787216878685,0.118569277087623,0.012597499775754,-0.00301655379033617,0.0205411495400955,0.430943577438976,-0.0501816862638436,0.97253584239449,-6.82717312436511
"forest_fires","uni_loo",45,0.963634286556604,1.24247514201073,1.57131883682643,0.95203076568943,0.302125146432822,0.0510307337373509,0.0149640237713876,-0.501212613239987,1.09901746619804,-0.375755208822303,-0.146957035852503,-1.28632301954479
"forest_fires","uni_loo",46,3.63549723642106,5.60924875386855,0.758060907048868,0.97995576193016,1.02484107162908,0.120595343753584,0.0199215507617144,0.0845070109705995,1.64469082556853,-0.50970534005226,1.04754614841133,-2.0013411268236
"forest_fires","uni_loo",47,0.702656836424957,0.28839212054887,-0.319525118807212,0.861026764628707,0.143161890818658,0.0304670644843848,0.00231523048553936,-0.0075738532554073,0.341817363648579,-0.0335329209324563,0.562564528746245,-45.0161478599222
"forest_fires","uni_loo",48,1.69035877305842,3.03207431284576,1.29759219979364,-0.702413664455223,0.291077460457762,0.0269119694102485,0.0116696860126776,-0.183089896073339,0.988239023201605,-0.334329978965835,0.690676631799373,-0.385764513919816
"forest_fires","uni_loo",49,4.2554769822346,8.36851909224692,0.240142452808876,-0.307531071329674,0.626289681971338,0.121928257071354,0.0165780231464038,0.573973360434616,1.68437166966613,-0.49867824427259,2.60858965882668,-25.9432942708333
"forest_fires","uni_loo",50,1.60152695421846,1.80044922806117,-0.139540177231838,2.05900675944994,0.686247167823455,0.116768941555746,0.0150792321197847,0.763067356051069,1.03244758216151,-0.27801010033538,-0.19228244615711,-0.827423301997346
"forest_fires","uni_loo",51,0.408838353261692,-0.338544777134153,0.00752939509409181,1.33755377383448,0.0674403857554543,0.0551637633436251,0.0051736190457223,-0.389307416465621,0.381639844171569,0.00210822505567433,0.270923438567281,-9.66128708133972
"forest_fires","uni_loo",52,3.71333712984055,5.98489937635038,0.495744040386859,1.17626664935541,0.921863135836019,0.127847400200218,0.0215188369641241,0.925704389183697,1.92923466169303,-0.572225376679122,1.14185902272477,-13.7643738209258
"forest_fires","uni_loo",53,2.28272651349413,3.36097719732919,0.622183701463725,-1.16611995853751,0.2974815598547,0.0537527873701397,0.0098784182298482,-0.3075801383398,1.17852186016249,-0.295852609548455,1.26157496736298,-1.2789290374174
"forest_fires","uni_loo",54,3.06337164946698,1.9772521655438,0.836703085924969,0.143383959229968,1.16037250815247,0.134205949983275,0.024495425611926,0.624311634241911,1.9446993282273,-0.524493182412905,0.375597446002359,-2.48634789332662
"forest_fires","uni_loo",55,0.401623939850304,0.153180641472166,1.66263387313916,0.280535120235719,0.589138381561397,0.0548597090115738,0.0179723069789327,-0.428719891600894,0.963492463375776,-0.331834374494856,-0.962696368646764,-1.46894680831875
"forest_fires","uni_loo",56,4.3677654314957,6.61797301314213,0.225527356433096,-0.0576411199473892,0.471444142885989,0.0818848306838648,0.0117115227628685,0.155080873880908,1.81777845915097,-0.435249479218644,2.05037359935319,-23.8353015363449
"forest_fires","uni_loo",57,0.714069418504605,0.958717923888837,1.21733458923318,-0.068922116791923,0.801369161492948,0.0445074537157052,0.0146811003776681,0.093540922531051,1.04797136014131,-0.429557732001039,-0.486558445697189,-1.06661471734176
"forest_fires","uni_loo",58,1.36433997266159,1.18605586592179,-0.231539304406217,1.23092539454806,0.118844016796912,0.0366672488755904,0.00160132689396894,-0.160122710980084,0.563419296971071,-0.0292324471996876,0.994852976753439,-29.8693208430913
"forest_fires","uni_loo",59,4.04199166768915,7.40826583506584,0.61586990585403,0.890099264076672,0.663094876519163,0.106070329148664,0.0214310495396803,0.235782386705369,1.96560275345608,-0.602202285679017,0.643839945672519,-1.4437516283109
"forest_fires","uni_loo",60,3.76692210909199,7.61019027287916,0.826803367067057,1.63381745455461,0.799444762979415,0.102761815246164,0.0163031509571718,0.661382438836102,1.82831935271872,-0.591139058929038,1.21373408193477,-2.16075274515623
"forest_fires","uni_loo",61,1.57957234915056,1.72693022899072,-0.355550272808352,1.8123125445281,0.522597405936351,0.12194615333567,0.0170703391231804,0.973934118560299,1.2447490094344,-0.308333481260513,0.642155981345535,-14.2974060875153
"forest_fires","uni_loo",62,1.17244820374191,1.3059481948469,-0.0740741565579986,1.36795074926028,0.192355394078182,0.0385336114143248,0.00546821957059467,0.0395299765007569,0.389161509809641,-0.136672246191466,-0.336257070581966,0.051334883439114
"forest_fires","uni_loo",63,2.12299299284296,3.19621459090223,-0.583744428129728,0.289732186244227,0.442684001454012,0.0676612615633847,0.00471385080757371,0.741170057013751,1.00237791704074,-0.169108632137144,1.4095602581747,-10.8271795239461
"forest_fires","uni_loo",64,-0.571971716309588,-2.91177524429967,0.781116996552659,0.285643940711876,0.0728564172050191,0.007159325146837,0.00252338823896889,-0.555461708474523,0.0474187518132903,-0.0102500801111932,-1.0426350255245,-7.90422679207805
"forest_fires","uni_loo",65,2.36518124855352,3.46067979283766,-0.958389371280819,1.8916832496136,0.563784242185172,0.101620978366492,0.00795064436565983,0.514562830430983,1.00187431464039,-0.202983883824985,1.51790759073784,-1.13351547487413
"forest_fires","uni_loo",66,2.75432221178584,3.59842408381788,1.33340456974337,0.193416996399807,0.727190158402546,0.105794345861838,0.0220152908850983,0.496203996387243,1.64018631841504,-0.50780174297378,0.988248987839182,-1.97423521562708
"forest_fires","uni_loo",67,2.04925095289954,2.2259698249604,-0.611289878686853,1.40775214238629,0.429738399930443,0.0830930339457459,0.0115130960876487,0.656504645174985,0.789803834937417,-0.201951012801184,0.934587500799888,-8.1382771277816
"forest_fires","uni_loo",68,0.658375066750814,0.778348924881322,-0.314935601356672,1.25409274363577,0.787185785301904,0.111648358699137,0.0162950722425677,0.372752642908356,0.884687676972667,-0.288796436417255,-0.681644858060667,-11.4419189200381
"forest_fires","uni_loo",69,1.2251174199369,0.421828502217115,-0.137988667633497,0.312606170412346,0.117809128926591,0.0309866385637179,0.00336131920812673,-0.142789894517723,0.557496130216544,-0.0258279230110271,0.423793462162499,-12.7297963816468
"forest_fires","uni_loo",70,2.85431861804223,4.10955852876752,-0.727345972772506,1.21489872206902,0.493252379603102,0.11308038890629,0.0119273062284595,0.520706470356456,1.11636125635881,-0.222300495776188,1.69886156933502,-0.899315908843933
"forest_fires","uni_loo",71,0.882175359784726,-0.438219010492267,0.197432603829105,0.677745681349515,-0.0285009214144779,0.00200328959519748,-0.000845310607420712,-0.32819668307678,0.293256097816282,0.0122588387571565,0.0343467023489582,0.0159486931268153
"forest_fires","uni_loo",72,0.821972429915959,1.58228574308207,-0.357368826009842,1.46933916083916,0.548122208362594,0.117873719788423,0.0154349928068938,0.789972221559135,0.961065642697348,-0.283323097022325,0.115529708196923,-15.8858869281592
"forest_fires","uni_loo",73,1.82487972944642,3.74190645699095,1.10021628838451,0.0762459158042797,0.329203336960122,0.0450642213614356,0.0137316661456512,-0.237128805043732,1.31119875547415,-0.366656611913245,-0.283897290433422,-1.3114911257935
"forest_fires","uni_loo",74,0.732990939147035,0.63856762823177,0.15543992847778,0.962646643919025,0.146487905803885,0.0219470122862779,0.00185691462633536,-0.00669728423878765,0.329403539768382,-0.0756833812220848,0.0453406369374435,-0.104906643508467
"forest_fires","uni_loo",75,3.37173879754679,4.39189902054961,0.572525076623014,1.0539654824554,0.710375753896909,0.141350863933656,0.024377766482974,0.433329527942142,1.71518068992896,-0.589855775011951,0.638114215771977,-1.33123161682369
"forest_fires","uni_loo",76,0.788840963287124,0.219180067189245,1.46606022430337,-1.00479650286403,0.390733936355677,0.0371718116311539,0.011261518468461,-0.214583466103413,1.14587568734693,-0.349896993185466,-0.486622058716169,-1.55125162565859
"forest_fires","uni_loo",77,0.0661820920650388,-3.08807678718643,0.882165939515053,0.268100334887386,0.107948960420612,0.00660634011265877,0.00394091246313674,-0.296549308199648,0.339907034226622,-0.0893944358974312,0.349968808668293,-8.74529095922217
"forest_fires","uni_loo",78,2.68770093024224,5.09251972318339,-0.818618215812442,1.18045798999846,0.372074576980723,0.0734453176737613,0.00821653374783878,0.444396326427703,0.763204006083055,-0.256667844514505,1.36235757655589,-11.3192002561457
"forest_fires","uni_loo",79,2.72711132448927,3.82290121120364,-0.657587766506674,1.438057453192,0.663950885305974,0.131980551837058,0.0132295964352965,0.36905455710357,1.2793873834714,-0.25352477783035,0.205114588246891,-17.6329351969504
"forest_fires","uni_loo",80,4.14942114904247,6.77911831378008,0.0590633753317733,1.30063823669553,0.957688102255825,0.116295433018841,0.0192276558243536,0.709397906414393,1.72070957334376,-0.508132942264185,0.806885372444931,-14.5541144200627
"forest_fires","uni_loo",81,-0.262820876115321,-2.39981531358214,0.383155922747051,0.0920723426916741,0.0595176945547175,0.00104697048510993,0.000496205607597639,-0.300231758530961,0.0147299010782089,-0.00603325891565912,-0.00465427452744874,-15.2647528644309
"forest_fires","uni_loo",82,-0.606972190323489,-2.30440439489351,0.281473149003309,-0.385782418952618,0.090227946409718,0.0184797862709257,0.00737762152092559,-0.193770080114974,0.191857303453475,0.00227747202052181,-0.631951515006721,-12.4735931734317
"forest_fires","uni_loo",83,3.73619113694469,7.18684402339138,0.302741273587891,0.955408268946243,0.6713132336386,0.11070909442083,0.018549191116878,0.637458277561355,1.90665306314541,-0.581895974898785,1.64894725354618,-12.9325046358187
"forest_fires","uni_loo",84,2.94884223887319,5.30126664841752,0.97533018136723,1.81656133046126,1.20331415817556,0.114553763105058,0.0245136208100331,0.266789968450337,1.85836158569499,-0.59157729753269,0.861481936194947,-2.243260746874
"forest_fires","uni_loo",85,2.67177649395198,0.863860949879256,0.798724489836422,0.0923251728547164,1.06231789692669,0.0927829864286492,0.0202772032074095,0.36827609047958,1.91541205742185,-0.46017404211633,0.260552803416398,-1.9754642387756
"forest_fires","uni_loo",86,0.443700106078007,1.99294071284701,0.432922581740485,1.25773911614242,0.212157028033976,0.0228377188950142,0.00639147002928914,0.024586948771475,0.24942509763923,-0.144028286941651,0.432738210546707,0.0652201086041262
"forest_fires","uni_loo",87,2.427673252224,2.26398954537245,-0.628789526137255,2.26153401238675,0.474550469095514,0.111652107694393,0.012588107908448,0.817214740597387,1.13895651611671,-0.268539769786472,1.14195915113151,-1.22201180855013
"forest_fires","uni_loo",88,2.65476620169003,3.92971490975975,0.268361421717222,1.52020327610026,0.735216657370476,0.159692008215384,0.0246669648715323,0.412992168643283,1.9934489865248,-0.509436434931271,0.639105299083895,-17.428661642304
"forest_fires","uni_loo",89,0.0353848064643389,0.188232390436539,-0.108690061444967,-0.0438982556305594,0.243982595333921,0.038295815723558,0.00396252017214842,0.0774862572666683,0.169882099961634,-0.0919949806731708,0.340622214635039,-7.29291453615778
"forest_fires","uni_loo",90,2.44404331625003,3.95003245537386,-0.181596106521184,1.94316750284748,0.417094325863727,0.100700552015589,0.0112558033477417,0.433212341988645,1.10160263923476,-0.309077064326966,0.703924507347423,-0.633354558229404
"forest_fires","uni_loo",91,1.62464094611636,2.53136814336396,1.57514510332296,0.737260509723548,0.415703947378047,0.0413874795847572,0.0127741902696813,-0.325427000376639,1.11160273592798,-0.403767827711286,0.369841778543327,-1.30069992764793
"forest_fires","uni_loo",92,2.51039481410937,3.60713832715089,-0.519305057487663,2.53943737402375,0.507894768021754,0.126469109710168,0.0139814096789577,0.744403612897509,1.34453186076098,-0.261107512011845,1.04699403547447,-68.9834630350195
"forest_fires","uni_loo",93,2.27594982945542,4.20173157263778,-0.159105023384708,2.69878408503989,0.498749216678606,0.124739664965609,0.0151994723932436,0.554013987513668,1.02898409888895,-0.306566077269505,0.068996641671617,-0.602377539678679
"forest_fires","uni_loo",94,1.27357847048408,2.70829826033043,1.26322899983269,0.550141025429189,0.304568779226204,0.031670306088265,0.0129623899170116,-0.180921545864817,1.01227094899227,-0.31674657857146,0.189676078613415,-0.428684100512116
"forest_fires","uni_loo",95,-0.855568691140335,-1.3317945660105,0.227065030377018,1.61147178159925,0.33053778641957,0.0595924426453878,0.00683988525533011,-0.251969750143595,0.144733143250242,-0.0340912450544457,-0.878957797157055,-7.70915067519545
"forest_fires","uni_loo",96,3.72576691451065,5.56390676586627,0.311227809947609,1.20317253153969,0.678694320147164,0.146209262938984,0.023478275624146,0.499703205724786,1.94774280333759,-0.529545674104329,0.410855990208964,-28.4642112125163
"forest_fires","uni_loo",97,1.76406210211175,4.71774658385093,1.07377025043659,-0.271092307504685,0.488769096179296,0.0416937328745059,0.0115128902365215,-0.19777092511456,1.26046972233971,-0.477488397812111,1.07924358042903,-12.8946485207101
"forest_fires","uni_loo",98,2.21811464234859,2.60096009673519,0.91903775345666,-0.128288058224534,1.04411476511352,0.118722828952529,0.0210630085003216,0.146225782153949,1.9339454296513,-0.565178214107332,0.473428273047567,-14.7589793772273
"forest_fires","uni_loo",99,1.65829860247394,1.09127950580248,-0.43926783558859,1.54684535234986,0.397823067062248,0.116694352047637,0.00924987838650512,0.513696253389621,1.10909563005372,-0.250828669396739,1.01799112816974,-0.891975718740289
"forest_fires","uni_loo",100,0.655228215767634,0.445219583272622,0.0284978480056586,0.18278893546932,-0.0122469104017855,0.0140888838189781,-0.00299899313574085,-0.324600799466785,0.326743832460192,0.0348626196336213,0.208750220491043,-0.206548889917434
"forest_fires","unilasso_loo_true",1,0,0,0,0,0,0,0,0,0.364037088521112,0,0,0
"forest_fires","unilasso_loo_true",2,0,0,0,0,0,0,0,0,0.639859767842695,0,0,0
"forest_fires","unilasso_loo_true",3,0,0,0,0,0,0,0,0,0.661370773030183,0,0,0
"forest_fires","unilasso_loo_true",4,0,0,0,0,0,0,0,0,0,0,0,0
"forest_fires","unilasso_loo_true",5,0,0,0,0,0,0,0,0,0,0,0,0
"forest_fires","unilasso_loo_true",6,0,0,0,0,0,0,0,0,0,0,0,0
"forest_fires","unilasso_loo_true",7,0,-1.21739863624545,0,0,0,0,0,0,0,0,0,0
"forest_fires","unilasso_loo_true",8,0,0,0,0,0,0,0,0,0,0,0,0
"forest_fires","unilasso_loo_true",9,0,0,0,0,0,0,0,0,0,0,0,0
"forest_fires","unilasso_loo_true",10,0,0,0,0,0,0,0,0,0.288025557727535,0,0,0
"forest_fires","unilasso_loo_true",11,0,0,0,0,0,0,0,0,0,0,0,0
"forest_fires","unilasso_loo_true",12,0,0,0,0,0,0,0,0,0,0,0,0
"forest_fires","unilasso_loo_true",13,0,0,0,0,0,0,0,0,0,0,0,0
"forest_fires","unilasso_loo_true",14,0,0,0,0,0,0,0,0,0.333015803055383,0,0,0
"forest_fires","unilasso_loo_true",15,0,0,0,0,0,0.0514389269483362,0,0,0,0,0,0
"forest_fires","unilasso_loo_true",16,0,0,0,0,0,0,0,0,0,0,0,0
"forest_fires","unilasso_loo_true",17,0,0,0,0,0,0,0,0,0,0,0,0
"forest_fires","unilasso_loo_true",18,0,0,0,0,0,0,0,0,0,0,0,0
"forest_fires","unilasso_loo_true",19,0,0,0,0,0,0,0,0,0,0,0,0
"forest_fires","unilasso_loo_true",20,0,0,0,0,0,0,0,0,0,0,0,0
"forest_fires","unilasso_loo_true",21,1.40121518954146,3.24098497068084,0,0,0,0,0,0,1.0976698121789,0,0,0
"forest_fires","unilasso_loo_true",22,0,0,0,0,0,0,0,0,0,0,0,0
"forest_fires","unilasso_loo_true",23,0,0,0,0,0,0,0,0,0,0,0,0
"forest_fires","unilasso_loo_true",24,0,0,0,0,0,0,0,0,0,0,0,0
"forest_fires","unilasso_loo_true",25,0,0,0,0,0,0,0,0,0,0,0,0
"forest_fires","unilasso_loo_true",26,0,0,0,0,0,0,0,0,0,0,0,0
"forest_fires","unilasso_loo_true",27,0,0,0,0,0,0,0,0,0,0,0,0
"forest_fires","unilasso_loo_true",28,2.66480778996734,0,0,0,0,0,0,0,0.687904805039034,0,0,0
"forest_fires","unilasso_loo_true",29,0,0,0,0,0,0,0,0,0,0,0,0
"forest_fires","unilasso_loo_true",30,0,0,0,0,0,0,0,0,0,0,0,0
"forest_fires","unilasso_loo_true",31,0,0,0,0,0,0.0417322005330861,0,0,0.0174361798162664,0,0,0
"forest_fires","unilasso_loo_true",32,0,0,0,0,0,0,0,0,0,0,0,0
"forest_fires","unilasso_loo_true",33,0,0,0,0,0,0,0,0,0.104611882476508,0,0,0
"forest_fires","unilasso_loo_true",34,0,0,0,0,0,0,0,0,0,0,0,0
"forest_fires","unilasso_loo_true",35,0,0,0,0,0,0,0,0,0,0,0,0
"forest_fires","unilasso_loo_true",36,0,0,0,0,0,0.052581213347186,0,0,0,0,0,0
"forest_fires","unilasso_loo_true",37,0,0,0,0,0,0,0,0,0,0,0,0
"forest_fires","unilasso_loo_true",38,1.5147390542167,0,0,0,0,0,0,0,0.569934004085013,0,0,0
"forest_fires","unilasso_loo_true",39,0,-0.587646352114058,0.368287075161196,0,0,0,0,0,0,0,0,0
"forest_fires","unilasso_loo_true",40,0,0,0,0,0,0,0,0,0,0,0,0
"forest_fires","unilasso_loo_true",41,0,0,0,0,0,0,0,0,0,0,0,0
"forest_fires","unilasso_loo_true",42,0,0,0,0,0,0,0,0,0,0,0,0
"forest_fires","unilasso_loo_true",43,0,1.91396930548358,0,0,0,0,0,0,0,0,0,0
"forest_fires","unilasso_loo_true",44,0,0,0,0,0,0,0,0,0,0,0,0
"forest_fires","unilasso_loo_true",45,0,0,0,0,0,0,0,0,0,0,0,0
"forest_fires","unilasso_loo_true",46,0,0,0,0,0,0,0,0,0,0,0,0
"forest_fires","unilasso_loo_true",47,0,0,0,0,0,0,0,0,0,0,0,0
"forest_fires","unilasso_loo_true",48,0,0,0,0,0,0,0,0,0,0,0,0
"forest_fires","unilasso_loo_true",49,1.12820783623633,1.79429607171278,0,0,0,0,0,0,0.552349189595273,0,0,0
"forest_fires","unilasso_loo_true",50,0,0,0,0,0,0,0,0,0,0,0,0
"forest_fires","unilasso_loo_true",51,0,0,0,0,0,0,0,0,0,0,0,0
"forest_fires","unilasso_loo_true",52,0,0,0,0,0,0,0,0,0.556634827853315,0,0,0
"forest_fires","unilasso_loo_true",53,0,0,0,0,0,0,0,0,0,0,0,0
"forest_fires","unilasso_loo_true",54,0,0,0,0,0,0,0,0,0.716868074592038,0,0,0
"forest_fires","unilasso_loo_true",55,0,0,0,0,0,0,0,0,0,0,0,0
"forest_fires","unilasso_loo_true",56,2.03071671332282,0,0,0,0,0,0,0,0.543614861435062,0,0,0
"forest_fires","unilasso_loo_true",57,0,0,0,0,0,0,0,0,0,0,0,0
"forest_fires","unilasso_loo_true",58,0,0,0,0,0,0,0,0,0,0,0,0
"forest_fires","unilasso_loo_true",59,0.86598597352851,1.95810652823146,0,0,0,0,0,0,0.840549380290131,-0.0682402316391438,0,0
"forest_fires","unilasso_loo_true",60,0,0,0,0,0,0,0,0,0.449483509285754,0,0,0
"forest_fires","unilasso_loo_true",61,0,0,0,0,0,0,0,0,0,0,0,0
"forest_fires","unilasso_loo_true",62,0,0,0,0,0,0,0,0,0,0,0,0
"forest_fires","unilasso_loo_true",63,0,0,0,0,0,0,0,0,0,0,0,0
"forest_fires","unilasso_loo_true",64,0,-1.00104265751812,0.286967405051673,0,0,0,0,0,0,0,0,0
"forest_fires","unilasso_loo_true",65,0,0,0,0,0,0,0,0,0,0,0,0
"forest_fires","unilasso_loo_true",66,0,0,0,0,0,0,0,0,0.44368743504434,0,0,0
"forest_fires","unilasso_loo_true",67,0,0,0,0,0,0,0,0,0,0,0,0
"forest_fires","unilasso_loo_true",68,0,0,0,0,0,0.0227172834468231,0,0,0,0,0,0
"forest_fires","unilasso_loo_true",69,0,0,0,0,0,0,0,0,0,0,0,0
"forest_fires","unilasso_loo_true",70,0.648031952788065,0,0,0,0,0,0,0,0.297296479225348,0,0,0
"forest_fires","unilasso_loo_true",71,0,0,0,0,0,0,0,0,0,0,0,0
"forest_fires","unilasso_loo_true",72,0,0,0,0,0,0.0376257310089428,0,0,0,0,0,0
"forest_fires","unilasso_loo_true",73,0,0,0,0,0,0,0,0,0,0,0,0
"forest_fires","unilasso_loo_true",74,0,0,0,0,0,0,0,0,0,0,0,0
"forest_fires","unilasso_loo_true",75,0,0,0,0,0,0,0,0,0.0822080048285762,0,0,0
"forest_fires","unilasso_loo_true",76,0,0,0,0,0,0,0,0,0,0,0,0
"forest_fires","unilasso_loo_true",77,0,0,0,0,0,0,0,0,0,0,0,0
"forest_fires","unilasso_loo_true",78,0,0,0,0,0,0,0,0,0,0,0,0
"forest_fires","unilasso_loo_true",79,0,0,0,0,0,0.0416185579984215,0,0,0,0,0,0
"forest_fires","unilasso_loo_true",80,1.25838703601686,0,0,0,0,0,0,0,0.338302072887673,0,0,0
"forest_fires","unilasso_loo_true",81,0,0,0,0,0,0,0,0,0,0,0,0
"forest_fires","unilasso_loo_true",82,0,0,0,0,0,0,0,0,0,0,0,0
"forest_fires","unilasso_loo_true",83,0.403645862907685,2.28473021177077,0,0,0,0,0,0,0.719373426547172,-0.109448586430475,0,0
"forest_fires","unilasso_loo_true",84,0,0,0,0,0,0,0,0,0.538220963747885,-0.0885892550087325,0,0
"forest_fires","unilasso_loo_true",85,0,0,0,0,0,0,0,0,0.790275550936246,0,0,0
"forest_fires","unilasso_loo_true",86,0,0,0,0,0,0,0,0,0,0,0,0
"forest_fires","unilasso_loo_true",87,0,0,0,0,0,0,0,0,0,0,0,0
"forest_fires","unilasso_loo_true",88,0,0,0,0,0,0,0,0,0,0,0,0
"forest_fires","unilasso_loo_true",89,0,0,0,0,0,0,0,0,0,0,0,0
"forest_fires","unilasso_loo_true",90,0,0,0,0,0,0,0,0,0,0,0,0
"forest_fires","unilasso_loo_true",91,0,0,0,0,0,0,0,0,0,0,0,0
"forest_fires","unilasso_loo_true",92,0,0,0,0,0,0.017376318039572,0,0,0.23378331784588,0,0,0
"forest_fires","unilasso_loo_true",93,0,0,0,0,0,0.0282549936410016,0,0,0,0,0,0
"forest_fires","unilasso_loo_true",94,0,0,0,0,0,0,0,0,0,0,0,0
"forest_fires","unilasso_loo_true",95,0,0,0,0,0,0,0,0,0,0,0,0
"forest_fires","unilasso_loo_true",96,0,0,0,0,0,0,0,0,0.495667791064615,0,0,0
"forest_fires","unilasso_loo_true",97,0,0,0,0,0,0,0,0,0,-0.05647496530224,0,0
"forest_fires","unilasso_loo_true",98,0,0,0,0,0,0,0,0,0.86949271283226,0,0,0
"forest_fires","unilasso_loo_true",99,0,0,0,0,0,0.00595731183287564,0,0,0.307601818936983,0,0,0
"forest_fires","unilasso_loo_true",100,0,0,0,0,0,0,0,0,0,0,0,0
"forest_fires","unilasso_loo_false",1,0,0,0,0,0,0,0,0,0.879047597529021,0,0,0
"forest_fires","unilasso_loo_false",2,0,0,0,0,0,0.00253531784486007,0,0,1.04421165829734,0,0,0
"forest_fires","unilasso_loo_false",3,1.09047529764954,0,0,0,0,0.0133938072953677,0,0,1.48102511304554,0,0,0
"forest_fires","unilasso_loo_false",4,0,0,0,0,0,0,0,0,0,0,0,0
"forest_fires","unilasso_loo_false",5,1.45033708767936,0,0.183503987543016,0,0,0,0,0,0.515258819347987,0,0,0
"forest_fires","unilasso_loo_false",6,0,0,0,0,0,0,0,0,0,0,0,0
"forest_fires","unilasso_loo_false",7,0,-2.26458392127919,0,0,0,0,0,0,0,0,0,0
"forest_fires","unilasso_loo_false",8,0,0,0,0,0,0,0,0,0.379573790299227,0,0,0
"forest_fires","unilasso_loo_false",9,0,0,0.274391352253251,0,0,0,0,0,0.172786776193008,0,0,0
"forest_fires","unilasso_loo_false",10,0,0,0,0,0,0.00982927727870976,0,0,0.402750521998833,0,0,0
"forest_fires","unilasso_loo_false",11,0,0,0,0,0,0,0,0,0,0,0,0
"forest_fires","unilasso_loo_false",12,3.30539470484488,0.690023707400659,0,0,0,0.063167652042572,0,0,0.667542399159702,-0.368632904751443,0,0
"forest_fires","unilasso_loo_false",13,0,0,0,0,0,0,0,0,0,0,0,0
"forest_fires","unilasso_loo_false",14,0,0,0,0,0,0.0183465834571842,0,0,0.317902937777353,0,0,0
"forest_fires","unilasso_loo_false",15,0,0,0,0,0,0.0973631051457323,0,0,0.119360583278743,0,0,0
"forest_fires","unilasso_loo_false",16,0,0,0,0,0,0,0,0,0,0,0,0
"forest_fires","unilasso_loo_false",17,0,0,0,0,0,0,0,0,0,0,0,0
"forest_fires","unilasso_loo_false",18,0,0,0.499408724748619,0,0,0,0,0,0.159049857195917,0,0,0
"forest_fires","unilasso_loo_false",19,0,0,0,0,0,0,0,0,0.39353076754016,0,0,0
"forest_fires","unilasso_loo_false",20,1.24951756890632,0,0.362013378182938,0,0,0.0226843074488797,0,-0.500712707620724,0.282994942830209,0,0.868039257848901,0
"forest_fires","unilasso_loo_false",21,3.29867709630652,6.02895730160196,0,0,0,0.033309174433324,0,0,1.9812385326406,-0.201278005677115,3.77582754203187,-26.2584321198355
"forest_fires","unilasso_loo_false",22,0,0,0,0,0,0.0182471354729385,0,0,0,0,0,0
"forest_fires","unilasso_loo_false",23,0,0,0,0,0,0,0,0,0.304260685516381,0,0,0
"forest_fires","unilasso_loo_false",24,0,0,0,0,0,0,0,0,0,0,0,0
"forest_fires","unilasso_loo_false",25,0,0,0,0,0,0,0,0,0,0,0,0
"forest_fires","unilasso_loo_false",26,0,0,0,0,0,0,0,0,0,0,0,0
"forest_fires","unilasso_loo_false",27,0,0,0.384997281933697,0,0,0,0,0,0.319175617862164,0,0,0
"forest_fires","unilasso_loo_false",28,3.76841694407941,2.33033876565544,0,0,0,0.00240702708711754,0,0,1.48732884113103,-0.178395181400531,1.21096779384084,0
"forest_fires","unilasso_loo_false",29,0,0,0,0,0,0,0,0,0,0,0,0
"forest_fires","unilasso_loo_false",30,0,0,0.772936776773074,0,0,0,0,0,0.320971660321499,0,0,0
"forest_fires","unilasso_loo_false",31,0,0,0,0,0,0.0811335615494521,0,0,0.262590077204954,-0.0646539123658559,0,0
"forest_fires","unilasso_loo_false",32,0,0,0.49770332649095,0,0,0,0,0,0.219383672721788,0,0,0
"forest_fires","unilasso_loo_false",33,0.804792437718488,0,0,0,0,0,0,0,0.486684263192678,0,0.888846275213549,0
"forest_fires","unilasso_loo_false",34,1.40005377688936,0,0,0,0,0.0109139276845293,0,0,0.242154975781156,0,0,0
"forest_fires","unilasso_loo_false",35,0,0,0,0,0,0,0,0,0,0,0,0
"forest_fires","unilasso_loo_false",36,0,0,0,0,0,0.0336750582809562,0,0,0,0,0,0
"forest_fires","unilasso_loo_false",37,0,0,0,0,0,0,0,0,0,0,0,0
"forest_fires","unilasso_loo_false",38,3.09784687876803,1.45476540234064,0,0,0,0.0502289193101149,0,0,0.852960698107311,-0.287446050623851,0,0
"forest_fires","unilasso_loo_false",39,-0.117265855452529,-1.5118775533764,0.5129166134915,0,0,0,0,0,0,0,0,0
"forest_fires","unilasso_loo_false",40,3.19962265721432,3.1942207521553,0,0,0,0.0241267931338518,0,0,0.816311398677287,-0.299798867913613,0,0
"forest_fires","unilasso_loo_false",41,0,0,0,0,0,0,0,0,0,0,0,0
"forest_fires","unilasso_loo_false",42,0,0,0,0,0,0,0,0,0.294487835772917,0,0,0
"forest_fires","unilasso_loo_false",43,0.244519778712015,4.52101679066702,0,0,0,0,0,0,0.687120424768286,0,0,0
"forest_fires","unilasso_loo_false",44,1.14383004866929,0,0,0,0,0,0,0,0.423998497732734,0,0.837699976290353,0
"forest_fires","unilasso_loo_false",45,0,0,0.52843233491922,0,0,0,0,0,0.235100805352115,0,0,0
"forest_fires","unilasso_loo_false",46,2.84389290114325,0.493175501403243,0,0,0,0.051411115257534,0,0,0.72938150085506,-0.280320926833633,0,0
"forest_fires","unilasso_loo_false",47,0,0,0,0,0,0,0,0,0,0,0,0
"forest_fires","unilasso_loo_false",48,0,0,0,0,0,0,0,0,0,0,0,0
"forest_fires","unilasso_loo_false",49,2.47525965853848,4.94616841440123,0,0,0,0.0762884082955598,0,0,0.761787759443819,-0.34973414657921,1.87705406048287,0
"forest_fires","unilasso_loo_false",50,1.99349873919344,0,0,1.78728730520961,0,0.121904123257079,0,0,0,-0.307989070750986,0,0
"forest_fires","unilasso_loo_false",51,0,0,0,0.546707204710402,0,0.0416927834140469,0,-0.173004512037652,0,0,0,0
"forest_fires","unilasso_loo_false",52,2.87306526570487,0.905439969219264,0,0,0,0.0599976164457062,0,0,0.947151793985308,-0.296335222429421,0,0
"forest_fires","unilasso_loo_false",53,0,0,0,0,0,0,0,0,0.200092307428017,0,0,0
"forest_fires","unilasso_loo_false",54,0,0,0,0,0,0,0,0,0.330175781198547,0,0,0
"forest_fires","unilasso_loo_false",55,0,0,1.08962318739164,0,0,0,0,0,0.452848539251963,0,0,0
"forest_fires","unilasso_loo_false",56,3.12729794030137,3.19449405525142,0,0,0,0,0,0,1.72876117211028,-0.10646938135354,2.13919733540424,0
"forest_fires","unilasso_loo_false",57,0,0,0,0,0,0,0,0,0,-0.0729313563668499,0,0
"forest_fires","unilasso_loo_false",58,0.700556330311264,0,0,0,0,0,0,0,0.278780213022361,0,0,0
"forest_fires","unilasso_loo_false",59,2.23219090549089,3.76780124794191,0,0,0,0.0162393344281309,0,0,1.18341717994432,-0.273358623007561,0,0
"forest_fires","unilasso_loo_false",60,2.12426435531632,3.69770752521674,0,0,0,0,0,0,1.30114921638764,-0.217008756003925,0,0
"forest_fires","unilasso_loo_false",61,0,0,0,0,0,0.0324670698949318,0,0,0.124673327859774,0,0,0
"forest_fires","unilasso_loo_false",62,0,0,0,0,0,0,0,0,0,0,0,0
"forest_fires","unilasso_loo_false",63,0,0,0,0,0,0,0,0,0,0,0,0
"forest_fires","unilasso_loo_false",64,0,-2.52582671060405,0.57832919639725,0,0,0,0,-0.252829183984189,0,0,-0.53851863258325,0
"forest_fires","unilasso_loo_false",65,0,0,0,0,0,0,0,0,0,0,0,0
"forest_fires","unilasso_loo_false",66,0,0,0,0,0,0,0,0,0.78159317748986,-0.00235410942059737,0,0
"forest_fires","unilasso_loo_false",67,0,0,0,0,0,0,0,0,0,0,0,0
"forest_fires","unilasso_loo_false",68,0,0,0,0,0,0.106984718381922,0,0,0,-0.260921465824705,0,0
"forest_fires","unilasso_loo_false",69,0,0,0,0,0,0,0,0,0,0,0,0
"forest_fires","unilasso_loo_false",70,0,0,0,0,0,0,0,0,0,0,0,0
"forest_fires","unilasso_loo_false",71,0,0,0,0,0,0,0,0,0,0,0,0
"forest_fires","unilasso_loo_false",72,0,0,0,0,0,0.036627937008582,0,0,0,0,0,0
"forest_fires","unilasso_loo_false",73,0,0,0,0,0,0,0,0,0.407440314155211,0,0,0
"forest_fires","unilasso_loo_false",74,0,0,0,0,0,0,0,0,0,0,0,0
"forest_fires","unilasso_loo_false",75,3.04036732669996,0,0,0,0,0.118660058300262,0,0,0.107462671135637,-0.513679128650077,0,0
"forest_fires","unilasso_loo_false",76,0,0,0,0,0,0,0,0,0,0,0,0
"forest_fires","unilasso_loo_false",77,0,-2.26630443879084,0.691011333638619,0,0,0,0,0,0.113900141945553,0,0,0
"forest_fires","unilasso_loo_false",78,0,0,0,0,0,0,0,0,0,0,0,0
"forest_fires","unilasso_loo_false",79,0,0,0,0,0,0.041011476923972,0,0,0,0,0,0
"forest_fires","unilasso_loo_false",80,0.756738011849806,0,0,0,0,0,0,0,0.439887687981798,0,0,0
"forest_fires","unilasso_loo_false",81,0,0,0,0,0,0,0,0,0,0,0,0
"forest_fires","unilasso_loo_false",82,0,-1.68974763277358,0,0,0,0,0.00267797007976482,0,0,0,0,0
"forest_fires","unilasso_loo_false",83,1.98236690947061,5.32427390195333,0,0,0,0.0523975308613522,0,0,0.876340665702131,-0.445584418860535,1.20302429417871,0
"forest_fires","unilasso_loo_false",84,1.25127600237438,0.12994481949394,0,0,0,0,0,0,1.08805216779707,-0.192539916817022,0,0
"forest_fires","unilasso_loo_false",85,0.796581833198292,0,0,0,0,0,0,0,1.49416508834262,0,0,0
"forest_fires","unilasso_loo_false",86,0,1.93206708119629,0.715602166986112,1.37743867065828,0,0.0412404523915926,0,0,0,-0.148027971407224,1.03534453421988,0
"forest_fires","unilasso_loo_false",87,0,0,0,0,0,0,0,0,0,0,0,0
"forest_fires","unilasso_loo_false",88,0,0,0,0,0,0,0,0,0.177092513787235,0,0,0
"forest_fires","unilasso_loo_false",89,0,0,0,0,0,0.0317173468957551,0,0,0,-0.050712432081138,0,0
"forest_fires","unilasso_loo_false",90,0,0,0,0,0,0,0,0,0,0,0,0
"forest_fires","unilasso_loo_false",91,0,0,0.388022149992199,0,0,0,0,0,0.149722488626487,0,0,0
"forest_fires","unilasso_loo_false",92,0,0,0,0,0,0.0287235252149739,0,0,0.0519441253602249,0,0,0
"forest_fires","unilasso_loo_false",93,0,0,0,0,0,0.0387614525021607,0,0,0,0,0,0
"forest_fires","unilasso_loo_false",94,0,0,0,0,0,0,0,0,0,0,0,0
"forest_fires","unilasso_loo_false",95,0,0,0,0,0,0,0,0,0,0,0,0
"forest_fires","unilasso_loo_false",96,2.83831826414868,1.37355542195128,0,0,0,0.0832386710569871,0,0,0.876275018275055,-0.2413021211544,0,0
"forest_fires","unilasso_loo_false",97,0,0,0,0,0,0,0,0,0,-0.0810691413693074,0,0
"forest_fires","unilasso_loo_false",98,0,0,0,0,0,0,0,0,1.23892147863797,0,0,0
"forest_fires","unilasso_loo_false",99,0,0,0,0,0,0.0371920161076782,0,0,0.140232314550588,0,0,0
"forest_fires","unilasso_loo_false",100,0,0,0,0,0,0,0,0,0,0,0,0
"forest_fires","polish_unilasso",1,0,0,0,0,0,0,0.0151455083432388,0,0.364037088521112,0,0,0
"forest_fires","polish_unilasso",2,0,0,0,0,0,0,0,0,0.639859767842695,0,0,0
"forest_fires","polish_unilasso",3,0,0,0,0,0,0,0,0,0.661370773030183,0,0,0
"forest_fires","polish_unilasso",4,0,0,0,0,0,0,0,0,0,0,0,0
"forest_fires","polish_unilasso",5,0,0,0,0,0,0,0,0,0,0,0,0
"forest_fires","polish_unilasso",6,0,0,0,0,0,0,0,0,0,0,0,0
"forest_fires","polish_unilasso",7,0,-1.21739863624545,0,0,0,0,0,0,0,0,0,0
"forest_fires","polish_unilasso",8,0,0,0,0,0,0,0,0,0,0,0,0
"forest_fires","polish_unilasso",9,0,0,0,0,0,0,0.00266787932713978,0,0,0,0,0
"forest_fires","polish_unilasso",10,0,0,0,0,0,0,0,0,0.288025557727535,0,0,0
"forest_fires","polish_unilasso",11,0,0,0,0,0,0,0,0,0,0,0,0
"forest_fires","polish_unilasso",12,0,0,0,0,0,0,0.0143112350598697,0,0,0,0,0
"forest_fires","polish_unilasso",13,0,0,0,0,0,0,0,0,0,0,0,0
"forest_fires","polish_unilasso",14,0,0,0,0,0,0,0,0,0.333015803055383,0,0,0
"forest_fires","polish_unilasso",15,0,0,0,0,0,0.0514389269483362,0,0,0,0,0,0
"forest_fires","polish_unilasso",16,0,0,0,0,0,0,0,0,0,0,0,0
"forest_fires","polish_unilasso",17,0,0,0,0,0,0,0.00694002924278473,0,0,0,0,0
"forest_fires","polish_unilasso",18,0,0,0,0,0,0,0.0103509393120676,0,0,0,0,0
"forest_fires","polish_unilasso",19,0,0,0,0,0,0,0.0143127123633734,0,0,0,0,0
"forest_fires","polish_unilasso",20,0,0,0,0,0,0,0,0,0,0,0,0
"forest_fires","polish_unilasso",21,1.40121518954146,3.24098497068084,0,0,0,0,0,0,1.0976698121789,0,0,0
"forest_fires","polish_unilasso",22,0,0,0,0,0,0,0.00509436973041007,0,0,0,0,0
"forest_fires","polish_unilasso",23,0,0,0,0,0,0,0.0108110088403941,0,0,-0.0838115366151109,0,0
"forest_fires","polish_unilasso",24,0,0,0,0,0,0,0,0,0,0,0,0
"forest_fires","polish_unilasso",25,0,0,0,0,0,0,0.0126066793385971,0,0,0,0,0
"forest_fires","polish_unilasso",26,0,0,0,0,0,0.126551522046068,-0.0114052439227301,0,0,-0.102833584054538,0,0
"forest_fires","polish_unilasso",27,0,0,0,0,0,0,0.0163216318615098,0,0,0,0,0
"forest_fires","polish_unilasso",28,2.66480778996734,0,0,0,0,0,0,0,0.687904805039034,0,0,0
"forest_fires","polish_unilasso",29,0,0,0,0,0,0,0,0,0,0,0,0
"forest_fires","polish_unilasso",30,0,0,0,0,0,0,0.0159708902891161,0,0,0,0,0
"forest_fires","polish_unilasso",31,0,0,0,0,0,0.0417322005330861,0,0,0.0174361798162664,0,0,0
"forest_fires","polish_unilasso",32,0,0,0,0,0,0,0.0141364788046721,0,0,0,0,0
"forest_fires","polish_unilasso",33,0,0,0,0,0,0,0,0,0.104611882476508,0,0,0
"forest_fires","polish_unilasso",34,0,0,0,0,0,0,0,0,0,0,0,0
"forest_fires","polish_unilasso",35,0,0,0,0,0,-0.0168345376558535,0.0090966971232556,0,0,0,0,0
"forest_fires","polish_unilasso",36,0,0,0,0,0,0.052581213347186,0,0,0,0,0,0
"forest_fires","polish_unilasso",37,0,0,0,0,0,0,0.00172802760379711,0,0,0,0,0
"forest_fires","polish_unilasso",38,1.5147390542167,0,0,0,0,0,0,0,0.569934004085013,0,0,0
"forest_fires","polish_unilasso",39,0,-0.587646352114058,0.368287075161196,0,0,0,0.00268960778454003,0,0,0,0,0
"forest_fires","polish_unilasso",40,0,0,0,0,0,0,0.0147789438694386,0,0,0,0,0
"forest_fires","polish_unilasso",41,0,0,0,0,0,0,0,0,0,0,0,0
"forest_fires","polish_unilasso",42,0,0,0,0,0,0,0.00298272120027968,0,0,0,0,0
"forest_fires","polish_unilasso",43,0,1.91396930548358,0,0,0,0,0,0,0,0,0,0
"forest_fires","polish_unilasso",44,0,0,0,0,0,0,0,0,0,0,0,0
"forest_fires","polish_unilasso",45,0,0,0,0,0,0,0.012636106291552,0,0,0,0,0
"forest_fires","polish_unilasso",46,0,0,0,0,0,0,0.0139776627664791,0,0,0,0,0
"forest_fires","polish_unilasso",47,0,0,0,0,0,0,0,0,0,0,0,0
"forest_fires","polish_unilasso",48,0,0,0,0,0,0,0.00198130767036868,0,0,0,0,0
"forest_fires","polish_unilasso",49,1.12820783623633,1.79429607171278,0,0,0,0,0,0,0.552349189595273,0,0,0
"forest_fires","polish_unilasso",50,0,0,0,0,0,0,0.00468570233647203,0,0,0,0,0
"forest_fires","polish_unilasso",51,0,0,0,0,0,0.0769913375670055,-0.00787257498123753,-0.2212383829133,0,0,0,0
"forest_fires","polish_unilasso",52,0,0,0,0,0,0,0.00845920125921607,0,0.556634827853315,0,0,0
"forest_fires","polish_unilasso",53,0,0,0,0,0,0.0423472896967786,0.00164314971761651,0,0,-0.125205143650768,0,0
"forest_fires","polish_unilasso",54,0,0,0,0,0,0,0,0,0.716868074592038,0,0,0
"forest_fires","polish_unilasso",55,0,0,0,0,0,0,0.0162163946915271,0,0,0,0,0
"forest_fires","polish_unilasso",56,2.03071671332282,0,0,0,0,0,0,0,0.543614861435062,0,0,0
"forest_fires","polish_unilasso",57,0,0,0,0,0,0,0.00130422849474389,0,0,0,0,0
"forest_fires","polish_unilasso",58,0,0,0,0,0,0.0113939365322807,0,0,0,0,0,0
"forest_fires","polish_unilasso",59,0.86598597352851,1.95810652823146,0,0,0,0,0,0,0.840549380290131,-0.0682402316391438,0,0
"forest_fires","polish_unilasso",60,0,0,0,0,0,0,0,0,0.449483509285754,0,0,0
"forest_fires","polish_unilasso",61,0,0,0,0,0,0,0.00896054506548573,0,0,0,0,0
"forest_fires","polish_unilasso",62,0,0,0,0,0,0,0.00287037226013561,0,0,0,0,0
"forest_fires","polish_unilasso",63,0,0,0,0,0,0,0,0,0,0,0,0
"forest_fires","polish_unilasso",64,0,-1.00104265751812,0.630996220617488,0,0.0078888059157505,0.0294994386942575,-0.00472335683488053,-0.259146319026737,0,-0.00410394489931865,0,0
"forest_fires","polish_unilasso",65,0,0,0,0,0,0,0,0,0,0,0,0
"forest_fires","polish_unilasso",66,0,0,0,0,0,0,0,0,0.44368743504434,0,0,0
"forest_fires","polish_unilasso",67,0,0,0,0,0,0,0.005510158245495,0,0,0,0,0
"forest_fires","polish_unilasso",68,0,0,0,0,0,0.0227172834468231,0.00653137614164467,0,0,0,0,0
"forest_fires","polish_unilasso",69,0,0,0,0,0,0,0,0,0,0,0,0
"forest_fires","polish_unilasso",70,0.648031952788065,0,0,0,0,0,0,0,0.297296479225348,0,0,0
"forest_fires","polish_unilasso",71,0,0,0,0,0,0,0,0,0,0,0,0
"forest_fires","polish_unilasso",72,0,0,0,0,0,0.0376257310089428,0,0,0,0,0,0
"forest_fires","polish_unilasso",73,0,0,0,0,0,0,0.0117852379481115,0,0,0,0,0
"forest_fires","polish_unilasso",74,0,0,0,0,0,0,0,0,0,0,0,0
"forest_fires","polish_unilasso",75,2.53277959690203,0,0.784527177023337,0,-0.168070310798084,0.192619525977152,-0.00907796078230096,-0.27388805475802,0.0822080048285762,-0.625057687549322,0,0
"forest_fires","polish_unilasso",76,0,0,0,0,0,0,0,0,0,0,0,0
"forest_fires","polish_unilasso",77,0,0,0,0,0,0,0,0,0,0,0,0
"forest_fires","polish_unilasso",78,0,0,0,0,0,0,0,0,0,0,0,0
"forest_fires","polish_unilasso",79,0,0,0,0,0,0.0416185579984215,0,0,0,0,0,0
"forest_fires","polish_unilasso",80,1.25838703601686,0,0,0,0,0,0,0,0.338302072887673,0,0,0
"forest_fires","polish_unilasso",81,0,0,0,0,0,0,0,0,0,0,0,0
"forest_fires","polish_unilasso",82,0,0,0,0,0,0,0.00642476506052978,0,0,0,0,0
"forest_fires","polish_unilasso",83,0.403645862907685,2.28473021177077,0,0,0,0,0,0,0.719373426547172,-0.109448586430475,0,0
"forest_fires","polish_unilasso",84,0,0,0,0,0,0,0.0123772216555262,0,0.538220963747885,-0.0885892550087325,0,0
"forest_fires","polish_unilasso",85,0,0,0,0,0,0,0,0,0.790275550936246,0,0,0
"forest_fires","polish_unilasso",86,0,0,0,0,0,0.0155722135699766,0.00351553021699975,0,0,-0.113798593702191,0,0
"forest_fires","polish_unilasso",87,0,0,0,0,0,0,0.00391161341438512,0,0,0,0,0
"forest_fires","polish_unilasso",88,0,0,0,0,0,0.107532696163004,0.00376436000584921,0,0,0,0,0
"forest_fires","polish_unilasso",89,0,0,0,0,0,0.0478971872054865,-0.003785339476828,0,0,-0.0746717111093282,0,0
"forest_fires","polish_unilasso",90,0,0,0,0,0,0,0.00418683080416254,0,0,0,0,0
"forest_fires","polish_unilasso",91,0,0,0,0,0,0,0.0107869399636241,0,0,0,0,0
"forest_fires","polish_unilasso",92,0,0,0,0,0,0.0527829062450241,0,0,0.23378331784588,0,0,0
"forest_fires","polish_unilasso",93,0,0,0,0,0,0.0282549936410016,0.0032054187858174,0,0,0,0,0
"forest_fires","polish_unilasso",94,0,0,0,0,0,0,0.00220078608293181,0,0,0,0,0
"forest_fires","polish_unilasso",95,0,0,0,0,0,0,0,0,0,0,0,0
"forest_fires","polish_unilasso",96,0,0,0,0,0,0,0,0,0.495667791064615,0,0,0
"forest_fires","polish_unilasso",97,0,0,0,0,0,0,0.00989939593478096,0,0,-0.130923341450135,0,0
"forest_fires","polish_unilasso",98,0,0,0,0,0,0,0,0,0.86949271283226,0,0,0
"forest_fires","polish_unilasso",99,0,0,0,0,0,0.00595731183287564,0,0,0.307601818936983,0,0,0
"forest_fires","polish_unilasso",100,0,0,0,0,0,0,0,0,0,0,0,0
"forest_fires","lasso_cv",1,0,0,0,0,0,0,0,0,0.148769940161018,0,0,0
"forest_fires","lasso_cv",2,0,0,0,0,0,0,0,0,0.154751057740127,0,0,0
"forest_fires","lasso_cv",3,0,0,0,0,0,0,0,0,0,0,0,0
"forest_fires","lasso_cv",4,0,0,0,0,0,0,0,0,0,0,0,0
"forest_fires","lasso_cv",5,1.29806726930762,0,0.350350830531341,0,0,0,0,0,0.518993481580168,0,0,0
"forest_fires","lasso_cv",6,0,0,0,0,0,0,0,0,0,0,0,0
"forest_fires","lasso_cv",7,0,-1.79087546118291,0,0,0,0,0,-0.0375110893915788,0,0,0,0
"forest_fires","lasso_cv",8,0,0,0,0,0,0,0,0,0,0,0,0
"forest_fires","lasso_cv",9,0,0,0,0,0,0,0,0,0,0,0,0
"forest_fires","lasso_cv",10,0.340575350137667,0,0,0,0,0.0167872794515302,0,0,0.379401830450748,0,0,0
"forest_fires","lasso_cv",11,0,0,0,0,0,0,0,0,0,0,0,0
"forest_fires","lasso_cv",12,0,0,0,0,0,0,0,0,0,0,0,0
"forest_fires","lasso_cv",13,0,0,0,0,0,0,0,0,0,0,0,0
"forest_fires","lasso_cv",14,0,0,0,0,0,0.0158307867615425,0,0,0.242482065201485,0,0,0
"forest_fires","lasso_cv",15,0,0,0,0,0,0.0402111067350178,0,0,0,0,0,0
"forest_fires","lasso_cv",16,0,0,0,0,0,0,0,0,0,0,0,0
"forest_fires","lasso_cv",17,0,0,0,0,0,0,0,0,0,0,0,0
"forest_fires","lasso_cv",18,0,0,0,0,0,0,0,0,0,0,0,0
"forest_fires","lasso_cv",19,0,0,0,0,0,0,0,0,0.112506677460387,0,0,0
"forest_fires","lasso_cv",20,0,0,0,0,0,0,0,0,0,0,0,0
"forest_fires","lasso_cv",21,2.78459995493072,5.10298997068203,0,0,0,0.0146481316941434,0,-0.331715061107627,1.95562387340624,-0.107268637861041,3.02775178577223,-20.0457963822236
"forest_fires","lasso_cv",22,0,0,0,0,0,0.00954766171250977,0,0,0,0,0,0
"forest_fires","lasso_cv",23,0,0,0,0,0,0,0,0,0.110988133541779,0,0,0
"forest_fires","lasso_cv",24,0,0,0,0,0,0,0,0,0,0,0,0
"forest_fires","lasso_cv",25,0,0,0,0,0,0,0,0,0,0,0,0
"forest_fires","lasso_cv",26,0,0,0,0,0,0,0,0,0,0,0,0
"forest_fires","lasso_cv",27,0,0,0.410039522060913,0,0,0,0,0,0.319938102756101,0,0,0
"forest_fires","lasso_cv",28,3.14649516879053,1.66739428828677,0,0,0,0,0,0,1.27333108937143,-0.117995306164705,1.22221784268422,0
"forest_fires","lasso_cv",29,0,0,0,0,0,0,0,0,0,0,0,0
"forest_fires","lasso_cv",30,0,0,0.508972027245549,0,0,0,0,0,0.229752856213558,0,0,0
"forest_fires","lasso_cv",31,0,0,0,0,0,0.0369440913605949,0,0,0.0609782089707246,0,0,0
"forest_fires","lasso_cv",32,0,0,0.499213136437623,0,0,0,0,0,0.286023710802833,0,0,0
"forest_fires","lasso_cv",33,0.388444543242943,0,0,0,0,0,0,0,0.266689436561382,0,0.352527865609745,0
"forest_fires","lasso_cv",34,1.02953131890816,0,0,0,0,0.0115405710479524,0,0,0.189113037748601,0,0,0
"forest_fires","lasso_cv",35,0,0,0,0,0,0,0,0,0,0,0,0
"forest_fires","lasso_cv",36,0,0,0,0,0,0.0336750582809562,0,0,0,0,0,0
"forest_fires","lasso_cv",37,0,0,0,0,0,0,0,0,0,0,0,0
"forest_fires","lasso_cv",38,2.52185645141359,1.29533807046712,0,0,0,0.0426309062916863,0,0,0.756797929770697,-0.230491656406513,0.559757172428623,0
"forest_fires","lasso_cv",39,-0.320969578624628,-1.45355481267724,0.531692242357259,0,0.0207069820788621,0,0,-0.0806102640269374,0,0,-0.326741414384523,0
"forest_fires","lasso_cv",40,0,0,0,0,0,0,0,0,0,0,0,0
"forest_fires","lasso_cv",41,0,0,0,0,0,0,0,0,0,0,0,0
"forest_fires","lasso_cv",42,0,0,0,0,0,0,0,0,0,0,0,0
"forest_fires","lasso_cv",43,0.275213273592986,3.46038362048853,0.105420362628366,0,0,0,0,0,0.565510184816267,0,0,0
"forest_fires","lasso_cv",44,0,0,0,0,0,0,0,0,0,0,0,0
"forest_fires","lasso_cv",45,0,0,0.537982239576753,0,0,0,0,0,0.304031173877812,-0.00988858132248612,0,0
"forest_fires","lasso_cv",46,0,0,0,0,0,0,0,0,0,0,0,0
"forest_fires","lasso_cv",47,0,0,0,0,0,0,0,0,0,0,0,0
"forest_fires","lasso_cv",48,0,0,0,0,0,0,0,0,0,0,0,0
"forest_fires","lasso_cv",49,1.86827901004162,3.72011380874994,0,0,0,0.0450614147445,0,0,0.695637970774302,-0.213529211908271,1.07707524954633,0
"forest_fires","lasso_cv",50,0,0,0,0,0,0.0284375194714543,0,0,0,0,0,0
"forest_fires","lasso_cv",51,0,0,0,0,0,0,0,0,0,0,0,0
"forest_fires","lasso_cv",52,1.30478958879345,0,0,0,0,0,0,0,0.889987737037755,-0.0387214869624504,0,0
"forest_fires","lasso_cv",53,0,0,0,0,0,0,0,0,0,0,0,0
"forest_fires","lasso_cv",54,0,0,0,0,0,0,0,0,0.330175781198547,0,0,0
"forest_fires","lasso_cv",55,0,0,0.665494405810588,0,0,0,0,0,0.257392037082196,0,0,0
"forest_fires","lasso_cv",56,2.56300659546559,2.07535973887284,0,0,0,0,0,0,1.39253978107869,-0.042869464664519,1.3981457026428,0
"forest_fires","lasso_cv",57,0,0,0,0,0,0,0,0,0,-0.0381607250002536,0,0
"forest_fires","lasso_cv",58,0,0,0,0,0,0,0,0,0,0,0,0
"forest_fires","lasso_cv",59,1.9974808791256,3.33677073169396,0.0838585791239178,0,0,0.0245381517307426,0,0,0.987604015798407,-0.254133665151391,0.351747370331915,0
"forest_fires","lasso_cv",60,2.17260305888778,3.94883110412812,0.479962542269735,0,0,0.0193190772677739,0,0,1.28104184859555,-0.229133534462162,1.57328959322714,0
"forest_fires","lasso_cv",61,0,0,0,0,0,0.0240801012702516,0,0,0.129077914927133,0,0,0
"forest_fires","lasso_cv",62,0,0,0,0,0,0,0,0,0,0,0,0
"forest_fires","lasso_cv",63,0,0,0,0,0,0,0,0,0,0,0,0
"forest_fires","lasso_cv",64,0,-1.9591347176178,0.44733256884173,0,0,0,0,-0.164343989292208,0,0,-0.355481186147208,0
"forest_fires","lasso_cv",65,0,0,0,0,0,0,0,0,0,0,0,0
"forest_fires","lasso_cv",66,0,0,0,0,0,0,0,0,0,0,0,0
"forest_fires","lasso_cv",67,0,0,0,0,0,0,0,0,0,0,0,0
"forest_fires","lasso_cv",68,0,0,0,0,0,0.0493951033970638,0,0,0,-0.0503676466980368,0,0
"forest_fires","lasso_cv",69,0,0,0,0,0,0,0,0,0,0,0,0
"forest_fires","lasso_cv",70,0,0,0,0,0,0,0,0,0,0,0,0
"forest_fires","lasso_cv",71,0,0,0,0,0,0,0,0,0,0,0,0
"forest_fires","lasso_cv",72,0,0,0,0,0,0.036627937008582,0,0,0,0,0,0
"forest_fires","lasso_cv",73,0,0,0,0,0,0,0,0,0.116483283621124,0,0,0
"forest_fires","lasso_cv",74,0,0,0,0,0,0,0,0,0,0,0,0
"forest_fires","lasso_cv",75,2.31877017670345,0,0.116417735934889,0,0,0.0901342104843512,0,0,0.13991120956432,-0.384088658815293,0,0
"forest_fires","lasso_cv",76,0,0,0,0,0,0,0,0,0,0,0,0
"forest_fires","lasso_cv",77,0,-1.23423460056048,0.388835792740898,0,0,0,0,0,0,0,0,0
"forest_fires","lasso_cv",78,0,0,0,0,0,0,0,0,0,0,0,0
"forest_fires","lasso_cv",79,0,0,0,0,0,0.011724788471561,0,0,0,0,0,0
"forest_fires","lasso_cv",80,0,0,0,0,0,0,0,0,0,0,0,0
"forest_fires","lasso_cv",81,0,0,0,0,0,0,0,0,0,0,0,0
"forest_fires","lasso_cv",82,0,-0.204716935237694,0,0,0,0,0,0,0,0,0,0
"forest_fires","lasso_cv",83,1.55885330451229,4.40139252211911,0.0857574898250442,0,0,0.0334607278235069,0,0,0.866494561615174,-0.333282691803551,1.07713691073256,0
"forest_fires","lasso_cv",84,1.84095508915086,2.36672520459333,0.852756578689385,0.359608650382691,0,0.0605002874633707,0,0,0.828820619540959,-0.321330008153137,1.44100056207176,0
"forest_fires","lasso_cv",85,0.445640620841676,0,0,0,0,0,0,0,1.0116265396382,0,0,0
"forest_fires","lasso_cv",86,0,0,0,0,0,0,0,0,0,0,0,0
"forest_fires","lasso_cv",87,0,0,0,0,0,0,0,0,0,0,0,0
"forest_fires","lasso_cv",88,0,0,0,0,0,0,0,0,0.177092513787235,0,0,0
"forest_fires","lasso_cv",89,0,0,0,0,0,0.00650195672391545,0,0,0,0,0,0
"forest_fires","lasso_cv",90,0,0,0,0,0,0,0,0,0,0,0,0
"forest_fires","lasso_cv",91,0,0,0.378564632329952,0,0,0,0,0,0.191731827462386,-0.0171044610078162,0,0
"forest_fires","lasso_cv",92,0,0,0,0,0,0,0,0,0,0,0,0
"forest_fires","lasso_cv",93,0,0,0,0,0,0,0,0,0,0,0,0
"forest_fires","lasso_cv",94,0,0,0,0,0,0,0,0,0,0,0,0
"forest_fires","lasso_cv",95,0,0,0,0,0,0,0,0,0,0,0,0
"forest_fires","lasso_cv",96,0,0,0,0,0,0,0,0,0.173032102444402,0,0,0
"forest_fires","lasso_cv",97,0,0,0,0,0,0,0,0,0,-0.0424187532484588,0,0
"forest_fires","lasso_cv",98,0,0,0,0,0,0,0,0,0.925584679777203,0,0,0
"forest_fires","lasso_cv",99,0,0,0,0,0,0.0103668046128009,0,0,0,0,0,0
"forest_fires","lasso_cv",100,0,0,0,0,0,0,0,0,0,0,0,0
"forest_fires","unireg",1,0,0,0,0,0,0,0,0,0.456672805701455,0,0,0
"forest_fires","unireg",2,0,0,0,0,0,0,0,0,0.660256330850432,0,0,0
"forest_fires","unireg",3,0,0,0,0,0,0,0,0,1.03239390539328,0,0,0
"forest_fires","unireg",4,0.415327465076293,0.427212679828977,0,0,0,0,0,0,0.223725536086278,0,0,0
"forest_fires","unireg",5,0.879416206405324,0,0,0,0,0,0,0,0,0,0,0
"forest_fires","unireg",6,0,0,0,0,0,0,0,0,0,0,0,0
"forest_fires","unireg",7,0,-1.21752038828427,0,0,0,0,0,0,0,0,0,0
"forest_fires","unireg",8,0,0,0,0,0,0,0,0,0.225610046229282,0,0,0
"forest_fires","unireg",9,0,0,0,0,0,0,0,0,0,0,0,0
"forest_fires","unireg",10,0,0,0,0,0,0,0,0,0.432864105957935,0,0,0
"forest_fires","unireg",11,0,0,0,0,0,0.000429122907002155,0,0,0.111927089637032,0,0,0
"forest_fires","unireg",12,1.6121735844717,0,0,0,0,0,0,0,0.718155848021012,-0.0521990354901415,0,0
"forest_fires","unireg",13,0,0,0,0,0,0.0116604802443732,0,0,0.181874995812241,-0.0013668622380519,0,0
"forest_fires","unireg",14,0,0,0,0,0,0.00962673181847547,0,0,0.501778291807567,0,0,0
"forest_fires","unireg",15,0,0,0,0,0,0.0564655778712742,0,0,0,0,0,0
"forest_fires","unireg",16,0,0,0,0,0,0.00371608715757458,0,0,0.433365921022937,0,0,0
"forest_fires","unireg",17,0,0,0,0.876649199800609,0,0.0100223811125739,0,0,0,-0.0617592036905837,0,0
"forest_fires","unireg",18,0,0,0,0,0,0,0,0,0,0,0,0
"forest_fires","unireg",19,0,0,0,0,0,0,0,0,0.256892248626902,0,0,0
"forest_fires","unireg",20,0.386047626394432,0,0,0,0,0,0,0,0,0,0,0
"forest_fires","unireg",21,1.53737385204197,3.37793782941544,0,0,0,0,0,0,1.15367218072669,0,0,0
"forest_fires","unireg",22,0,0,0,0,0,0.0360550196508506,0,0,0,-0.0743010655444807,0,0
"forest_fires","unireg",23,0,0,0,0,0,0,0,0,0.162049367062157,0,0,0
"forest_fires","unireg",24,0.318525226851872,0,0,0,0,0,0,0,0,0,0,0
"forest_fires","unireg",25,0,0,0,0,0,0,0,0,0.416102540756535,-0.0674519326773523,0,0
"forest_fires","unireg",26,0.120425355311236,0.0708426250696614,0,0,0,0.0261180494536772,0,0,0.0909945462798353,0,0,0
"forest_fires","unireg",27,0,0,0.164341504430084,0,0,0,0,0,0.32213500442831,0,0,0
"forest_fires","unireg",28,2.6828410721979,0,0,0,0,0,0,0,0.695184217641281,0,0,0
"forest_fires","unireg",29,0,0,0,0,0,0,0,0,0,0,0,0
"forest_fires","unireg",30,0,0,0.590933535943067,0,0,0,0,0,0.313625300543034,0,0,0
"forest_fires","unireg",31,0,0,0,0,0,0.0583615933939969,0,0,0.117111001518257,-0.0544877273182497,0,0
"forest_fires","unireg",32,0,0,0.0265527058313115,0,0,0,0,0,0.041938619832945,0,0,0
"forest_fires","unireg",33,0,0,0,0,0,0,0,0,0.184598084387313,0,0,0
"forest_fires","unireg",34,0.968834507874117,0,0,0,0,0,0,0,0.198383718458007,0,0,0
"forest_fires","unireg",35,0,0,0.0131560010046545,0,0,0,0.000193995793945995,0,0,0,0,0
"forest_fires","unireg",36,0,0,0,0,0,0.0678824123751633,0,0,0.044302966845402,-0.0039696568958521,0,0
"forest_fires","unireg",37,0.118108080536035,0,0,0,0,0,0,0,0,0,0,0
"forest_fires","unireg",38,1.79264222356643,0,0,0,0,0,0,0,0.650436406671504,-0.0136910193780529,0,0
"forest_fires","unireg",39,-0.00632271364062901,-0.727353519741121,0.411571263672599,0,0,0,0,0,0,0,0,0
"forest_fires","unireg",40,1.92559251530312,0,0,0,0,0,0,0,0.401934097775163,-0.0211387246843909,0,0
"forest_fires","unireg",41,0,0,0,0,0,0,0,0,0,0,0,0
"forest_fires","unireg",42,0,0,0,0,0,0,0,0,0.104738490280366,0,0,0
"forest_fires","unireg",43,0,3.29995665246224,0,0,0,0,0,0,0.153045704833164,0,0,0
"forest_fires","unireg",44,0.447489101976542,0,0,0,0,0,0,0,0.151810824569226,0,0,0
"forest_fires","unireg",45,0,0,0.0544225018167358,0,0,0,0,0,0.0425442383768024,0,0,0
"forest_fires","unireg",46,0.85600978368116,0,0,0,0,0,0,0,0.625589980349796,-0.0110969234968738,0,0
"forest_fires","unireg",47,0,0,0,0,0,0,0,0,0.0457224642478496,0,0,0
"forest_fires","unireg",48,0,0,0,0,0,0,0,0,0,0,0,0
"forest_fires","unireg",49,1.28860114275332,2.089934489782,0,0,0,0,0,0,0.636273209369246,0,0,0
"forest_fires","unireg",50,0,0,0,0,0,0.0352869359601089,0,0,0,-0.0274803687786293,0,0
"forest_fires","unireg",51,0,0,0,0,0,0.0218172374392128,0,0,0,0,0,0
"forest_fires","unireg",52,1.16339688674153,0,0,0,0,0,0,0,0.928267316153189,-0.0145054805578416,0,0
"forest_fires","unireg",53,0,0,0,0,0,0,0,0,0,0,0,0
"forest_fires","unireg",54,0,0,0,0,0,0,0,0,0.884619269388843,0,0,0
"forest_fires","unireg",55,0,0,0.0836074337866456,0,0,0,0,0,0,0,0,0
"forest_fires","unireg",56,2.39125149718254,0,0,0,0,0,0,0,0.692243291969595,0,0,0
"forest_fires","unireg",57,0,0,0,0,0,0,0,0,0,-0.0266953050494735,0,0
"forest_fires","unireg",58,0.243140073082324,0,0,0,0,0,0,0,0.251634972573893,0,0,0
"forest_fires","unireg",59,1.03208000803092,2.22325279654403,0,0,0,0,0,0,0.877597417668819,-0.0946681637518164,0,0
"forest_fires","unireg",60,0.822145017469825,0.91927239422321,0,0,0,0,0,0,0.916311033223095,-0.0521628184205755,0,0
"forest_fires","unireg",61,0,0,0,0,0,0.0260929616499318,0,0,0.436557456000682,0,0,0
"forest_fires","unireg",62,0,0,0,0.260770018085133,0,0,0,0,0,-0.0143112720797401,0,0
"forest_fires","unireg",63,0,0,0,0,0,0,0,0,0.0898025893665161,0,0,0
"forest_fires","unireg",64,0,-1.14319525824699,0.332949611118818,0,0,0,0,0,0,0,0,0
"forest_fires","unireg",65,0,0,0,0,0,0.014694335442917,0,0,0,0,0,0
"forest_fires","unireg",66,0,0,0,0,0,0,0,0,0.585351621528861,-0.0179397851355532,0,0
"forest_fires","unireg",67,0,0,0,0,0,0,0,0,0,0,0,0
"forest_fires","unireg",68,0,0,0,0,0,0.0355765605892786,0,0,0,-0.025266610799216,0,0
"forest_fires","unireg",69,0,0,0,0,0,0,0,0,0.225843529347857,0,0,0
"forest_fires","unireg",70,0.913711675376681,0,0,0,0,0,0,0,0.396401174714109,0,0,0
"forest_fires","unireg",71,0,0,0,0,0,0,0,0,0,0,0,0
"forest_fires","unireg",72,0,0,0,0,0,0.0446499390605903,0,0,0,-0.0251794692269178,0,0
"forest_fires","unireg",73,0,0,0,0,0,0,0,0,0.322444294059378,0,0,0
"forest_fires","unireg",74,0,0,0,0,0,0,0,0,0,0,0,0
"forest_fires","unireg",75,0.838751113504975,0,0,0,0,0.0270679896873503,0,0,0.297619366297219,-0.164083883401083,0,0
"forest_fires","unireg",76,0,0,0,0,0,0,0,0,0,0,0,0
"forest_fires","unireg",77,0,-0.850168722945076,0.454679593509509,0,0,0,0,0,0,0,0,0
"forest_fires","unireg",78,0.453585255137826,0,0,0,0,0,0,0,0,0,0,0
"forest_fires","unireg",79,0.212856499462599,0,0,0,0,0.0567566402707988,0,0,0.216909379697994,0,0,0
"forest_fires","unireg",80,2.07845002160498,0.156104633884556,0,0,0,0,0,0,0.611394443734448,-0.0342649820452191,0,0
"forest_fires","unireg",81,0,0,0,0,0,0,0,0,0,0,0,0
"forest_fires","unireg",82,0,-0.616609585511157,0,0,0,0,0.00111105308344375,0,0,0,0,0
"forest_fires","unireg",83,0.585349534921339,2.59052301110491,0,0,0,0,0,0,0.752733986820845,-0.138612503340373,0,0
"forest_fires","unireg",84,0,0,0,0,0,0,0,0,0.580162912242947,-0.109658292794156,0,0
"forest_fires","unireg",85,0,0,0,0,0,0,0,0,0.81102470659183,0,0,0
"forest_fires","unireg",86,0,0,0,0.183389667189246,0,0,0,0,0,-0.0464827462828292,0,0
"forest_fires","unireg",87,0,0,0,0,0,0.0200439504642483,0,0,0.212085332832416,0,0,0
"forest_fires","unireg",88,0,0,0,0,0,0.0330509559316011,0,0,0.709132875964776,0,0,0
"forest_fires","unireg",89,0,0,0,0,0.00660578250263073,0.0074893961055629,0,0,0,0,0,0
"forest_fires","unireg",90,0.33861774687681,0,0,0,0,0,0,0,0.298709628670727,0,0,0
"forest_fires","unireg",91,0,0,0.0196871518221405,0,0,0,0,0,0,0,0,0
"forest_fires","unireg",92,0,0,0,0.261971311056183,0,0.0286443393158357,0,0,0.373497900625446,0,0,0
"forest_fires","unireg",93,0,0,0,0.411932504030711,0,0.0449894048928433,0,0,0,-0.0443676946022373,0,0
"forest_fires","unireg",94,0,0,0,0,0,0,0,0,0,0,0,0
"forest_fires","unireg",95,0,0,0,0.535488467987089,0,0.0287262450628839,0,0,0,0,0,0
"forest_fires","unireg",96,0.928940878494986,0,0,0,0,0.0221713373064321,0,0,0.82375725059957,0,0,0
"forest_fires","unireg",97,0,0.275333020750785,0,0,0,0,0,0,0.0074330902837217,-0.128352903599951,0,0
"forest_fires","unireg",98,0,0,0,0,0,0,0,0,0.911815436307046,0,0,0
"forest_fires","unireg",99,0,0,0,0,0,0.0112062155886101,0,0,0.371246297215965,0,0,0
"forest_fires","unireg",100,0,0,0,0,0,0,0,0,0,0,0,0
"forest_fires","least_squares",1,3.18620481510443,-0.84277451238923,1.05015893904518,0.248319328291582,-0.329439000106328,0.154277940133133,-0.0120916398354039,-0.682334038780198,1.30644158173036,-0.379439133317198,2.49294509994583,-16.6973875470466
"forest_fires","least_squares",2,2.86689554912977,0.614335851866107,2.12220683066536,0.243876629071243,-0.0855298992388923,0.22906281167546,-0.0322770498702013,-1.01892474393002,1.87608404171878,-0.165828489839231,3.55890551236013,-31.7411332152232
"forest_fires","least_squares",3,3.04201548043967,1.07606588672709,2.03424398082949,1.34085536487987,-0.390014780708585,0.228301743879344,-0.0361236965425748,-1.09365874732397,2.37305268076518,-0.128829365755473,3.92558285677222,-26.923457991865
"forest_fires","least_squares",4,1.85788765747486,2.41663615064055,0.0383392535272865,1.3845508626111,-0.319432480402705,0.107613627293316,-0.0115354803012881,-0.0123269881117606,0.523824197939378,-0.252375801652268,1.805832356294,-3.62964027886433
"forest_fires","least_squares",5,2.83604138255901,1.22169963088201,1.61491052591113,-0.658578166728492,0.00675091907700878,-0.00161896489277408,-0.00947222478709287,-0.950764380153648,2.50168374700844,0.145139598738377,3.77360330832639,-4.00593944374323
"forest_fires","least_squares",6,2.87357867977993,-1.15584936160759,0.199008038242379,1.59779595298,-0.0664977460709811,0.108232597269051,-0.0172246212732225,-0.247089615997956,0.849515150431152,-0.0708544094346132,1.56228581414668,-17.1926968738942
"forest_fires","least_squares",7,0.22168518547477,-3.10299667672883,0.206774606017568,0.337513392979121,0.102938011757986,0.0185860615754458,-0.000110223241399241,-0.360941983449055,-0.269953046800328,-0.0697413329267346,-0.0109931087034924,1.20078870730804
"forest_fires","least_squares",8,1.7573231841841,3.30315237381595,1.47986403435115,-1.27015803629948,0.259758925557462,0.0406127223637196,-0.0156675976552481,-1.62095848630852,2.03898309760532,-0.0169907445520721,2.81225539936,-2.72070455277545
"forest_fires","least_squares",9,1.18739965867432,-0.0924969256432122,1.84493756702018,-0.415046139444234,0.0466332975795915,0.0572065606727799,-0.0166119001652694,-0.956724819356579,1.60543297927188,-0.119727000297037,2.08582434743999,-1.41770160209481
"forest_fires","least_squares",10,2.93621492382908,-0.623697294300229,-0.00587193489796072,0.492349078730682,-0.257589345884459,0.134182406000808,-0.0122478126917428,-0.100466238191577,0.656529606498782,-0.348551229177093,1.35476411861177,-3.07227266253635
"forest_fires","least_squares",11,1.29219723063129,0.123843894085035,0.235131173751767,0.588670905429133,0.0688307000911983,0.0748333561700954,-0.0106083617818407,-0.428866048966862,0.381765718962088,-0.0645349465097788,0.343982455438928,-2.22253903700404
"forest_fires","least_squares",12,4.18189688535463,1.57012624093898,1.3794024349495,0.449871823718033,-0.100090529836978,0.175263769874667,-0.00874365425040445,-0.826940577859723,0.937567081768293,-0.49005177662242,3.38759466966679,-26.1618968348898
"forest_fires","least_squares",13,1.85751377634974,2.42855079294384,0.197159408254945,1.32936352921154,-0.172079971397934,0.147878174647787,-0.017771229616402,-0.0243517971860378,0.424119521969924,-0.291264327197023,1.68463719769287,-17.1084021244015
"forest_fires","least_squares",14,2.91508129880298,-2.94033230474799,0.543671905972513,0.00475677180738553,-0.149025043067373,0.179243745376272,-0.024408835372911,-0.534788733832941,1.24682058073537,-0.145856313360378,1.24744515096872,-30.6407851049921
"forest_fires","least_squares",15,1.60411374884317,0.265639139341012,0.142268604340456,1.43318146050713,-0.204780746430253,0.175881074702149,-0.0173387390121085,-0.239947444154382,0.482380472674575,-0.116758936122024,0.824011885093727,-12.0187009730808
"forest_fires","least_squares",16,2.71545654968429,-0.753520767118529,0.210717336515197,1.2426795841227,-0.166349691134499,0.139233816944306,-0.0179021443152742,-0.890286622888349,1.33059067318993,-0.211888170609988,2.27686902942145,-4.45861609596724
"forest_fires","least_squares",17,1.62694372093403,-0.638006895512158,0.743467549124191,2.55777899403612,-0.248357804052211,0.164121280570755,-0.0171715358337427,-0.0268950258692861,0.248068720762031,-0.312091520243873,2.08513548615004,-2.69657699346258
"forest_fires","least_squares",18,1.84559984086088,0.758614579682472,1.94243125478687,-0.253716525965449,-0.00265268378936747,0.0393591177973491,-0.0169775149559371,-0.703417467465528,1.63323287649106,-0.0326543152280334,2.24213191251064,-15.4619112265227
"forest_fires","least_squares",19,2.15054451809507,-0.204260665049398,1.28612884902612,-0.854557985187297,-0.152976151663586,0.0628686405226216,-0.00841802690704919,-0.874277040181971,1.61580976494776,-0.044311512103593,2.43084171446471,-2.93679164455843
"forest_fires","least_squares",20,1.50088325112211,-0.42916079082442,0.707181607751599,0.363879079395589,-0.087284776112763,0.059744684283225,-0.0119569930348708,-0.664895973284922,0.572033852815125,0.0176269463109901,1.27288297013868,-1.1596907943918
"forest_fires","least_squares",21,3.57232786177017,6.02866872165564,0.634121859810837,-0.465004436264154,-0.41686935497025,0.110013670866195,-0.0107860896681108,-1.02423907725642,2.44851503740492,-0.239448544251004,5.43476637604093,-43.9417498684643
"forest_fires","least_squares",22,1.1392389383474,0.283772131138354,0.37525481164869,1.04777576295275,-0.289483904741185,0.169743289303813,-0.0114475682641949,0.0403555187283105,-0.150108258091783,-0.405547822243616,0.496527077984532,-1.35704957246373
"forest_fires","least_squares",23,1.85242056218492,2.61908123225314,1.54918487390223,-1.05500399696022,0.382013342986031,0.0231653917363529,-0.0120725394739272,-0.862125584456057,1.98085999263345,0.0212592391224987,2.09653307477152,-16.9828718496552
"forest_fires","least_squares",24,2.18870612841756,2.19476016035026,1.56334905945966,-0.542351940162224,0.208722609346855,0.0508202439613541,-0.0135962835832112,-0.917577062598161,1.26050015117706,-0.16709579096795,1.64858967155068,-1.30668963618508
"forest_fires","least_squares",25,2.81771523500282,2.35634568842106,1.82548511741285,0.00346233715214021,-0.565175808744039,0.135837986623461,-0.0232671515577945,-0.132403690788171,1.74567380167403,-0.331023235718684,3.76242056998116,-22.4928047907358
"forest_fires","least_squares",26,2.43986748516398,1.81852167221752,0.0381736677985684,0.93745825747052,-0.211915596726353,0.158287824526878,-0.0153311310988995,-0.400839876701638,0.592932352572732,-0.276946732145878,2.34421330398428,-3.96087570609507
"forest_fires","least_squares",27,0.666266483946211,1.37187049743484,2.14626327286829,0.404617037481239,0.422058816807356,0.0743447494521606,-0.0162254101087865,-1.44700080407966,1.94622883258301,0.0380183305699667,2.62581118725866,-2.8675014196974
"forest_fires","least_squares",28,4.10083092506524,2.94085991472209,0.935767381968143,-0.327006960341666,-0.0897109065795679,0.0953434699206501,-0.0153777416994258,-0.774593898775467,2.01001761609642,-0.189873184529484,3.73525141115438,-40.5231916875792
"forest_fires","least_squares",29,-0.0701381403114638,1.84617974596548,-0.180227687099325,0.0235924820863035,0.030878447587414,0.0514056430310988,-0.00223480033232954,-0.359668647573697,-0.142886378613195,-0.151454716517147,0.7538018603056,0.0150385257423654
"forest_fires","least_squares",30,0.683982371480602,-1.00769988940115,2.49968351215236,-0.0453567810154612,-0.18987553477023,0.0680832774113087,-0.0185641346606481,-0.728708233622913,1.81288361861147,-0.144760444631181,1.67650663376456,-0.733802715482551
"forest_fires","least_squares",31,1.32770169077967,1.17889697614698,0.260018133442144,1.36690284795247,0.321278267875104,0.183724568515313,-0.0216663698829553,-0.562571640262382,0.465924151352328,-0.370194639459843,1.80188547241199,-28.0762256034535
"forest_fires","least_squares",32,2.06025578560325,-3.17944789523497,1.79376723592397,-0.461205671451125,0.0152966611376303,0.0848310828387481,-0.0182256849082497,-1.3221924277411,1.63722472888302,-0.0143165179394614,1.37398280586027,-2.02049955072815
"forest_fires","least_squares",33,1.62935989538143,-2.1416425385532,0.500671231312432,0.121701225703891,0.176507725951627,0.0243475535986505,-0.0111549402384228,-0.656977963701808,1.15799164635637,0.174254858996476,1.92108383156761,-3.03779518736239
"forest_fires","least_squares",34,3.1933021418614,1.90121099372319,-0.152478622350797,0.208516358697081,-0.11305003725068,0.119136192360383,-0.0088694597242038,0.000490314379099696,0.737911549797392,-0.24510826248782,2.64493471386736,-23.2651120370449
"forest_fires","least_squares",35,-0.236009522311804,0.701115143320401,0.174443181228057,0.0388133549065417,0.523824626113078,-0.028306521850164,0.0120862455626113,-0.111289986293635,-0.2232733102538,-0.0987449983334654,0.551822531345529,-4.30395766334953
"forest_fires","least_squares",36,2.54480943438779,-0.330922206153681,-0.310098849150296,1.6896975118645,-0.785922920266967,0.200625241565636,-0.0119770368169647,0.584891479494517,-0.223203001013286,-0.438195711837577,-0.151076546949213,-28.9604985136603
"forest_fires","least_squares",37,3.23000559356428,-1.13007973761452,0.236103386466516,1.23213212105297,-1.00323230875801,0.139648526614641,-0.00871868986174408,0.443045343097286,0.16709153182709,-0.213299234784479,1.85705655668323,-3.07327551994616
"forest_fires","least_squares",38,3.61747929544332,2.46417392810353,1.28968323728553,0.559448481799673,-0.10710005204095,0.192347276096654,-0.0253866505926837,-0.79375472002555,1.53845930844199,-0.302543308955894,3.94790533283883,-25.847593263087
"forest_fires","least_squares",39,-0.522961432844706,-1.71696228760503,0.683970940597774,0.278947537926064,0.193632654302399,0.00122001130956426,-0.00074687366128149,-0.295951251229292,0.0335319155268162,0.0355634625501934,-0.587651025212084,1.28260472321166
"forest_fires","least_squares",40,3.74335156761106,4.08074365366736,1.30755184843785,1.32889637918758,-0.465291317312344,0.105571730913899,-0.0104779219006969,0.0511859846383431,1.24464542692249,-0.43172541172239,3.00589271168919,-4.00421095554889
"forest_fires","least_squares",41,1.10921627971321,-2.55324343134627,0.28908948873658,-0.18917765387833,0.0522275631126713,0.0548700207275626,-0.0141946070227825,-0.342739988852856,0.451967089111887,0.0349043856052687,1.20107560004424,-1.15763751542561
"forest_fires","least_squares",42,2.07007672388542,-1.82343763212603,1.90685878586689,0.434046237155656,-0.0160670417496856,0.0934566675231392,-0.0310875506195772,-1.25141873365867,2.26895233788212,0.129491367753277,2.81170045456824,-20.0810337550365
"forest_fires","least_squares",43,1.28952988204322,6.06751418781508,1.15765417720613,0.684357850983784,0.181334240442073,0.00855468248415945,-0.00475118341590683,-1.29367651425721,2.02731678016239,0.00505174348634274,3.12123628476493,-18.2709938119726
"forest_fires","least_squares",44,1.54078909127982,-0.695427301897994,0.0126727703058495,-0.298073441522103,0.121685640863483,0.0111021474982794,-0.0120920614078982,-0.532212090268019,1.16868911700012,0.152816374891556,1.71165318003002,-16.4483707575935
"forest_fires","least_squares",45,1.15935860251114,-0.594951434285591,2.48894114000304,1.61852427014146,-0.128977195535662,0.124641004115291,-0.0265915044226478,-0.850562542832493,1.41029441796127,-0.131809077619254,1.81398626172979,-1.78773198083664
"forest_fires","least_squares",46,4.00432247133843,1.57534920816141,1.61813101151341,0.310559575104997,-0.400887830540957,0.213531185888195,-0.0288201123460305,-0.979395657760874,1.49214531886109,-0.462794320137077,3.62519061882008,-4.3643519658998
"forest_fires","least_squares",47,1.03257980598956,-0.806632432826419,-0.120405489251466,0.605753853551967,0.150858561216174,0.0359766866939903,-0.00609920472017607,-0.538778408908577,0.493088687295384,0.0517016908512435,0.960777599639566,-35.1955595600052
"forest_fires","least_squares",48,1.21758974832007,1.90100071680132,1.57520625791431,-0.703415424701005,-0.302980393347193,0.0428609168397037,-0.00651058887746582,-0.685138238190151,1.39198965083226,-0.179811629412935,2.58111916002289,-0.761263625113179
"forest_fires","least_squares",49,2.69940006827683,5.24184356001807,0.925599970193023,-0.76261724748905,-0.257631102977749,0.158041181638265,-0.0201795945919115,-1.11628394161246,1.56823863085348,-0.366876741832478,3.60518113945292,-37.944364175765
"forest_fires","least_squares",50,2.65864791720837,-1.63398197118699,0.659254000376544,2.17559669087131,-0.399735005121658,0.196913525535078,-0.0188707038327741,0.196833333978581,-0.0455205989106659,-0.359127839394922,0.0400833102513646,-2.32463268809331
"forest_fires","least_squares",51,1.12648346739648,-1.64264225476849,0.51477993473551,1.5543008016807,0.108038009467229,0.096016199402707,-0.0196794488370999,-0.887085170912887,0.837481287864175,0.159890234040294,1.47316089367758,-17.9526037301763
"forest_fires","least_squares",52,3.46689786667342,1.98954120405757,1.03362965847094,0.846366604367246,-0.252168962422536,0.152657865959569,-0.0143424590071338,-0.415392160134224,1.44220125695692,-0.35300557767681,2.95522012678816,-23.1990081054318
"forest_fires","least_squares",53,1.83148977580688,1.7994264665179,0.996096662844278,-0.795608696635527,-0.0471658345894011,0.0757965902303536,-0.0115007326808137,-1.33120613997613,1.607975396336,-0.124736727951058,2.75524464546624,-3.00209428007177
"forest_fires","least_squares",54,4.47191784754458,-3.38986919502824,1.54433394899253,-0.00735510037875754,0.14354262045763,0.239660789244988,-0.0301667241784875,-1.16670712147193,1.28177644543727,-0.40996062497505,2.20991525446703,-4.7880054191318
"forest_fires","least_squares",55,1.21473518949568,-0.5049565026481,2.27994712487011,0.506286139912601,-0.315296414301004,0.109540848402763,-0.0163640442012499,-0.816249422748576,1.17651381498559,-0.191962903945874,1.14458279105203,-0.910270311471862
"forest_fires","least_squares",56,3.22875712772227,3.61038679740026,0.877469505234708,-0.355416322930728,-0.460034091433076,0.0976415830750128,-0.028476528893891,-0.645102348535465,2.39208517678708,-0.15994853815825,4.02816327822958,-40.893298086574
"forest_fires","least_squares",57,1.08957417556384,0.252652456989973,1.44439783235881,-0.119294456163557,0.80369056170553,0.0650819435118955,-0.00897031641888257,-1.3580538487226,0.824605524710435,-0.281739203304141,1.28812799491853,-0.302835074646898
"forest_fires","least_squares",58,1.56259698123298,-0.6718804984098,0.30840386142432,1.23090509753244,0.202212955540195,0.0545779284504538,-0.0145747849067376,-0.751328422258137,1.12179768499643,0.146192434853369,2.14080185495784,-62.1785396442873
"forest_fires","least_squares",59,3.04480064711781,4.34357913725257,1.5746982779885,0.345660544066543,-0.57589815069591,0.155675582361983,-0.0227341325873437,-0.679059192925912,1.86675904420602,-0.392431249342397,3.38796838590533,-3.4145248806081
"forest_fires","least_squares",60,3.18806955728443,5.04866891893041,1.61760881264015,0.547296727558865,-0.0859112545829196,0.132463486646726,-0.0244729550234382,-0.914739585886369,2.20026322907125,-0.279287476927786,4.35346012271067,-5.99661895534994
"forest_fires","least_squares",61,1.976110124469,-0.0183678970907362,0.424416935323643,1.36755561682329,-0.225430754752708,0.161840499607333,-0.0154786491669738,-0.484902043727261,0.780491496721439,-0.246184373094297,1.83635502355244,-17.7976043994214
"forest_fires","least_squares",62,1.2358321896316,-0.00643616067439293,-0.0226415864111862,1.28331247955155,0.0317954070355069,0.0458181471154718,-0.000888628346972472,-0.45427804383364,-0.0143091854066307,-0.158736353946803,0.0331854034664699,-0.513658005715046
"forest_fires","least_squares",63,2.23873911141413,0.180832623113268,0.113261535077194,0.0783349685810907,-0.0563156839749312,0.0805467692316859,-0.0181070424222481,-0.0688010385060345,1.18588659631826,-0.00412280367998993,1.85389984082685,-22.8013789080194
"forest_fires","least_squares",64,0.383083881652856,-3.65969839791591,0.960091633444508,0.977931472941049,0.270907129235577,0.0428205262335662,-0.0160941227151627,-0.78052667941218,0.30655450692373,0.0612050588154068,-0.801535291431803,-1.98598158473863
"forest_fires","least_squares",65,2.61192645628973,0.537009607919449,-0.271692686262297,1.758121299853,-0.207560939326156,0.148711704902453,-0.0212341022968236,-0.671309875978299,0.862988876717975,-0.214861995619122,1.80686406305391,-4.30123048120323
"forest_fires","least_squares",66,2.58142563611069,0.283172805888517,2.44179687378152,0.74319623661871,-0.532474404051972,0.183687361576774,-0.0248554326908414,-0.178278941884265,1.35577386169344,-0.321539454669071,3.25861225551355,-3.57709629861703
"forest_fires","least_squares",67,2.22516024547644,0.04946720022517,-0.1743314811346,0.921154071817933,-0.209984382535241,0.0938300637920479,-0.0023039408183728,0.137083828264156,0.149204882948588,-0.228284327043931,1.53936436174054,-9.57635115022859
"forest_fires","least_squares",68,1.26144474920735,0.280899885634241,0.285376767380111,0.68810429178388,0.0400397685714748,0.171981568064078,-0.00838467522108188,-0.184582816343588,-0.369903215520684,-0.467891005335742,0.129993975558344,-7.20925425521985
"forest_fires","least_squares",69,1.58451424974678,-0.913753374064398,0.350538476439484,0.341244338733387,0.123979401489766,0.0307186463354768,-0.0122235648689313,-0.719035250509661,1.30700792745828,0.217424743305271,1.23251939010055,-24.8061850814111
"forest_fires","least_squares",70,2.47226905405892,1.98239881644566,-0.134800602444548,0.0614406550876892,-0.229284762352203,0.12189413086223,-0.00815158159322209,-0.395951859059793,0.82842442743844,-0.150034765499279,2.32572371986972,-4.80963873396752
"forest_fires","least_squares",71,1.66723677678326,-2.56414055526929,0.569644389928795,0.805954176493548,0.0901034309285506,0.0152608690889847,-0.0141213327077128,-0.635987457444075,1.0319933119886,0.196877727820552,0.751834103408366,-2.0113531804848
"forest_fires","least_squares",72,1.34998803881188,0.118622605298935,0.260436518592623,0.985842103031557,-0.242355250432938,0.173776452909933,-0.0134677726907635,0.179186892544903,-0.111553778971176,-0.354481173799865,0.686415763651175,-21.0000086335056
"forest_fires","least_squares",73,1.34508521455476,2.73495472423454,1.28589675241806,-0.372627508556005,-0.00888192998193738,0.0497525312471347,-0.0108516240412921,-0.844531224615951,1.56074773075954,-0.10489709921059,1.56624091447478,-2.6280185071376
"forest_fires","least_squares",74,0.856719043645262,-0.637549246620087,0.443743049077269,0.882203590349662,0.0843434760178394,0.0465143259652015,-0.0103167568810401,-0.365928175518761,0.386652710991331,-0.00583878745762019,0.479424761577362,-0.888734445863235
"forest_fires","least_squares",75,3.33762408838179,2.04836020009222,1.49857829603354,0.897598378234967,-0.3474079550619,0.20846098401369,-0.0116003772974498,-1.03287139704891,0.805515852739092,-0.566718858914304,1.80110573931908,-2.3691025816975
"forest_fires","least_squares",76,0.875887229377558,0.408112127042188,1.90991959142989,-0.748773278840334,0.0157318672906157,0.0833658634030023,-0.0216834244085546,-0.813990928975662,1.56594867593786,-0.175006362942676,1.58054956904449,-1.63687113987779
"forest_fires","least_squares",77,1.4024931004317,-4.23313757164428,1.01231702121788,0.487459247466482,0.0878806055002871,0.0306754863215061,-0.012406678327124,-0.628989451751889,0.794181444678242,0.0577210362181444,0.863128885984844,-8.44738100288558
"forest_fires","least_squares",78,2.14053592652877,3.12639372992402,-0.500444078620692,0.628505315257059,-0.158663442973599,0.0743081720332807,0.00292607600649622,-0.103108934505431,-0.0249785710904438,-0.302259329900305,2.17596056386228,-19.5554971218406
"forest_fires","least_squares",79,2.92607756745792,1.37471874136223,0.192061623050387,1.68229739854466,-0.114706448612356,0.189536672113232,-0.0195884313178261,-0.656377844983229,0.73817760331537,-0.259305006891687,1.55948324178709,-36.0036001514702
"forest_fires","least_squares",80,3.66015820154076,4.59354118257147,0.607018522042285,-0.182329279756936,-0.309983492664783,0.170938611543809,-0.00868825626497964,-0.764109993093007,1.19528938005625,-0.517793766122317,2.73276809142646,-19.595726309945
"forest_fires","least_squares",81,0.532264681494202,-2.95558972273834,0.615100346622136,0.587052698138897,0.174863277804973,0.0264853288466761,-0.00923130226322052,-0.498378565805781,0.349998388677076,0.0971610517430621,0.353386564097244,-16.7564055654073
"forest_fires","least_squares",82,-0.0217568707952989,-2.19561693062532,0.208475512354802,-0.281509159015227,0.0758731942778123,0.00714854496930979,0.00221000380164595,-0.331816040366338,0.303058497246553,0.0744318280518085,-0.123220513026048,-8.2142684543672
"forest_fires","least_squares",83,2.251286720276,5.6425553863957,1.18529735078964,-0.257108681754768,-0.321590647772812,0.122445681270512,-0.0169826137834964,-0.212173111027274,1.41418232099833,-0.425251610209428,3.2463184667659,-15.7697223463372
"forest_fires","least_squares",84,2.80458336345811,3.37073895930866,1.92653948969821,1.85906448507207,0.102568783659571,0.14673977458754,-0.0178096456567188,-0.816211297151139,1.47851698879099,-0.345014767593503,4.06696587384033,-5.55537593518299
"forest_fires","least_squares",85,3.76989632858951,-2.64025127089213,1.32726699813465,-0.251756090198024,-0.186465010021099,0.127367397395772,-0.020267834562386,-0.53922008788408,2.02497184240321,-0.141090584971725,2.20395354739942,-5.24249724692696
"forest_fires","least_squares",86,-0.191428878635923,2.1403336633694,0.70350705195253,1.44519761635541,-0.0364963844428058,0.0512967849299575,0.000719258216309268,-0.102176714157331,-0.187377810943257,-0.194965299555922,1.05427958003274,0.11444713575239
"forest_fires","least_squares",87,3.01208823683508,-1.53455410882946,-0.207134332796816,1.63547371809395,-0.237875754349607,0.150757528830056,-0.0111202252317154,-0.325746224865087,0.354608082758658,-0.296741281787402,1.77636277963815,-3.92030409624815
"forest_fires","least_squares",88,3.27028940129347,-0.00375667695059356,1.40429608380453,0.862933584731827,-0.581187074764757,0.259606137783726,-0.0240182112714171,-0.804471695633005,1.39717137668523,-0.482001504129856,3.18377708976921,-23.5725735891996
"forest_fires","least_squares",89,0.076257888545824,0.133453845695393,-0.0582665678710553,-0.0437275132169819,0.0850454959184298,0.0579790168140902,-0.00101867295089026,-0.113482429256777,-0.294532984127403,-0.151719661888086,0.648436906076186,-8.03297628213649
"forest_fires","least_squares",90,2.23360177999662,1.52226489093559,0.64111213063853,1.40388852863882,-0.316226944292152,0.157948902524262,-0.0173746056988003,-0.24565892387007,0.431598346369382,-0.309406446033455,1.1339537102664,-2.57712029248235
"forest_fires","least_squares",91,1.0980966465156,1.41044928805089,2.03181975692341,0.680211180720885,-0.100618224332323,0.0870118066623446,-0.017896483964542,-0.747842193227942,1.22072362929714,-0.185676487326082,2.44267065505065,-1.74940698433184
"forest_fires","least_squares",92,3.19524370523539,0.35995580397619,0.428494698540519,2.02696546191561,-0.22160801053207,0.200458308491345,-0.0245870619261292,-0.305244313101463,0.843859087611144,-0.194539252166921,1.96600215064687,-188.361214459737
"forest_fires","least_squares",93,1.81017500172295,2.18472755714137,0.679866254503465,2.14821430539888,-0.295532804790181,0.18933207749195,-0.0156078234296746,-0.151558239993175,-0.150633685326817,-0.347414669693396,0.602175043056462,-2.08403508830714
"forest_fires","least_squares",94,0.377258355880265,2.76150836912425,1.61097282218913,0.58410784406928,-0.286509960772355,0.0584896975885649,-0.00680216541868112,-0.343444288138364,1.00944337066844,-0.146983771648013,2.05903391911409,-0.960310691970522
"forest_fires","least_squares",95,-0.378460096949669,-1.24606112282759,0.63971576023483,1.97632311093934,0.169576101299875,0.137524844086654,-0.0147717309044028,-0.756176077333297,-0.302976424695097,-0.102580053968212,-0.191930850098791,-5.990594279096
"forest_fires","least_squares",96,3.47215270081559,2.72341185333909,1.57120763432794,0.489483531372837,-0.292956582120517,0.213233833097974,-0.0297618379794155,-1.05908969669316,1.80784797750954,-0.287282892624928,3.14872446965317,-37.8150625845754
"forest_fires","least_squares",97,1.55500106910319,4.07703847128706,1.5430701759639,-0.26050560308788,0.182904043231792,0.0824523105186361,-0.0101524523307205,-0.869599497563777,1.39824271578832,-0.301982404700481,3.85998509009751,-16.0865931473337
"forest_fires","least_squares",98,2.67448839207115,0.156425415230342,1.92472808183473,-0.384564546532612,-0.0488596409926637,0.196961847101873,-0.0403082364075312,-0.995098911876317,2.03682565921867,-0.364023574030696,3.32860466691647,-16.3227647943971
"forest_fires","least_squares",99,2.34839761285702,-1.69424346738793,0.526298218562417,1.35203057652303,-0.245123799436676,0.204733291300914,-0.0293704842845374,-0.657031766938386,0.891123928215976,-0.195168184213799,2.11867610453124,-3.62713484885646
"forest_fires","least_squares",100,0.814079857175275,-0.631930852096416,0.457549024689923,0.380867257830976,0.327618517598882,0.0204834377344869,-0.0181827048627998,-0.803925152226457,1.11061066287638,0.248011892761112,0.860250372064189,-2.10556153636361
