"dataset","method","split_id","age","bmi","children","sex_male","smoker_yes","region_northwest","region_southeast","region_southwest"
"insurance","uni_loo",1,271.56967086276,282.224509750085,433.927573795744,2060.40155123981,23110.0556217193,-323.757985624045,970.535702099989,-694.224092584356
"insurance","uni_loo",2,223.971636925978,407.642513021654,620.088579787405,692.712184587551,24262.9373336638,-1434.97163782155,2240.12975591287,-62.3383791776489
"insurance","uni_loo",3,298.62457793903,388.171980026659,594.826126814395,1316.19114555078,24434.5109912625,-2349.17477862193,2975.69733876577,-104.931655245287
"insurance","uni_loo",4,240.85549200456,336.468604087276,229.219489957742,2654.89462952579,22850.4394112796,-564.537676290762,1088.93119761849,-1476.83601600295
"insurance","uni_loo",5,255.33827430679,395.386873445306,328.883172073258,1208.34936649373,23903.4882537159,-736.872404357477,1078.40745147332,-499.713809174579
"insurance","uni_loo",6,292.842488959295,334.54050021381,979.708144224452,1076.98118429325,23425.7268006499,-601.661156680463,1914.57099235797,-1604.15989678674
"insurance","uni_loo",7,234.369386986507,374.19228880529,653.172153058243,1783.80170710879,22851.9799155033,-1175.30727447157,2706.62956792365,-1812.13741791319
"insurance","uni_loo",8,242.102395857888,468.27753502854,669.036139307373,524.016337725573,24678.7167365246,-1309.0329558605,1539.72058057657,-46.8258291392262
"insurance","uni_loo",9,314.78577196883,404.454025742632,950.978708064193,736.105765484275,23593.107742866,-1086.54032664502,2575.86072573062,-1420.54227860571
"insurance","uni_loo",10,226.282928330872,461.15390557107,888.759649861493,1769.58869463746,23392.1943422531,-182.142728312654,1481.12532063217,-1334.14075982682
"insurance","uni_loo",11,240.398085345428,450.775539107276,323.888417885307,916.094710722275,22869.0734787966,-312.336280747314,1101.90998006923,-895.74236364127
"insurance","uni_loo",12,262.826045337079,443.085350140165,672.036333731256,1043.10084490973,23415.8547628327,-1874.67565397361,3230.68109268336,-1603.11386322362
"insurance","uni_loo",13,225.312189499048,348.54691120859,969.980017121471,1128.39978880841,22262.5052579193,277.474101019905,3800.56259333735,-1944.53158461089
"insurance","uni_loo",14,276.33205941157,359.473691461904,1148.70099153901,897.751477099958,22577.0917063196,-317.352387341846,1125.31834409161,-1375.94527660758
"insurance","uni_loo",15,268.131344945698,360.181781234738,1160.9356107081,774.389382951805,23378.0483143227,-1485.15621616476,2178.2182519146,-1680.7104558362
"insurance","uni_loo",16,303.637525993325,317.337235987128,1057.94988163366,759.902845539144,22315.2387351888,-2068.83729058923,1138.37399853321,54.8216493545529
"insurance","uni_loo",17,241.686767107586,461.761135261281,438.735330411826,972.081849135478,24146.43520344,-789.746507102826,2201.12222694696,-2056.40434691575
"insurance","uni_loo",18,289.602847239439,365.303280236106,586.257032684191,1920.43443901357,24641.1124009535,-1833.55393798049,1945.80105378162,-931.64621547409
"insurance","uni_loo",19,216.116804496437,501.993084541075,618.040637857207,971.370176590104,23654.4095395257,-1228.97115353048,2328.53668282484,-986.529188042362
"insurance","uni_loo",20,264.496667540556,410.856835478128,736.759933208832,321.830274880566,23495.4638926163,-794.66512656584,2929.03578583161,-1577.91145916337
"insurance","uni_loo",21,240.322030991767,417.448272990224,911.797416162652,889.791379820061,24340.9607846168,-678.199384518839,3137.33856529064,-2745.03435584587
"insurance","uni_loo",22,280.87699298505,346.931076150298,191.105604761198,1413.37200106466,24500.2633990003,-947.404481994597,892.588628029104,-344.054560035011
"insurance","uni_loo",23,256.886470827498,371.692033228129,819.816360946525,649.54470423499,22890.6447075261,1117.0457539246,927.446243276802,-1705.10713726966
"insurance","uni_loo",24,271.747664289259,441.522437368795,662.458339928127,722.878190194564,24996.6414518644,-2412.60130921115,3288.38832752157,-592.871431619638
"insurance","uni_loo",25,256.608402658096,413.935320290411,1106.16003149958,558.300501681734,24265.9158559288,-1892.10815727563,2094.60112775949,-1576.38471847855
"insurance","uni_loo",26,235.359812874199,315.654705324844,625.230214629313,639.794128707312,22211.0688498227,-187.166681890015,820.44457444092,-1610.83182104783
"insurance","uni_loo",27,267.701366240645,351.473623401125,931.156469681547,803.472123768332,23146.126990556,-1631.72995759873,2187.3514949907,-1593.99570427395
"insurance","uni_loo",28,200.481584775213,386.408531586141,492.965097959574,1628.77588230906,23046.153821928,-1303.71986836518,2741.30548332567,-1152.25594161495
"insurance","uni_loo",29,244.849343259112,431.383103175387,907.961922763115,1896.98519257343,23158.3633361348,-49.6473625458387,2623.9067638891,-1242.57085082427
"insurance","uni_loo",30,231.566940039314,425.447358961188,1292.62623339449,2583.72921231772,23564.9664229482,-600.086726461039,1273.38431948031,-8.75622173700389
"insurance","uni_loo",31,238.400869085275,369.967872764501,932.141125191566,1300.58988618752,23146.0813239961,-814.131678404222,1886.33208439332,-1825.79040752713
"insurance","uni_loo",32,253.67307844726,464.252019829286,691.250641192868,1443.76116702828,23238.5177504699,-1019.46741052644,2788.7350168843,-1435.46331144717
"insurance","uni_loo",33,256.913613054574,335.11050795021,619.230234136955,1150.61068511331,23943.6931550169,-1758.84194158379,2373.39790205767,95.1455557923216
"insurance","uni_loo",34,264.574706256095,388.968557204961,858.668807444171,2361.42450904962,23296.036445142,-2370.95316713285,1770.17087009748,90.804853781094
"insurance","uni_loo",35,234.822061959182,462.399968186546,944.586580267153,1298.21810304958,23655.9640324479,-1661.63076165225,2870.21742544929,-1386.47924407562
"insurance","uni_loo",36,230.76246596779,434.279609135691,476.839908758847,698.246772221415,24245.7781266476,-676.620420689496,2180.64581398823,-2036.89580482758
"insurance","uni_loo",37,254.223027494088,318.12767020049,392.777563998338,2282.96372302126,23890.4976447205,-2111.03759419412,1346.83781272285,-328.553888757936
"insurance","uni_loo",38,222.985096559445,347.369557606593,507.053908077135,1511.88318326637,22825.2918908408,-1145.40745146868,2554.56906464349,-2180.2263543311
"insurance","uni_loo",39,213.401266397792,357.754852557786,634.947179134288,1098.80565989144,23349.5596179696,-974.527790317065,1734.71827440013,-676.938773660608
"insurance","uni_loo",40,231.420774408083,362.98800486936,331.303218584828,1017.86876174362,23997.2251259483,-314.269094984674,1438.04434855836,-1274.63416694268
"insurance","uni_loo",41,291.89223609744,417.867232288328,627.858306326535,2065.72156364362,24895.2088330747,-1079.23769621983,1908.17931829625,182.963058378624
"insurance","uni_loo",42,243.924117033081,346.900174139348,624.492151875036,330.605679997228,23161.8053742588,-754.387985114362,1140.20979548785,-409.970808763709
"insurance","uni_loo",43,254.540517709345,386.77781268525,402.827195883633,40.1979223777475,24071.0248235671,-1574.17971831775,1731.78407245815,-1482.69861073836
"insurance","uni_loo",44,258.279092567846,415.628582362882,425.436099450102,1249.00992754577,23919.6388117341,-1189.73707289197,1876.40150965341,-2235.52732492096
"insurance","uni_loo",45,252.475386617765,382.149671948051,865.98681910854,1999.79479253852,23468.5124195319,-1503.58379809867,1457.76364211027,25.2392185061337
"insurance","uni_loo",46,284.426329154935,456.999807561237,532.468335401028,1081.89190481863,24353.8810921219,656.190976972181,3375.37597055658,-3066.28831069611
"insurance","uni_loo",47,276.326622971859,464.190261167366,617.671635999786,1023.53207884145,24126.7042307631,-323.860432140972,2578.01044505275,-2941.85273690023
"insurance","uni_loo",48,225.221437240337,447.170795341837,159.147471899651,2066.61814725334,22947.3687993901,-2048.04751687106,3169.66350129918,-1522.55384461702
"insurance","uni_loo",49,241.470048265953,304.358489649936,482.120115397488,1702.61900261047,22718.6966430083,-990.471818314334,1616.7459686566,-1421.41009208476
"insurance","uni_loo",50,248.700639507139,340.377216506958,924.164521316786,1605.39552687902,23575.3474581934,-197.622036938731,2529.38254042261,-398.375396632587
"insurance","uni_loo",51,268.292360608644,354.74587565311,446.457570021488,1251.95534810501,24305.8349020997,-1141.12875735368,992.034455945204,-258.058607976092
"insurance","uni_loo",52,272.142645826061,309.463451411944,440.998332912204,1470.4308732997,23821.5359167464,-1817.6921522155,3048.06294715715,-1625.35972449116
"insurance","uni_loo",53,278.740782918623,378.244117548774,339.077055491579,694.024979418738,24390.2622544265,-780.500647265415,2172.98512433036,-1115.41919440848
"insurance","uni_loo",54,252.46506600689,465.082304266337,918.491657112137,-80.6206583753699,24038.8837580733,-702.929317193336,2069.63339269879,-559.686759830552
"insurance","uni_loo",55,267.453772297487,397.523194817535,916.432441814858,1307.30806161567,22998.5913075836,-1791.81835282911,1642.0236729245,-1674.86776039607
"insurance","uni_loo",56,269.489769535051,406.424687883278,1006.5092790673,1796.75828077409,23503.5604353615,726.540086280241,1413.18026400931,-646.544580678462
"insurance","uni_loo",57,223.91843801506,431.329994236584,281.575896862957,868.140643665643,23296.0116430244,-973.386087986941,1875.8967246568,-819.662989911713
"insurance","uni_loo",58,237.285704129627,398.813602772557,411.140423007808,895.186662388581,24232.2050137979,-1229.29186142212,2833.34478948193,-1580.00592165876
"insurance","uni_loo",59,248.846786075079,281.949449901232,808.302250916264,595.074159340007,21565.1554415496,-207.408599895782,1246.4662114772,-690.991162558767
"insurance","uni_loo",60,197.853021213487,428.588866938953,499.386264166538,746.44573281437,22911.9729260149,-926.982191313505,2415.50455597883,-1828.38731321916
"insurance","uni_loo",61,250.412033830717,411.069689712878,765.80432326785,740.962107199602,23860.5885847843,-944.996968630879,2059.2303253372,-556.443589183296
"insurance","uni_loo",62,272.18237748485,354.153435414186,874.65972443636,1690.21178584374,22892.4481765302,-622.831991665272,1124.38487128056,-1019.69119647397
"insurance","uni_loo",63,254.13874053804,439.194236478425,1206.61266522104,1081.43573148416,23519.5530046917,-1008.49276337924,2739.17987877801,-1166.53077933911
"insurance","uni_loo",64,252.342812738197,397.265541411016,335.31797673544,1080.69990532255,22926.1448024707,-2019.93842146947,2678.48100187471,6.61933176322233
"insurance","uni_loo",65,266.465615006995,424.56200740688,821.030109299071,951.009817368853,24619.9240401676,-1818.1312546085,697.822630247445,516.074272564852
"insurance","uni_loo",66,281.989442180124,275.117749837442,730.285250507022,2544.81076027588,24201.6848166153,-407.66033079801,657.498350983837,57.2577366222918
"insurance","uni_loo",67,236.258746371781,421.487922377543,283.820829485763,1680.44442396909,24523.5647667477,-1547.62453689123,203.595748671254,437.494994649183
"insurance","uni_loo",68,234.759585471013,489.725805273619,844.083125851937,1595.71719165877,24276.5169195892,-224.043058131133,924.625689944217,-1621.40541453585
"insurance","uni_loo",69,247.938367059092,466.170379353242,313.593534101552,1752.24104397651,24021.8727783462,-1634.23236524597,1757.13956861592,-677.933354035208
"insurance","uni_loo",70,228.59549666531,375.137692347059,918.467184739872,2295.79426354911,22621.9544442112,-415.464519658988,2240.48018553697,-1706.72687133026
"insurance","uni_loo",71,256.370801374567,347.652329974955,418.650078709886,2175.72489802544,23245.5041567608,-1593.10922725352,2275.86773096545,-1280.39296787658
"insurance","uni_loo",72,242.923056269178,350.370774052376,509.404983904442,1855.72094452907,24011.8609298311,-2123.33468846741,2301.35432289291,187.98675766896
"insurance","uni_loo",73,291.944433160353,516.27696398977,638.359437905573,1200.66744492715,24588.4062987873,-1532.52448845595,2659.02000459124,-902.887464589865
"insurance","uni_loo",74,273.016272459621,480.751568174986,840.300250159363,1713.65520756693,24425.1015275977,22.8795364852664,2077.01141544952,-1508.4254034329
"insurance","uni_loo",75,215.274629423051,375.957282627212,444.68519764613,1147.35107491455,22392.8265405489,-905.319503696142,1206.59295157099,-416.664799951079
"insurance","uni_loo",76,240.014711244483,430.422429695082,387.317895346328,505.831760307168,23403.7980007648,-1942.15416378325,927.086087929318,594.594877855106
"insurance","uni_loo",77,232.538673751346,341.827616636354,959.590356645052,1339.41221766753,22632.6099329784,-746.750348907297,2654.09033210664,-2324.67895495732
"insurance","uni_loo",78,285.811582924972,407.441577187111,921.267299212588,1609.55249431783,24078.5103806005,-2245.17992079188,2731.35756896449,522.334151118012
"insurance","uni_loo",79,234.544498766706,444.631306534519,632.497093376,1103.11722849743,23778.1838367109,-2907.34635589595,2040.98334959848,695.75279971542
"insurance","uni_loo",80,229.548796921726,310.195206214001,1370.41479971606,1845.64859071771,23611.0531604761,-1480.09267974001,2453.56494914392,-2142.66650794766
"insurance","uni_loo",81,239.17268638176,321.777057950677,740.05251531213,1360.10787387044,23694.2780933698,-1706.0426917813,3561.47015819408,-2007.85383552837
"insurance","uni_loo",82,246.371635310116,323.871965557197,713.844022998386,1111.79306972396,23598.0549129849,-584.723336070014,2312.06557782588,-768.695253129388
"insurance","uni_loo",83,242.074442341889,327.648635170487,827.750505088494,1179.37765865865,22744.714202338,-1565.02134905693,981.846979305384,-293.383850459603
"insurance","uni_loo",84,225.680551688224,397.621182814632,426.403062901684,433.077944312951,23289.4163500662,-1370.64116646823,1428.31909496579,-1030.28387496906
"insurance","uni_loo",85,269.588217507376,454.601946293085,755.635889314473,3126.47098448269,24247.3423462858,-1270.54621201035,1845.86517036374,-1420.31008935906
"insurance","uni_loo",86,247.197642707729,441.972916915854,75.2598188150721,854.670279309846,23960.8053520787,-1801.36687680429,2125.90866524931,-1870.72545075848
"insurance","uni_loo",87,250.351471083265,364.927825234269,918.141412187165,952.37444479689,23443.3001735555,-2121.69477924487,2231.92151859546,-595.312534454189
"insurance","uni_loo",88,246.546164878092,331.443919680201,600.393168641526,945.085918430771,22148.9416941751,-1274.63377263186,3118.68126819873,-1548.00423333643
"insurance","uni_loo",89,253.758476823789,390.592036647699,595.734436259393,267.935622343086,23001.8339685716,-14.851911206975,1411.63284338016,-2035.55575150745
"insurance","uni_loo",90,286.769023492951,503.865370142035,927.983755098722,1061.69830098373,24544.1494833745,-1634.98210808089,3353.33232033158,-2031.57098650095
"insurance","uni_loo",91,260.687170648553,372.093220590019,1052.90201230717,1329.38864646713,23456.8069132338,-1261.82066109753,2303.61871213928,-1779.43140657984
"insurance","uni_loo",92,261.204932942323,426.293071915961,448.746693673202,1538.43911553093,23417.3389164359,-522.562117281525,1236.53496343468,-947.302414891483
"insurance","uni_loo",93,242.515304733903,402.357963993889,657.043202961068,1231.36684171552,23517.8986686652,-1020.22485104412,2645.50331306339,-1602.55345006266
"insurance","uni_loo",94,259.375363741538,463.708868476474,347.163320803576,924.721153979021,23674.8182051276,-2438.57440596,2642.48937003793,-1675.41454341724
"insurance","uni_loo",95,253.938581992219,315.315798034975,285.715999195786,896.723390138137,22921.3530914376,-2409.43695103248,3203.78110873902,-684.825790279197
"insurance","uni_loo",96,259.919031038252,478.011911513445,963.414474337267,1903.72407268657,23405.2005868897,-2537.34442313118,4192.71954352978,-1186.22248190191
"insurance","uni_loo",97,240.807518191025,474.877451873341,636.386753033258,739.398896369827,23671.5034689335,-1036.04665462385,2899.6270140988,-990.523907855366
"insurance","uni_loo",98,305.954508645404,405.239303623914,1255.07390162004,682.650531810546,25045.2630273275,-880.841768129519,1797.81238255961,-1440.14785513155
"insurance","uni_loo",99,273.190633779802,443.456661021087,625.337752044611,2750.72269653044,24852.5732088015,-1137.99137134638,2722.52370787049,-1757.61619692366
"insurance","uni_loo",100,262.356420150751,367.63975032617,788.600562882085,1748.90121465186,23603.0920335303,-23.5933813386224,1753.49925683531,-1078.15544542432
"insurance","unilasso_loo_true",1,274.342568250141,260.60347618909,0,0,23605.0737274066,0,0,0
"insurance","unilasso_loo_true",2,237.244023029777,306.226258580497,317.459165534749,0,24562.7503003175,0,0,0
"insurance","unilasso_loo_true",3,267.440677386058,312.573960832403,270.976824553244,0,24322.9641812879,0,0,0
"insurance","unilasso_loo_true",4,251.658117540798,310.260481044894,0,0,23502.247995622,0,0,0
"insurance","unilasso_loo_true",5,253.3901643356,279.538601198261,305.264218822912,0,24360.8249946701,0,0,0
"insurance","unilasso_loo_true",6,269.775770237674,269.200372167795,393.26752698058,0,23312.184122942,0,0,0
"insurance","unilasso_loo_true",7,252.394652781981,297.748311374692,490.202457587766,0,23614.3631848554,0,0,0
"insurance","unilasso_loo_true",8,248.693276608855,349.328587695755,324.084949617436,0,24919.3553700366,0,0,0
"insurance","unilasso_loo_true",9,288.067757996785,296.335513026705,415.393562706345,0,23335.6811895224,0,0,0
"insurance","unilasso_loo_true",10,249.813148098026,332.423615446998,398.098200703773,0,24068.9584394198,0,0,0
"insurance","unilasso_loo_true",11,232.211321502451,386.777736364059,0,0,23085.1073359683,0,0,0
"insurance","unilasso_loo_true",12,251.395500746719,324.352020687785,0,0,23532.5471593624,0,0,0
"insurance","unilasso_loo_true",13,241.548269306279,330.346534049447,187.252998907,0,22999.7925881328,0,0,0
"insurance","unilasso_loo_true",14,263.722288336179,295.817097881227,527.572224514225,0,22768.4746085701,0,0,0
"insurance","unilasso_loo_true",15,262.450410945945,310.150463317159,339.764924292112,0,23608.9212568377,0,0,0
"insurance","unilasso_loo_true",16,271.036401164028,276.821367509294,429.583749716049,0,22286.8402842483,0,0,0
"insurance","unilasso_loo_true",17,235.080980662693,348.750617763642,228.716101585198,0,24225.2080597659,0,0,-580.064673040252
"insurance","unilasso_loo_true",18,276.234085212726,274.386446176462,0,0,24769.9517040633,0,0,0
"insurance","unilasso_loo_true",19,258.674980492295,363.696622284531,282.179103359129,0,24270.6904106499,0,0,0
"insurance","unilasso_loo_true",20,264.948132382521,305.662849359727,238.226929603854,0,23838.4756499399,0,0,0
"insurance","unilasso_loo_true",21,239.030494011065,349.799029864806,431.984691837833,0,24697.1429212536,0,0,-332.243216508448
"insurance","unilasso_loo_true",22,248.473329733588,260.344636293795,0,0,24295.9724173163,0,0,0
"insurance","unilasso_loo_true",23,267.553090280535,300.88368845849,362.247321072766,0,23440.3368530814,487.335506362208,0,-794.214094327968
"insurance","unilasso_loo_true",24,239.216833068179,306.971053014996,498.792101593659,0,24720.862904744,-211.321185142301,0,0
"insurance","unilasso_loo_true",25,268.223994653148,287.863501526797,254.760528868409,0,24561.2387665228,0,0,0
"insurance","unilasso_loo_true",26,245.16512578694,313.021241925994,462.362087495369,0,22891.6026108736,0,0,0
"insurance","unilasso_loo_true",27,261.970111869914,307.85547722997,564.496502429624,0,23633.5646872674,0,0,0
"insurance","unilasso_loo_true",28,218.823993172592,304.958888686798,0,0,23511.9147015832,0,0,0
"insurance","unilasso_loo_true",29,250.056802528744,326.439055734954,337.187115956644,0,23445.0105627443,0,0,0
"insurance","unilasso_loo_true",30,252.422448558531,340.167270465685,514.713223576127,0,23984.509019814,0,0,0
"insurance","unilasso_loo_true",31,251.505160483094,337.642319409904,541.761763212263,0,23627.4425053966,0,0,-473.279148644221
"insurance","unilasso_loo_true",32,265.394274174197,371.733620506545,251.438403603324,0,23596.0236793587,0,0,0
"insurance","unilasso_loo_true",33,265.450821119975,262.875966116021,0,0,24306.2361992747,0,0,0
"insurance","unilasso_loo_true",34,262.498730870943,390.56511503586,408.462499270963,0,23664.2347404262,0,0,0
"insurance","unilasso_loo_true",35,236.274205827818,338.536216423019,426.585724665241,0,23805.7374648176,0,0,0
"insurance","unilasso_loo_true",36,228.404931901544,318.59335908908,0,0,24464.3436793868,0,0,0
"insurance","unilasso_loo_true",37,238.816964353795,276.515069601508,0,0,24020.2624838067,0,0,0
"insurance","unilasso_loo_true",38,230.741490997093,318.523649685378,319.358986834837,0,23382.7225513185,0,0,0
"insurance","unilasso_loo_true",39,244.757736182243,276.581768348457,393.224191218302,0,24098.9086641219,0,0,0
"insurance","unilasso_loo_true",40,252.344206099141,301.103207263772,205.864353498552,0,24505.5809308008,0,0,0
"insurance","unilasso_loo_true",41,260.62190381374,339.252304378927,236.759473934174,0,24730.3795151055,0,0,0
"insurance","unilasso_loo_true",42,254.762808645008,335.790234540298,392.277660472807,0,23762.5294473345,0,0,0
"insurance","unilasso_loo_true",43,245.836748636573,283.027769224993,0,0,24242.2571121429,0,0,0
"insurance","unilasso_loo_true",44,231.943903391925,346.652425356334,428.451945083462,0,23966.7308920337,0,0,-318.72260578162
"insurance","unilasso_loo_true",45,256.82729182262,300.326273441701,428.246994851114,0,23823.1963472813,0,0,0
"insurance","unilasso_loo_true",46,266.740278713987,291.67877936137,329.51300272049,0,24190.0144797604,0,0,-1317.08698871103
"insurance","unilasso_loo_true",47,264.962151688444,323.643180315924,259.445897651208,0,24167.4886565045,0,0,-205.045973504939
"insurance","unilasso_loo_true",48,233.956984338704,330.908001191398,0,0,23314.5794566404,0,0,0
"insurance","unilasso_loo_true",49,240.357940720935,271.474644514675,224.406209279564,0,23144.6407245961,0,0,0
"insurance","unilasso_loo_true",50,265.807368922655,303.159381131327,474.923929942597,0,24045.8784971889,0,0,0
"insurance","unilasso_loo_true",51,255.867813582844,281.774648139317,0,0,24465.4771675016,0,0,0
"insurance","unilasso_loo_true",52,272.788403576111,247.834080262342,0,0,24140.9659048732,0,0,0
"insurance","unilasso_loo_true",53,276.713379382403,294.4749859545,0,0,24713.7885046385,0,0,0
"insurance","unilasso_loo_true",54,249.075161658627,333.808739510319,343.912761432186,0,24300.8513394904,0,0,0
"insurance","unilasso_loo_true",55,282.466761417357,285.215091945806,229.566294376173,0,23613.7421404559,0,0,0
"insurance","unilasso_loo_true",56,274.539140707373,319.023843885799,417.879498415876,0,23868.2047227422,0,0,0
"insurance","unilasso_loo_true",57,243.225494873452,370.732209586624,351.247529532147,0,23834.6340328267,0,0,0
"insurance","unilasso_loo_true",58,261.946775614838,307.974675145104,267.392016098394,0,24746.1201474581,0,0,-668.501597536598
"insurance","unilasso_loo_true",59,239.580482083701,284.75235429232,383.185493433671,0,21943.6446369398,0,0,0
"insurance","unilasso_loo_true",60,251.57731100977,333.788102287785,0,0,23938.0756845882,0,0,0
"insurance","unilasso_loo_true",61,239.348069349572,327.872250783019,372.192919484286,0,23991.709143775,0,0,0
"insurance","unilasso_loo_true",62,259.20091625353,352.581761521343,182.899921005072,0,23158.2105176411,0,0,0
"insurance","unilasso_loo_true",63,239.292603302675,318.609652560437,656.51863808851,0,23605.9259089475,0,0,0
"insurance","unilasso_loo_true",64,254.418407848856,297.355436344486,0,0,23149.6761324207,0,0,0
"insurance","unilasso_loo_true",65,265.740095238638,274.229980986418,500.738364462658,0,24565.7892402772,0,0,0
"insurance","unilasso_loo_true",66,276.758540426014,237.884366017115,292.127694570512,489.939653063949,24391.8817999211,0,0,0
"insurance","unilasso_loo_true",67,267.003873429389,309.417408429389,196.773391126349,0,25053.0980227456,0,0,0
"insurance","unilasso_loo_true",68,236.762240821281,363.290328691663,359.54206791066,0,24366.3674654173,0,0,0
"insurance","unilasso_loo_true",69,261.910666247255,350.213008916039,229.237705767786,0,24433.9851816604,0,0,0
"insurance","unilasso_loo_true",70,243.31838654566,324.751190744384,251.491182892077,0,23168.1416716933,0,0,0
"insurance","unilasso_loo_true",71,265.70513859173,262.569156095087,0,0,23787.7232172688,0,0,0
"insurance","unilasso_loo_true",72,244.800972298226,279.822675106193,423.501685683844,0,24395.5915371233,0,0,0
"insurance","unilasso_loo_true",73,267.617784493683,342.68755443586,0,0,24279.1146666878,0,0,0
"insurance","unilasso_loo_true",74,256.237267408141,335.97877349021,278.932423600555,0,24407.1013491572,0,0,0
"insurance","unilasso_loo_true",75,250.056242583699,331.017592376258,343.758071928823,0,23268.1810354904,0,0,0
"insurance","unilasso_loo_true",76,257.76342396685,347.159937221806,0,0,23783.6261538176,0,0,0
"insurance","unilasso_loo_true",77,234.167211914851,274.855145281899,408.94717981935,0,22988.9448815628,0,0,0
"insurance","unilasso_loo_true",78,251.550768489465,320.207632607516,628.884332998079,0,23938.5605678255,0,0,0
"insurance","unilasso_loo_true",79,260.156863641494,317.282949953005,0,0,24273.7099250747,0,0,0
"insurance","unilasso_loo_true",80,252.379650694334,216.593616123731,657.504128168692,0,24238.3461434327,0,0,0
"insurance","unilasso_loo_true",81,257.978224159589,280.128238930998,249.574998416066,0,24329.9285939889,0,0,0
"insurance","unilasso_loo_true",82,260.226122221218,271.741009921797,264.249176277193,0,24150.2043875623,0,0,0
"insurance","unilasso_loo_true",83,249.820793288282,295.659349127687,601.402197929385,0,23149.312963987,0,0,0
"insurance","unilasso_loo_true",84,254.417076554146,282.552289015833,369.214964181345,0,24019.6190188024,0,0,0
"insurance","unilasso_loo_true",85,283.489342008537,356.527252229834,251.801101677248,33.7037304020453,24579.9046213541,0,0,0
"insurance","unilasso_loo_true",86,243.591242463776,324.283767036857,0,0,24144.824186135,0,0,0
"insurance","unilasso_loo_true",87,260.447898474202,293.767026771013,411.258702775084,0,23908.2509924637,0,0,0
"insurance","unilasso_loo_true",88,267.987047790465,307.708605010668,262.139739874109,0,22972.7548802671,0,0,-703.757499833663
"insurance","unilasso_loo_true",89,268.778712498203,287.142623262267,0,0,23375.138054205,0,0,0
"insurance","unilasso_loo_true",90,248.376562089073,363.890914545874,543.039690803753,0,23985.6553626156,0,0,0
"insurance","unilasso_loo_true",91,249.422689731943,283.646020290594,204.334524893995,0,23601.3197446573,0,0,0
"insurance","unilasso_loo_true",92,264.048238478161,313.440261749381,413.799753348708,0,23758.1216325412,0,0,0
"insurance","unilasso_loo_true",93,253.705526668076,306.344686962589,383.181767745924,0,24003.0279877459,0,0,0
"insurance","unilasso_loo_true",94,254.832369604698,319.626133149295,0,0,23656.5515469707,0,0,0
"insurance","unilasso_loo_true",95,248.959302967265,274.271075278383,0,0,23354.964637496,0,0,0
"insurance","unilasso_loo_true",96,245.736996471859,328.386731682346,566.88902160171,0,23453.8328927984,0,0,0
"insurance","unilasso_loo_true",97,252.068681444036,363.718365430124,463.493201144967,0,24141.3556993972,0,0,0
"insurance","unilasso_loo_true",98,254.756796543659,300.961225711623,395.275864830503,0,24628.2432606425,0,0,0
"insurance","unilasso_loo_true",99,262.51494864264,321.264408248848,0,0,24856.3529542106,0,0,0
"insurance","unilasso_loo_true",100,256.890751007208,284.083627549024,373.64288234773,0,23812.5099571951,0,0,0
"insurance","unilasso_loo_false",1,272.825985739166,260.175859777695,0,0,23490.9892828057,0,0,0
"insurance","unilasso_loo_false",2,236.454582687689,306.473615345944,352.227874859718,0,24416.8588266379,0,0,0
"insurance","unilasso_loo_false",3,267.026150505477,317.772690212318,388.310740922004,0,24205.4901303984,0,0,0
"insurance","unilasso_loo_false",4,254.979665612562,331.674057849501,523.990108001328,0,23491.1343007839,0,0,-498.196833180406
"insurance","unilasso_loo_false",5,252.17296655554,281.844484139178,432.821580247189,0,24227.9592597323,0,0,0
"insurance","unilasso_loo_false",6,269.061788020346,276.074101250183,467.357624565586,0,23198.914406849,0,0,-177.42771975038
"insurance","unilasso_loo_false",7,251.021447187464,299.317284046664,531.665034727598,0,23467.077486469,0,0,0
"insurance","unilasso_loo_false",8,247.44873922811,347.840625408945,338.20047298911,0,24767.3015548173,0,0,0
"insurance","unilasso_loo_false",9,286.721274926361,297.401030683767,435.330761894117,0,23213.9375715714,0,0,0
"insurance","unilasso_loo_false",10,252.657541620903,338.78624101153,570.617302487633,394.677126716582,23937.4127604232,0,0,-586.008820384815
"insurance","unilasso_loo_false",11,235.850721624359,396.574652225771,366.123045683005,0,23054.6339318122,0,0,-219.949000852123
"insurance","unilasso_loo_false",12,250.536013394511,324.839168361622,0,0,23432.5478208359,0,0,0
"insurance","unilasso_loo_false",13,245.093823869902,345.593267694499,346.094124550196,0,22889.6318820304,0,0,-466.968398693428
"insurance","unilasso_loo_false",14,262.651079979827,297.739776802374,560.488463386536,0,22646.5999026433,0,0,0
"insurance","unilasso_loo_false",15,261.132803974321,310.909621291251,345.867833690176,0,23475.7064960826,0,0,0
"insurance","unilasso_loo_false",16,269.819911407298,281.028488491083,474.275706142972,0,22179.5386672572,0,0,0
"insurance","unilasso_loo_false",17,233.986003798303,349.007628532088,265.428346713299,0,24060.4083215725,0,0,-653.120983017516
"insurance","unilasso_loo_false",18,275.14436514577,274.689469253076,0,0,24669.3253017711,0,0,0
"insurance","unilasso_loo_false",19,257.282400480289,361.731612473434,290.561206695997,0,24122.6015211298,0,0,0
"insurance","unilasso_loo_false",20,263.586621464839,306.22334793766,251.87184440831,0,23714.9336678391,0,0,0
"insurance","unilasso_loo_false",21,238.910075954051,353.704174765365,510.868794216739,0,24546.8835547572,0,0,-556.076851749918
"insurance","unilasso_loo_false",22,252.264387626961,278.888062052994,322.256196587379,443.695722127966,24273.6425466781,0,0,-303.07558113037
"insurance","unilasso_loo_false",23,266.309136338625,310.074354933141,437.138690775373,0,23247.3585095641,982.161722527693,0,-917.836263540656
"insurance","unilasso_loo_false",24,238.3923169516,308.536130542339,564.967584987187,0,24571.3176001326,-332.831332601544,0,0
"insurance","unilasso_loo_false",25,271.329875906049,301.87517756505,457.723463583238,0,24448.5532506079,0,0,-878.627860974667
"insurance","unilasso_loo_false",26,250.004730098626,334.565075516982,790.426175559615,0,22776.1813855446,0,0,-775.076093182123
"insurance","unilasso_loo_false",27,260.397979685774,306.746460084039,584.270801402738,0,23481.4113953453,0,0,0
"insurance","unilasso_loo_false",28,224.515716081835,323.403759026735,359.214752269471,0,23495.8468903921,0,0,-748.986407883132
"insurance","unilasso_loo_false",29,251.880760094752,340.893998333572,525.687783212885,0,23365.0035386413,0,0,-519.693061449169
"insurance","unilasso_loo_false",30,252.259247608023,342.837544616084,552.775580849615,0,23850.1979692661,0,0,0
"insurance","unilasso_loo_false",31,249.870799042094,336.742413925805,555.636845520902,0,23447.0082519512,0,0,-537.630204265918
"insurance","unilasso_loo_false",32,263.952138469996,371.226452275955,264.816760558838,0,23454.0589042805,0,0,0
"insurance","unilasso_loo_false",33,264.234680072409,264.732311423837,0,0,24193.1164379108,0,0,0
"insurance","unilasso_loo_false",34,261.620538360938,392.508641230379,446.397729503288,0,23515.8037093002,0,0,0
"insurance","unilasso_loo_false",35,236.978136697762,345.019892369679,563.959008578571,0,23703.2329121212,0,0,-487.567809343621
"insurance","unilasso_loo_false",36,232.512877029542,330.788097851226,318.728642031363,0,24444.2540543222,0,0,-407.029055809684
"insurance","unilasso_loo_false",37,242.951390662292,299.023778910606,394.98257659802,253.197679024055,23973.1383496785,0,0,0
"insurance","unilasso_loo_false",38,230.311289279857,322.337006683463,403.559581471951,0,23255.8325067457,0,0,-7.9200093495179
"insurance","unilasso_loo_false",39,246.672076964039,284.287417381709,551.576684690345,311.328806265206,23987.4464142347,0,0,-993.271947326925
"insurance","unilasso_loo_false",40,251.711505343734,303.41226904059,335.9576194019,0,24359.8303570944,0,0,-58.4744307999323
"insurance","unilasso_loo_false",41,260.640413481975,344.3664721387,349.888944410251,0,24610.1039693283,0,0,0
"insurance","unilasso_loo_false",42,253.175475250824,334.594884902761,405.437400575395,0,23604.4556198019,0,0,0
"insurance","unilasso_loo_false",43,247.310896510848,300.767205410255,313.700732356455,0,24194.451454555,0,0,-647.385135370448
"insurance","unilasso_loo_false",44,230.578019588285,347.455551701583,512.333324194611,0,23803.4876750802,0,0,-458.490124027135
"insurance","unilasso_loo_false",45,257.602341537611,306.397997376757,542.038209537663,167.286420430439,23699.1617735941,0,0,0
"insurance","unilasso_loo_false",46,264.997152829617,300.648744602314,430.568960617859,0,24050.3804425429,505.969606369996,0,-1237.91174627606
"insurance","unilasso_loo_false",47,264.971063250564,329.145695612571,404.743660107254,0,24032.1945509206,0,0,-437.613993672843
"insurance","unilasso_loo_false",48,232.489654019762,328.663070394604,0,0,23199.0331274213,0,0,0
"insurance","unilasso_loo_false",49,239.253363387654,272.977095627192,266.822131427632,0,23011.7121665698,0,0,0
"insurance","unilasso_loo_false",50,263.99669023842,301.598563062685,479.444129823018,0,23891.1257214119,0,0,0
"insurance","unilasso_loo_false",51,257.137426108965,305.231879448227,360.998267169174,0,24472.3186857606,0,0,0
"insurance","unilasso_loo_false",52,271.636282830927,248.061076249415,0,0,24038.5331211631,0,0,0
"insurance","unilasso_loo_false",53,277.49057925552,307.060623315776,371.18916856293,0,24712.8528303375,0,0,0
"insurance","unilasso_loo_false",54,248.351933871636,335.731140328668,397.419113697376,0,24180.9486393796,0,0,0
"insurance","unilasso_loo_false",55,283.7590862175,293.967239134422,447.902928907501,0,23494.6093927162,-469.964839558163,0,-866.95371903583
"insurance","unilasso_loo_false",56,274.487695300527,324.02752233459,499.251839578133,132.385153907923,23744.9921047051,0,0,0
"insurance","unilasso_loo_false",57,241.480752955502,370.210160481143,407.488879607841,0,23636.2072756463,0,0,0
"insurance","unilasso_loo_false",58,262.591411401505,308.884617218,505.920947375398,0,24579.2368955426,-561.10212376489,0,-1323.52904811932
"insurance","unilasso_loo_false",59,240.214375106612,297.019937931277,503.692379713075,0,21856.0720801192,0,0,-779.776894400819
"insurance","unilasso_loo_false",60,260.666061940562,358.664134644941,467.274793747707,0,23942.8989937291,0,0,-461.080835036762
"insurance","unilasso_loo_false",61,239.5215548997,333.501605609944,473.972530495623,0,23858.1564461633,0,0,-611.561049668477
"insurance","unilasso_loo_false",62,258.90852024064,358.413499717083,248.206201028167,0,23037.5736246511,0,0,-329.174067989375
"insurance","unilasso_loo_false",63,240.540715272199,332.162804874136,773.042373213256,0,23502.411744685,0,0,-842.650977074204
"insurance","unilasso_loo_false",64,257.197572765884,315.675024161043,473.820734180033,0,23194.2751000979,0,0,0
"insurance","unilasso_loo_false",65,265.036519909522,277.303202688815,550.843821766904,0,24425.4960047975,0,0,0
"insurance","unilasso_loo_false",66,275.671591407961,242.877572787773,349.55222809216,602.103068939538,24239.8502781935,0,0,0
"insurance","unilasso_loo_false",67,266.467663142214,312.456704262901,365.51119313954,0,24914.6752889794,0,0,0
"insurance","unilasso_loo_false",68,237.776899970866,368.503936054118,458.726577480164,0,24230.9202775514,0,0,-292.816292218245
"insurance","unilasso_loo_false",69,261.229885045576,352.929115057921,387.1219392705,0,24290.4211668254,0,0,0
"insurance","unilasso_loo_false",70,242.19545688273,323.633084805738,259.643540965682,0,23033.1437119175,0,0,0
"insurance","unilasso_loo_false",71,267.642848889967,279.929339697451,322.459203166577,358.765654416549,23744.5826916828,0,0,-634.352374840037
"insurance","unilasso_loo_false",72,244.181190100448,285.534113585043,539.025990602928,0,24255.4696222742,0,0,0
"insurance","unilasso_loo_false",73,266.595032509181,343.089431414504,0,0,24180.8079536723,0,0,0
"insurance","unilasso_loo_false",74,255.112515842796,336.966786823442,304.221206984927,0,24283.6831428828,0,0,0
"insurance","unilasso_loo_false",75,248.529159781639,332.712358659296,380.193636165354,0,23099.6689408233,0,0,0
"insurance","unilasso_loo_false",76,258.148522520251,355.474291800326,302.515278216912,0,23760.4799154494,0,0,0
"insurance","unilasso_loo_false",77,233.459428752583,277.96684550583,447.399111668601,0,22868.0578090692,0,0,0
"insurance","unilasso_loo_false",78,249.97254103069,319.486765142198,638.973561356339,0,23791.6694974232,0,0,0
"insurance","unilasso_loo_false",79,259.111526763818,315.838004116292,0,0,24151.5981181758,0,0,0
"insurance","unilasso_loo_false",80,251.397243066626,218.579419708749,670.887681518091,0,24107.2172777,0,0,0
"insurance","unilasso_loo_false",81,260.457599367149,299.409889215052,495.64138023563,0,24215.4673643449,0,0,-532.038042046294
"insurance","unilasso_loo_false",82,260.452932488251,275.804105539928,344.841681527456,167.946499086742,24022.9914202895,0,0,0
"insurance","unilasso_loo_false",83,248.560291504091,294.632128971502,614.509644290289,0,22985.377858705,0,0,0
"insurance","unilasso_loo_false",84,252.916365208844,282.036958573178,400.121118668496,0,23862.5400768062,0,0,0
"insurance","unilasso_loo_false",85,283.213580153831,363.535924150263,384.937004448628,230.919500981468,24433.5857384494,0,0,0
"insurance","unilasso_loo_false",86,246.443633138263,334.05832473441,436.993947192711,0,24152.1633471255,0,0,-463.418782208706
"insurance","unilasso_loo_false",87,259.18804755109,294.324635923231,431.617413336831,0,23774.6721287361,0,0,0
"insurance","unilasso_loo_false",88,266.383280457074,309.809013650461,313.93084755656,0,22802.5290767473,0,0,-836.1437222532
"insurance","unilasso_loo_false",89,270.344705887772,300.804674663613,170.000302579402,0,23316.4648023941,0,0,0
"insurance","unilasso_loo_false",90,247.24361710953,362.601942693751,549.374088081792,0,23852.5089362415,0,0,0
"insurance","unilasso_loo_false",91,248.848718977979,284.926543430844,232.23895108197,0,23488.9356631525,0,0,0
"insurance","unilasso_loo_false",92,262.691432255866,314.083469708555,466.060468161907,0,23602.1457680788,0,0,0
"insurance","unilasso_loo_false",93,254.004847525103,313.224486564234,515.225176907297,0,23872.186838119,0,0,-410.214744519748
"insurance","unilasso_loo_false",94,253.556068465231,318.464351880886,0,0,23551.9240688098,0,0,0
"insurance","unilasso_loo_false",95,248.999821472624,280.547943111815,0,0,23277.3798336883,0,0,0
"insurance","unilasso_loo_false",96,245.346619416778,330.874685406365,633.525633859611,0,23335.237695952,0,0,0
"insurance","unilasso_loo_false",97,250.384580922624,362.297311949571,471.537051934002,0,23979.4406426267,0,0,0
"insurance","unilasso_loo_false",98,255.363502405224,311.784771327635,505.46478218562,0,24506.8600018275,0,0,-520.572593189091
"insurance","unilasso_loo_false",99,268.08394429455,346.27036763931,318.365196228647,0,24804.4857303137,0,0,-557.822006394979
"insurance","unilasso_loo_false",100,257.760195067254,292.116545551047,513.29376378829,0,23693.1432895409,0,0,-538.322428439536
"insurance","polish_unilasso",1,274.220491621611,259.830995829269,0,0,23601.9240273659,0,0,0
"insurance","polish_unilasso",2,237.18379504265,306.062572377899,313.866543540921,0,24561.4539735661,0,0,0
"insurance","polish_unilasso",3,267.36542429718,312.274460596049,265.305380186401,0,24321.2276130606,0,0,0
"insurance","polish_unilasso",4,254.518175077077,324.401410498952,359.262351044772,0,23501.166298751,0,0,0
"insurance","polish_unilasso",5,253.229130008881,278.953557226761,285.736475401513,0,24351.8663005872,0,0,0
"insurance","polish_unilasso",6,269.788254350109,269.294377099968,394.123143564326,0,23312.5264507735,0,0,0
"insurance","polish_unilasso",7,252.377103451425,297.686951188208,489.201074645712,0,23613.85572368,0,0,0
"insurance","polish_unilasso",8,248.703918812019,349.365066030306,324.807025620763,0,24919.6099364629,0,0,0
"insurance","polish_unilasso",9,288.057257777,296.265447544738,414.655149992783,0,23335.4275398381,0,0,0
"insurance","polish_unilasso",10,249.768590108404,332.283168918701,395.998567984826,0,24067.8800549075,0,0,0
"insurance","polish_unilasso",11,235.940646994355,393.758803446051,331.004967397226,0,23082.6118569551,0,0,0
"insurance","polish_unilasso",12,251.260490271534,323.891545681853,0,0,23530.2843032027,0,0,0
"insurance","polish_unilasso",13,241.710214807144,330.927106626105,192.749088224847,0,23002.3683327885,0,0,0
"insurance","polish_unilasso",14,263.65856924211,295.490701748709,524.666164749145,0,22767.1484081431,0,0,0
"insurance","polish_unilasso",15,262.561586970592,310.724876514148,344.466871011922,0,23610.966832351,0,0,0
"insurance","polish_unilasso",16,271.085973088454,277.386103385507,434.037289034401,0,22289.4582846761,0,0,0
"insurance","polish_unilasso",17,235.035881270019,348.631161246599,225.39974149329,0,24224.2315064509,0,0,-574.183834717717
"insurance","polish_unilasso",18,276.136422010045,273.881457524615,0,0,24767.9535164722,0,0,0
"insurance","polish_unilasso",19,258.645728789738,363.618648227926,280.411867784255,0,24269.9915066528,0,0,0
"insurance","polish_unilasso",20,264.965344930659,305.739138434729,239.397264331065,0,23838.8445635679,0,0,0
"insurance","polish_unilasso",21,239.095954011131,350.005928560822,434.797223352776,0,24697.9155959974,0,0,-340.68021224715
"insurance","polish_unilasso",22,248.504473188566,260.499852668421,0,0,24296.5481505628,0,0,0
"insurance","polish_unilasso",23,267.554062272881,300.875706156321,362.230671050665,0,23440.3069121955,486.9141454551,0,-794.218926101043
"insurance","polish_unilasso",24,239.202094587317,306.927032931027,497.761328004277,0,24720.5803089799,-209.200790798918,0,0
"insurance","polish_unilasso",25,270.972540868199,314.184654586892,400.563714292889,0,24563.3092618161,0,-652.54125767387,-772.623510390353
"insurance","polish_unilasso",26,247.838875959978,362.00637001236,742.150816772004,-348.00746425815,22889.6828406022,0,-1308.45613509369,-981.012389806255
"insurance","polish_unilasso",27,261.987706701707,307.947874754821,565.497544232801,0,23634.0644220995,0,0,0
"insurance","polish_unilasso",28,219.229762250624,306.107668332848,0,0,23517.8861752625,0,0,0
"insurance","polish_unilasso",29,250.254664679376,327.419949343724,348.551957523067,0,23449.748797165,0,0,0
"insurance","polish_unilasso",30,252.40622353857,340.113362237936,514.277205453924,0,23984.3314315222,0,0,0
"insurance","polish_unilasso",31,251.490454611308,337.58217068711,541.130498128189,0,23627.1805894616,0,0,-470.768052337878
"insurance","polish_unilasso",32,265.406140711443,371.793347756053,252.525397288758,0,23596.4430405409,0,0,0
"insurance","polish_unilasso",33,265.349109581561,262.414786723661,0,0,24304.4344165343,0,0,0
"insurance","polish_unilasso",34,261.968307916903,414.581489327775,400.733990787236,0,23661.4977892045,0,-1041.79819437389,0
"insurance","polish_unilasso",35,236.303455893362,338.624873499216,428.016624584966,0,23806.2744530741,0,0,0
"insurance","polish_unilasso",36,228.27665360695,318.213184105897,0,0,24462.4235621686,0,0,0
"insurance","polish_unilasso",37,243.276878382438,321.613063858563,429.564854187537,55.6615343051892,24018.6482887525,0,-1002.53180099636,-618.557811502237
"insurance","polish_unilasso",38,230.668109819633,318.176976678789,313.942534361547,0,23380.3315605282,0,0,0
"insurance","polish_unilasso",39,244.744235216179,276.531082701459,392.458452617816,0,24098.5437472156,0,0,0
"insurance","polish_unilasso",40,252.335824350162,301.077553668411,205.133698131422,0,24505.2769557094,0,0,0
"insurance","polish_unilasso",41,260.724747676679,339.66294031506,243.941703503696,0,24732.4922325012,0,0,0
"insurance","polish_unilasso",42,254.663458295547,335.06573306678,383.032265450261,0,23758.0161144888,0,0,0
"insurance","polish_unilasso",43,248.472279026619,296.960284176029,238.949755443963,0,24236.7442988234,0,0,0
"insurance","polish_unilasso",44,231.952657613432,346.712928721098,429.920815110905,0,23967.3910083045,0,0,-321.19563868756
"insurance","polish_unilasso",45,256.933230244417,300.712748136198,433.257639015813,0,23825.1995981465,0,0,0
"insurance","polish_unilasso",46,266.753282155622,291.721870639227,330.695596874338,0,24190.3330739309,0,0,-1318.62111894624
"insurance","polish_unilasso",47,264.975225478395,323.685867476075,260.411997286086,0,24167.6668976812,0,0,-206.618655029209
"insurance","polish_unilasso",48,233.835478868501,330.579399901939,0,0,23312.6932289507,0,0,0
"insurance","polish_unilasso",49,240.341688841239,271.396417288046,223.07765110342,0,23144.0566075316,0,0,0
"insurance","polish_unilasso",50,265.78965045489,303.067831285624,474.113943699052,0,24045.5344891359,0,0,0
"insurance","polish_unilasso",51,256.021794395494,282.524502439645,0,0,24468.4585310076,0,0,0
"insurance","polish_unilasso",52,274.820416931432,271.599787529699,268.328367972981,0,24135.6491820798,0,0,0
"insurance","polish_unilasso",53,276.577769228153,293.846329009791,0,0,24711.0293355735,0,0,0
"insurance","polish_unilasso",54,249.088161638655,333.852575172864,344.638508538264,0,24301.1096986912,0,0,0
"insurance","polish_unilasso",55,282.546028449355,285.670863795987,235.340710052587,0,23616.3664299356,0,0,0
"insurance","polish_unilasso",56,274.562179064392,319.140030497925,419.124978998103,0,23868.7558220133,0,0,0
"insurance","polish_unilasso",57,243.031177530024,370.203423930267,334.821591370933,0,23826.6868093985,0,0,0
"insurance","polish_unilasso",58,261.968150012583,308.022556131637,268.84674738903,0,24746.7859369501,0,0,-671.371376073037
"insurance","polish_unilasso",59,239.618318559168,285.028512991492,385.478037739977,0,21944.9799096578,0,0,0
"insurance","polish_unilasso",60,261.860612685188,359.383587944975,404.774602365246,0,24144.7375770138,0,0,-340.364827085559
"insurance","polish_unilasso",61,239.21028854994,327.352551704318,364.144414047102,0,23988.737171511,0,0,0
"insurance","polish_unilasso",62,259.206439678405,352.618264406208,183.267763887749,0,23158.3554310579,0,0,0
"insurance","polish_unilasso",63,239.25673618198,318.48089601522,655.159507926582,0,23605.2972422089,0,0,0
"insurance","polish_unilasso",64,257.190297479049,312.746699571274,404.896531783346,0,23145.9535132839,0,0,0
"insurance","polish_unilasso",65,264.969444568646,305.146513585291,558.287802930436,-512.68986472943,24563.073727554,0,-1089.00185441801,0
"insurance","polish_unilasso",66,276.663644453922,237.200537390561,285.053127163554,478.384362096785,24390.0329425439,0,0,0
"insurance","polish_unilasso",67,267.003472638282,318.380012764047,355.329796471623,0,25053.0305953266,0,-434.005203921698,0
"insurance","polish_unilasso",68,239.148566889392,391.623357050757,481.01564941045,0,24365.9538859924,0,-1071.31409440838,-657.764941751365
"insurance","polish_unilasso",69,261.711665787431,349.53203866773,208.085173137266,0,24425.6035845018,0,0,0
"insurance","polish_unilasso",70,243.337895444772,324.834175247997,252.43328636435,0,23168.5306223569,0,0,0
"insurance","polish_unilasso",71,268.077838613853,280.039432427328,262.253713412902,0,23783.3541410296,0,0,0
"insurance","polish_unilasso",72,244.877347919856,280.165605777562,429.720633799995,0,24398.1190932299,0,0,0
"insurance","polish_unilasso",73,267.693339034293,342.912281319239,0,0,24280.1444194539,0,0,0
"insurance","polish_unilasso",74,256.256025317546,336.067795704687,280.145796473131,0,24407.4526026805,0,0,0
"insurance","polish_unilasso",75,249.971159966267,330.761742529297,338.548243175157,0,23266.0953603058,0,0,0
"insurance","polish_unilasso",76,257.655079345517,346.822519418009,0,0,23781.9553039864,0,0,0
"insurance","polish_unilasso",77,234.196994276976,274.992977416268,410.296348133452,0,22989.5272475772,0,0,0
"insurance","polish_unilasso",78,251.545965676289,320.184686886051,628.612463125111,0,23938.4692037289,0,0,0
"insurance","polish_unilasso",79,259.927593054421,316.658402737761,0,0,24270.4001881892,0,0,0
"insurance","polish_unilasso",80,252.294691198049,216.073745897215,654.542339878113,0,24236.3607685876,0,0,0
"insurance","polish_unilasso",81,257.917166328113,279.801226033838,245.911696448205,0,24328.4308525401,0,0,0
"insurance","polish_unilasso",82,260.200633015169,271.643036323656,262.989748694454,0,24149.7296247627,0,0,0
"insurance","polish_unilasso",83,249.784020995661,316.878125688072,650.416838687309,-508.785454377013,23148.7390789933,0,-582.822611099959,0
"insurance","polish_unilasso",84,254.41295111811,282.535429584118,368.879071803342,0,24019.4741958414,0,0,0
"insurance","polish_unilasso",85,283.580253857329,356.949899092272,258.292353764898,42.7332093050443,24580.8313699335,0,0,0
"insurance","polish_unilasso",86,245.837306890024,329.897965992228,384.427951302115,0,24145.3334232414,0,0,0
"insurance","polish_unilasso",87,260.299300321726,293.142922821216,404.033781901623,0,23905.3759830229,0,0,0
"insurance","polish_unilasso",88,267.912372241175,307.367897098325,257.832802140026,0,22970.842724103,0,0,-689.200142911424
"insurance","polish_unilasso",89,268.815569613458,287.270703758748,0,0,23375.7664760401,0,0,0
"insurance","polish_unilasso",90,248.104665069249,363.04538819308,531.165476170622,0,23982.505421504,0,0,0
"insurance","polish_unilasso",91,249.531794505657,284.058390856902,209.069772960815,0,23602.5880872897,0,0,0
"insurance","polish_unilasso",92,264.14317554445,313.73723832328,421.074769338548,0,23761.2394115618,0,0,0
"insurance","polish_unilasso",93,253.727819057929,306.431955813267,384.522138117952,0,24003.5661343831,0,0,0
"insurance","polish_unilasso",94,254.679539701675,319.180600571669,0,0,23654.3416675592,0,0,0
"insurance","polish_unilasso",95,254.551560595286,310.576207097416,260.377957322179,0,23355.7069480796,0,0,0
"insurance","polish_unilasso",96,245.762530159802,328.474247056633,568.176382504099,0,23454.3583152468,0,0,0
"insurance","polish_unilasso",97,252.017607489182,374.836438683049,486.990183903442,0,24140.2960457367,0,-555.230419406234,0
"insurance","polish_unilasso",98,254.807211248371,301.245822710284,397.823038040706,0,24629.0839615021,0,0,0
"insurance","polish_unilasso",99,262.351068996138,320.739191273971,0,0,24854.074008628,0,0,0
"insurance","polish_unilasso",100,256.879846031143,284.026779225581,372.953514144198,0,23812.2619074588,0,0,0
"insurance","lasso_cv",1,262.245247642761,251.108786789626,139.963823881431,0,23040.9226623421,0,0,0
"insurance","lasso_cv",2,230.150476786982,299.90861783131,343.472740901438,0,24176.7919927965,0,-239.742268725563,0
"insurance","lasso_cv",3,255.426213932702,293.511125102947,258.767489171057,-189.163404391617,23796.3440738562,0,0,0
"insurance","lasso_cv",4,252.730089838046,352.989788638947,523.139258752445,-91.9781847887159,23489.7044309193,142.827151647445,-1039.24756026836,-816.735014979477
"insurance","lasso_cv",5,245.983451194398,278.13205283624,435.629859846141,-340.073915964499,24045.5508636328,0,-302.626822793496,0
"insurance","lasso_cv",6,260.361743101099,260.363320068713,402.64312019181,0,22853.1891162016,239.346638047473,0,-31.1749215551532
"insurance","lasso_cv",7,240.195520531192,279.891311256277,511.591861356442,0,22973.7992033275,0,0,0
"insurance","lasso_cv",8,242.354581288969,351.760075466015,387.808342059865,-783.148963643426,24666.0195689921,-166.984451489162,-509.956577122702,0
"insurance","lasso_cv",9,285.996175443893,311.448400127098,522.218125330011,-0.864218763893563,23257.4310440532,-866.566122549442,-869.890889809853,-542.732257043384
"insurance","lasso_cv",10,249.501759122444,353.763749169139,537.103713415321,299.043746057655,23807.4134868669,0,-1035.58392137037,-846.39299963683
"insurance","lasso_cv",11,229.952864801726,397.372222377211,369.881751946686,0,22840.0737315742,0,-755.466161496932,-552.441436613286
"insurance","lasso_cv",12,240.344527720233,312.907849339322,117.714860652143,-164.60746755295,22934.290148163,0,0,0
"insurance","lasso_cv",13,237.885160102708,337.564287495868,294.633899673557,0,22618.1250242232,495.557147536683,0,-233.859128646293
"insurance","lasso_cv",14,253.31414224685,278.767729797378,470.121754872655,0,22255.5754787091,0,-46.3905599503066,0
"insurance","lasso_cv",15,263.442437222749,350.061770250173,537.640994991392,-462.353391877612,23531.7077756303,-909.848565728811,-1151.99826623031,-1261.60452603037
"insurance","lasso_cv",16,269.256042248512,317.758522101722,608.742864721091,-418.373734187556,22306.9223452051,-893.363705477702,-1371.97454299073,-711.098948560081
"insurance","lasso_cv",17,227.416230588054,346.97401819678,343.96795934498,0,23824.012308497,0,-389.590510213781,-841.623331360838
"insurance","lasso_cv",18,264.981368519805,270.430174828632,194.309990777755,0,24228.0124304878,0,0,0
"insurance","lasso_cv",19,256.891110996544,395.004653132424,406.959276234679,107.333855613559,24208.1382664029,-645.582522911856,-1710.25179515297,-1398.62528598161
"insurance","lasso_cv",20,256.548291985915,298.288779776613,298.799720562111,-401.485356961809,23435.2820232918,0,0,-48.5075924061935
"insurance","lasso_cv",21,236.211509842369,376.203931600836,538.650472939933,112.9272092649,24660.466385515,709.260421120389,-856.380387236263,-730.438775306486
"insurance","lasso_cv",22,249.923870592097,289.361488706333,308.884334691782,397.095136002614,24225.1144809501,90.4402024610323,-710.74773684815,-523.728212989669
"insurance","lasso_cv",23,263.315405862595,322.979307820786,430.880262787379,-189.596986127909,23212.7664030926,457.421608926534,-1085.11681990285,-1440.06268379075
"insurance","lasso_cv",24,239.448790171924,336.121631238344,700.292669194265,-420.319183453659,24697.8239185966,-1528.43867194445,-1508.47444060701,-1534.50396600165
"insurance","lasso_cv",25,264.558052757246,303.882680000724,379.042079976393,0,24260.3723445441,0,-766.420059827568,-937.1839844977
"insurance","lasso_cv",26,244.426907751881,358.812357046139,729.398662892524,-409.717678282676,22731.49531535,0,-1458.95737812029,-1159.73000519117
"insurance","lasso_cv",27,249.762619633384,288.036898582415,546.817849308923,0,22998.1980666352,0,0,0
"insurance","lasso_cv",28,220.144656740406,336.042989274471,352.477899650941,0,23447.2049155078,0,-853.890864465964,-1115.76842738939
"insurance","lasso_cv",29,242.867783089389,320.847095046757,451.740415655287,0,22982.4544294863,0,0,-444.530849291119
"insurance","lasso_cv",30,243.262871891624,324.511535125544,483.414355316709,0,23474.850062609,17.5828288463327,0,0
"insurance","lasso_cv",31,249.367493072397,359.814703333225,622.706483987884,-12.8996802216743,23390.1776197674,-1153.74968106252,-1506.12929883688,-1707.96254199951
"insurance","lasso_cv",32,256.235416102167,358.485076178897,296.335340317417,0,23135.6850139313,91.8368075156413,0,0
"insurance","lasso_cv",33,265.599768533694,292.672522380906,103.583304504314,-609.860900270802,24331.9627238481,262.670327434493,-561.07583196726,-281.222497741752
"insurance","lasso_cv",34,251.957337004413,396.339495397009,350.57342106479,0,23307.7735058384,0,-1109.3303829442,0
"insurance","lasso_cv",35,238.367066575985,371.856311857181,630.661879647155,-189.366657536002,23810.6099868802,-776.531479046233,-1516.89969104172,-1578.11566266352
"insurance","lasso_cv",36,223.353795679488,313.292794844745,259.817507432108,0,24069.8883288817,82.5744981856908,0,-160.225246966729
"insurance","lasso_cv",37,242.046913867364,326.324928797144,458.620344043639,277.153158916628,24022.2098701811,-769.633163568587,-1860.1693875538,-1518.15580985641
"insurance","lasso_cv",38,223.204696746169,308.514495958435,408.874480283754,0,22938.8198658795,0,0,0
"insurance","lasso_cv",39,236.764443231233,265.41672135163,440.309790339174,62.0595017536395,23595.9378825614,38.4445157688132,0,-679.83747363735
"insurance","lasso_cv",40,247.725352602759,323.66699875026,387.503284481105,0,24325.6791370959,0,-1224.96546994095,-601.462779998151
"insurance","lasso_cv",41,259.582738081244,357.395467961527,360.268106423602,-502.172299072411,24694.8663363923,641.520202539097,-259.478706511456,215.435779720696
"insurance","lasso_cv",42,251.552907674985,363.858698943219,488.269537860533,-450.615123537762,23748.5688812375,-1174.72159305725,-1643.56166495289,-1131.38101148759
"insurance","lasso_cv",43,245.653468458362,320.454522181513,436.611549071366,-733.17842568303,24218.6359296199,-827.962677299765,-1095.69693716878,-1540.45454235866
"insurance","lasso_cv",44,230.280766589818,375.521122991194,668.224282446222,-193.578617070142,23873.0725620251,-1264.60257415981,-1784.41810958562,-1788.38724418324
"insurance","lasso_cv",45,251.285711046027,295.605045906301,532.400980900151,158.634554263112,23424.1501757772,0,0,0
"insurance","lasso_cv",46,261.126013125132,294.503091959988,416.587624039262,-406.323501603593,23933.2065282202,577.878837321878,0,-1107.06842726845
"insurance","lasso_cv",47,255.783356734643,311.325287227555,298.61956130333,0,23714.1200550703,151.751894779225,0,-108.002600419829
"insurance","lasso_cv",48,230.316049074786,329.051632192047,230.099110258487,49.8670217206828,22972.3358798043,-78.8024185195178,0,-497.547407718271
"insurance","lasso_cv",49,226.842628761595,250.992015050549,286.157042119307,0,22468.5414856981,0,0,0
"insurance","lasso_cv",50,259.008538042432,301.819054167221,517.913033803241,0.262144791950358,23665.7493901858,517.273596841568,0,0
"insurance","lasso_cv",51,251.05985658655,307.52054936988,310.105507872519,-283.871172217625,24323.2810261926,372.445280504783,-533.68307930526,0
"insurance","lasso_cv",52,268.095347665865,260.152934613487,338.517011556212,129.409633370073,23854.6664043439,0,0,-318.609704437456
"insurance","lasso_cv",53,272.964692904778,310.475698076131,401.075501593112,-263.920312249264,24606.9695002557,120.826844891511,-447.177787113661,0
"insurance","lasso_cv",54,240.494042659181,323.056926749977,328.960381892195,0,23866.1036111852,428.194703029676,0,0
"insurance","lasso_cv",55,277.39678271899,290.240262649384,390.582172329983,0,23247.269192374,-475.013535999181,-401.95846001301,-875.094160696502
"insurance","lasso_cv",56,267.687362704114,321.56737674206,489.223515617178,190.368889191216,23478.2162506776,152.003180829485,-256.415938690329,0
"insurance","lasso_cv",57,228.779786075318,344.957640463056,430.52424162952,0,23136.1833337551,0,-33.525492755659,0
"insurance","lasso_cv",58,261.37493825416,323.505958753021,498.770892687774,-732.117557228997,24671.9044228746,-981.020367970334,-804.466228550632,-1787.84175709577
"insurance","lasso_cv",59,239.815145307048,312.266357359984,523.522355645324,-705.807374640645,21963.1967046304,-703.257856205122,-801.363467558731,-1425.55708545688
"insurance","lasso_cv",60,259.594727549782,377.006313408754,551.381687381276,-188.907012232217,23977.2016001278,-833.49599957506,-1264.91607715666,-1344.50487232967
"insurance","lasso_cv",61,236.967654617433,350.595344606279,449.288833128849,-206.198173344727,23937.3215231022,339.166600488271,-598.655600794949,-690.685074526811
"insurance","lasso_cv",62,254.198516487693,370.142917427085,219.200583164151,-57.9214494014167,22926.7066190097,0,-1004.81970751062,-697.137489748057
"insurance","lasso_cv",63,237.717831578573,339.243511221581,741.781376864163,-85.2665642247117,23470.0323257373,240.221669981235,-438.035057682781,-901.319765145991
"insurance","lasso_cv",64,249.701251488171,305.990905025291,441.48858657507,0,22931.215965433,0,-420.296999242069,0
"insurance","lasso_cv",65,259.191233509405,298.941637734953,543.550866026273,-594.89157375548,24342.3524407662,0,-1202.66470188904,0
"insurance","lasso_cv",66,265.654659609657,227.069280526704,258.92753001735,363.982918807568,23890.1947516773,0,-189.583729078766,-112.684228151375
"insurance","lasso_cv",67,259.053493036877,323.394595400068,373.739928122309,0,24748.0281407244,0,-1159.82492913757,-502.204810173956
"insurance","lasso_cv",68,232.605855752033,378.625928506648,441.628325485511,0,24002.6661355463,0,-1054.89726820063,-700.93020621506
"insurance","lasso_cv",69,253.334366457639,351.807014489572,351.779440390664,-10.6278368007375,24071.277026446,159.911167282896,-568.038042901568,0
"insurance","lasso_cv",70,233.318498535109,308.226396206621,254.2898135862,0,22621.585463252,0,0,0
"insurance","lasso_cv",71,261.942891223407,269.119463937492,314.984466300584,264.629350088363,23508.1397843248,0,0,-594.25356811949
"insurance","lasso_cv",72,235.366095773599,283.30573626806,465.710964242744,-74.9587303341012,24006.8659869344,0,-749.192783838013,0
"insurance","lasso_cv",73,257.914485794849,340.962170110082,28.5404952263354,0,23879.6620308023,0,-461.606289372742,0
"insurance","lasso_cv",74,250.696029283903,332.885164137754,353.510045037709,116.306043266893,24061.1862244631,0,-104.354334147768,0
"insurance","lasso_cv",75,247.12487620111,359.140562952705,506.40663006646,-706.77174466527,23231.6425158884,-720.046756440495,-1218.25069986236,-768.14696610706
"insurance","lasso_cv",76,253.892836273334,356.574628289711,265.987547752478,-645.82362740449,23684.2236949064,0,-587.929126179989,-368.202722136183
"insurance","lasso_cv",77,226.075561280665,269.124827840549,475.324918153898,0,22497.5908910488,0,0,-45.0182505759256
"insurance","lasso_cv",78,248.295954332221,333.421628956041,695.180154702024,53.8283676567608,23765.4092479027,0,-599.227287002377,-327.488271491662
"insurance","lasso_cv",79,250.802806774773,306.958664454135,78.6361179875013,-184.250885759118,23741.1803549218,0,0,0
"insurance","lasso_cv",80,249.357874628411,228.11322468215,741.118406958595,0,23867.7013918156,0,0,-488.011075003294
"insurance","lasso_cv",81,257.0825703397,308.0686989904,477.22481053811,-46.3388729815483,24218.6981850669,208.291111948698,-581.334982263491,-651.780152787956
"insurance","lasso_cv",82,257.033173660084,271.672653633771,355.101430753793,343.577915133833,23817.0003281224,315.283499865403,0,-14.1196404343721
"insurance","lasso_cv",83,249.292516844576,333.283116537288,725.799019379094,-906.43251882349,23158.7120031656,-860.632064373317,-1680.32455462213,-952.928810609856
"insurance","lasso_cv",84,252.13096863218,311.688269983766,570.197743169673,-595.975773593969,23943.7024369769,-808.916014750936,-1411.89768720085,-1084.25773200756
"insurance","lasso_cv",85,272.886854841714,343.173499832303,346.000949096579,79.2964829193666,24035.5043228121,0,0,0
"insurance","lasso_cv",86,238.038986722122,324.938446646699,424.660200606772,0,23901.1211990618,0,-314.861635137721,-350.542476112849
"insurance","lasso_cv",87,250.902434374289,287.525177945908,379.410166471389,0,23484.4954533929,0,-333.627836942725,-67.3462015928229
"insurance","lasso_cv",88,261.12191633031,301.001389951947,303.386192769755,0,22580.5561240398,143.255761432853,0,-767.731522978604
"insurance","lasso_cv",89,264.248812589073,303.727421888342,267.773229861592,0,23062.8240624548,0,-380.765502380352,-268.388753988326
"insurance","lasso_cv",90,243.517655490619,365.160873586192,652.446086284688,0,23635.2193285676,0,-395.725257999255,-445.35003404842
"insurance","lasso_cv",91,249.476828852749,304.332414858404,361.059528629478,-210.955382381991,23470.5974739206,37.6270382077416,-498.843009514869,-526.407073203595
"insurance","lasso_cv",92,255.888000356464,318.421960271789,492.771380332776,0,23402.8416677626,0,-780.899611255894,-188.544855125096
"insurance","lasso_cv",93,248.421854158846,306.801047170896,475.276223474797,0,23673.6124480658,543.81689436527,0,-178.705277019686
"insurance","lasso_cv",94,254.609212615375,355.22021070408,338.167775268489,-489.921246053681,23684.0648814571,-703.676850482492,-1446.9484106361,-1309.98891894479
"insurance","lasso_cv",95,247.198869798842,293.098296396006,280.83044822047,0,23097.9964513737,-119.453470626092,102.662586791982,0
"insurance","lasso_cv",96,244.730360444827,343.664492899304,721.211817203175,0,23287.0330258614,-551.580538042879,-742.476851120466,-815.402049783932
"insurance","lasso_cv",97,251.510653991348,393.329545654201,576.966507618745,0,24091.1270585189,-901.386359917052,-1922.13527956973,-1161.45521865908
"insurance","lasso_cv",98,252.167052393838,315.356935159007,467.370768966544,-3.94903611251268,24411.844205488,0,-484.618620910425,-658.552303134876
"insurance","lasso_cv",99,262.19554726172,356.44076275686,259.008032311399,0,24668.4192191232,0,-973.712129581342,-748.930332973351
"insurance","lasso_cv",100,256.969265333247,316.606922778791,509.81894673636,-466.466569270585,23856.3099676151,-843.28933461132,-1512.53388238847,-1348.03577374509
"insurance","unireg",1,276.221200666524,275.168303975805,142.156519699297,38.9969858488563,23691.0580611137,0,0,0
"insurance","unireg",2,237.365967848547,306.558774089565,324.753117847588,0,24565.3817542048,0,0,0
"insurance","unireg",3,267.513611411816,312.864465848274,276.477796530341,0,24324.6486618237,0,0,0
"insurance","unireg",4,255.330697051303,324.487828676448,219.799243607328,0,23640.9989916343,0,0,-82.9759128034516
"insurance","unireg",5,253.390209227638,279.538635596181,305.265772999638,0,24360.8257825758,0,0,0
"insurance","unireg",6,270.528876152235,275.183329748221,448.225868657361,0,23333.9002008712,0,0,-64.5845543211695
"insurance","unireg",7,253.615563323269,302.007911291598,559.701430680158,0,23649.580801254,0,0,-3.73683339464818
"insurance","unireg",8,249.165441562486,350.900296970262,355.439184935806,0,24930.4162398148,0,0,0
"insurance","unireg",9,288.853034364103,300.777455753897,466.303493772873,0,23355.3657074363,-29.6168638412371,0,0
"insurance","unireg",10,252.728073262676,338.99627190616,506.661048233985,195.203203026558,24118.1189575368,0,0,-241.283864407557
"insurance","unireg",11,235.871950068906,395.771337145746,214.527099566455,0,23192.3778502135,0,0,0
"insurance","unireg",12,256.316020311764,342.506623431377,195.969912448915,0,23632.4341926226,0,0,0
"insurance","unireg",13,246.147167523307,344.799473780152,329.88585481849,0,23052.1823974009,0,0,-371.790436362365
"insurance","unireg",14,263.774086406765,296.082796960173,529.936556884682,0,22769.553809394,0,0,0
"insurance","unireg",15,265.420664031357,324.892789130706,456.654314445485,0,23654.3833710267,0,0,-170.716972602903
"insurance","unireg",16,272.268039694483,290.857801610491,540.261455815928,0,22351.9024013684,0,0,0
"insurance","unireg",17,236.132173010643,351.53499018661,306.022078204686,0,24247.9741017199,0,0,-717.147653608131
"insurance","unireg",18,279.028162334475,296.703377799309,235.85701330194,80.0279294945159,24887.3425907761,0,0,0
"insurance","unireg",19,259.418694103268,365.530699726547,324.825443004128,0,24287.6645612928,0,0,0
"insurance","unireg",20,265.961100147041,310.158767180419,307.199991920282,0,23860.2157215359,0,0,0
"insurance","unireg",21,240.447533085077,354.277410511164,492.867816833823,0,24713.867573778,0,0,-514.886781556525
"insurance","unireg",22,252.061875996922,275.574127740281,51.8648701671013,230.587404383795,24379.6838275949,0,0,0
"insurance","unireg",23,267.772598287016,302.408824546188,373.467782569959,0,23447.5728946204,545.225387015564,0,-818.585288573739
"insurance","unireg",24,240.33684309494,310.320720623128,577.13136876489,0,24742.3421548124,-372.512319336533,0,0
"insurance","unireg",25,271.775613444815,298.87804587337,392.572110355299,0,24610.7610588744,0,0,-565.708401193739
"insurance","unireg",26,249.591304666004,327.987637075808,663.247508739515,0,22976.7410810976,0,0,-375.261148287104
"insurance","unireg",27,263.092831562628,313.748625319102,628.034511273646,0,23665.0951927603,0,0,-13.0688963672442
"insurance","unireg",28,224.818904290495,321.626857670651,264.442320071727,0,23657.1611056959,0,0,-436.653336334176
"insurance","unireg",29,253.192423025598,340.702741861297,498.847795660563,0,23528.105548888,0,0,-368.898622114406
"insurance","unireg",30,253.58438942898,344.284857306359,548.095058297697,0,23997.8023021912,0,0,0
"insurance","unireg",31,251.895277433154,339.233137205495,558.495674557865,0,23634.3846251305,0,0,-539.849979894946
"insurance","unireg",32,266.044236492118,375.018522061744,311.175818345084,0,23619.0710173414,0,0,0
"insurance","unireg",33,267.379362239176,272.108775065892,33.9890611025166,0,24342.7017373166,0,0,0
"insurance","unireg",34,262.498756814722,390.565218259515,408.463248782141,0,23664.2350455604,0,0,0
"insurance","unireg",35,238.448702202722,345.293715487876,548.87031335723,0,23867.1986675703,0,0,-367.183527195455
"insurance","unireg",36,233.386451665634,330.940025769786,252.122568771383,0,24589.8044872895,0,0,-286.69758854173
"insurance","unireg",37,244.06338862394,296.624179991032,311.368447271945,163.510219453827,24145.2873082212,0,0,0
"insurance","unireg",38,231.688271881729,322.995328743001,389.220630363905,0,23413.5616246445,0,0,0
"insurance","unireg",39,246.213395474627,280.541206018606,453.177650844311,0,24149.2803848576,0,0,-193.830539207309
"insurance","unireg",40,252.589960108122,301.88917009383,228.094054835864,0,24514.8376998535,0,0,0
"insurance","unireg",41,260.874235434135,340.259613823578,254.378118426935,0,24735.5621242864,0,0,0
"insurance","unireg",42,254.762943595247,335.790588606614,392.280538025271,0,23762.5306029577,0,0,0
"insurance","unireg",43,249.17356488141,300.379529254833,279.342974888405,0,24372.0423465814,0,0,-548.501472701215
"insurance","unireg",44,232.393545574776,349.77035354861,504.160722015176,0,24000.7502543626,0,0,-446.125974042118
"insurance","unireg",45,259.593441887274,308.517724158362,539.909218535717,157.72762761534,23861.1095187596,0,0,0
"insurance","unireg",46,266.888089684482,292.166415433637,342.916358399136,0,24193.6310419867,0,0,-1334.46767381592
"insurance","unireg",47,265.56892017322,325.713514661922,306.356234608627,0,24176.1503838767,0,0,-281.25597552168
"insurance","unireg",48,239.865739683337,343.42231353696,0,87.5405408690226,23391.8361964933,-50.4242111925241,0,-426.819486964247
"insurance","unireg",49,241.48576002993,276.904441819188,316.58717461286,0,23185.1665740639,0,0,0
"insurance","unireg",50,267.038262807226,309.511236059542,531.110990053774,0,24069.7452743218,0,0,0
"insurance","unireg",51,258.531576506054,301.209453749784,256.107037319682,0,24598.0190879382,0,0,0
"insurance","unireg",52,276.316518678913,271.094687869818,287.649079592108,55.824668945891,24297.326741563,0,0,-236.42567459371
"insurance","unireg",53,279.18810250704,305.53541425466,247.214876883467,0,24844.0940500694,0,0,0
"insurance","unireg",54,249.22384864111,334.30455286701,352.13436237346,0,24303.780260784,0,0,0
"insurance","unireg",55,285.030168464727,295.041744218449,387.473910452861,0,23671.8509216703,-177.510057138704,0,-550.318708879128
"insurance","unireg",56,276.681391497203,327.506556348222,517.352225749869,179.551831489262,23908.6184164728,0,0,0
"insurance","unireg",57,243.280293857205,370.8821970651,355.897999928792,0,23836.8848024466,0,0,0
"insurance","unireg",58,262.984347778092,310.294782833977,337.919028266958,0,24778.4000270952,0,0,-807.60115325658
"insurance","unireg",59,240.596741610842,290.845595897099,434.349090767714,0,21983.0588046115,0,0,-111.65818155575
"insurance","unireg",60,262.1378812826,360.012070611245,418.538492034164,0,24149.7546450794,0,0,-367.075266762208
"insurance","unireg",61,239.348060448714,327.872310337279,372.193924324532,0,23991.7094395777,0,0,0
"insurance","unireg",62,259.418135607363,354.016115131347,197.324339774407,0,23163.8967087828,0,0,0
"insurance","unireg",63,241.298101844794,327.302680045226,726.420620055972,0,23659.5549992638,0,0,-410.641305845775
"insurance","unireg",64,258.374556264195,312.511533615997,316.100658376854,0,23323.3458959192,0,0,0
"insurance","unireg",65,265.740135084706,274.229934838382,500.73937069436,0,24565.7895926251,0,0,0
"insurance","unireg",66,276.775616110865,238.007874525362,293.403669544098,492.017713633944,24392.2157095574,0,0,0
"insurance","unireg",67,267.424659906422,310.687615041676,237.840801365613,0,25071.6027647192,0,0,0
"insurance","unireg",68,238.760017210483,368.492046125817,439.679291272671,0,24390.6858300847,0,0,-184.708276687185
"insurance","unireg",69,261.910854076191,350.213046392927,229.239379653911,0,24433.9862213134,0,0,0
"insurance","unireg",70,244.553229886648,330.018536185807,311.343494777375,0,23192.8365204513,0,0,0
"insurance","unireg",71,269.110111435312,278.750329309317,224.81856853364,250.927605374982,23912.8620550914,0,0,-365.71424084951
"insurance","unireg",72,245.032568674137,280.862248486312,442.354531087969,0,24403.2527064245,0,0,0
"insurance","unireg",73,269.185860853662,348.16289384299,67.5634041058331,0,24299.1585910796,0,0,0
"insurance","unireg",74,257.483546939759,341.611152942399,354.731154975913,50.4333432584075,24427.3747828245,0,0,0
"insurance","unireg",75,250.179611122673,331.389013571308,351.325035233858,0,23271.2102168984,0,0,0
"insurance","unireg",76,259.126558354875,352.951404481608,127.444790417643,0,23853.5652149379,0,0,0
"insurance","unireg",77,236.625561339753,287.616490297077,533.642180374141,0,23036.9966232274,0,0,-147.798439975863
"insurance","unireg",78,252.101745684716,322.642184968787,657.879014872018,0,23948.2822562472,0,0,0
"insurance","unireg",79,263.754957805247,327.995242931147,119.014028151107,0,24329.7289157907,-138.195876377902,0,0
"insurance","unireg",80,256.721962871023,238.279036439579,782.208042260603,0,24303.3958037605,0,0,-499.636091707183
"insurance","unireg",81,261.320685400161,295.276710212887,423.912039279128,0,24387.7563979014,0,0,-353.183031380041
"insurance","unireg",82,262.143034304261,277.322754950662,343.899388949679,130.309547669177,24183.1203027178,0,0,0
"insurance","unireg",83,250.179793256405,297.038279819187,615.546915786605,0,23154.9221588272,0,0,0
"insurance","unireg",84,254.930327518758,284.619491622126,412.426129461194,0,24037.8597495763,0,0,0
"insurance","unireg",85,285.619032090097,366.443796684826,404.085159629123,245.622004128554,24601.6314432313,0,0,0
"insurance","unireg",86,246.451265243992,333.007636145269,0,0,24182.144149621,0,0,-164.019599722586
"insurance","unireg",87,260.448008858401,293.767169971472,411.259126162913,0,23908.2514531792,0,0,0
"insurance","unireg",88,268.074647670675,308.107914425963,267.189129714675,0,22974.9967648263,0,0,-720.82750970623
"insurance","unireg",89,273.157536887533,305.949658937716,256.387817510345,0,23474.0048307772,0,0,-130.880579297598
"insurance","unireg",90,251.819419964559,373.135855027486,689.094852819514,0,24011.8222864159,0,0,-311.46261422446
"insurance","unireg",91,252.228171135331,293.637909298422,320.241031377644,0,23624.5461255597,0,0,-172.643023393659
"insurance","unireg",92,264.305191564772,314.242640773144,433.467384642504,0,23766.549669569,0,0,0
"insurance","unireg",93,255.256798991957,312.047958529775,466.865620968894,0,24035.4912699088,0,0,-248.807192196555
"insurance","unireg",94,257.401847998786,328.353302076618,145.166027050262,0,23734.3936258582,0,0,-244.116052817179
"insurance","unireg",95,256.226497733386,306.088697319328,174.725515570286,0,23552.3891900603,-176.705660483018,103.822089383551,0
"insurance","unireg",96,247.852270365941,335.645554226933,673.61203271487,0,23497.3917509582,0,0,0
"insurance","unireg",97,252.194986562818,364.002495745723,470.18704953513,0,24143.9821988655,0,0,0
"insurance","unireg",98,256.09676702031,307.405706476571,455.531167419412,0,24646.1971803229,0,0,-195.03573179125
"insurance","unireg",99,268.733210120961,343.805714864734,237.032943864007,0,24957.066647985,0,0,-328.798691312093
"insurance","unireg",100,257.786991212917,288.348571104279,426.646661930843,0,23832.8040821372,0,0,-44.9999209465982
"insurance","least_squares",1,274.374574948358,291.643973821037,294.905537962865,214.925474717624,23570.0637348561,217.914244949101,-408.728698772977,-484.746211031888
"insurance","least_squares",2,236.84619209681,324.832062315705,430.920316760629,-163.48189385286,24488.6159103415,-205.938824788766,-780.973368708594,-356.87205856912
"insurance","least_squares",3,266.514312156139,333.829854097738,411.292420192325,-625.495575216655,24340.8063599878,158.798008847324,-505.240519718777,-384.281821664434
"insurance","least_squares",4,253.961987192466,358.458005339316,542.231421264797,-142.108638883108,23557.3579764254,146.267670815659,-1131.70895875458,-898.560901562995
"insurance","least_squares",5,250.795105508993,297.184326326284,521.946652676346,-574.33216565927,24327.0947759095,-382.151173529224,-834.192689610225,-348.901196801821
"insurance","least_squares",6,268.267974217356,292.884514794658,531.74455469202,-57.7043010580819,23259.6633011391,384.947677279118,-386.485239859759,-479.09414771624
"insurance","least_squares",7,253.348782449835,320.661512799196,655.460647886031,252.866795012646,23527.380082704,-81.2430193541388,-775.016217253176,-616.008330422014
"insurance","least_squares",8,247.264955254314,368.905730469685,459.650408667454,-979.952024238371,24912.6986495247,-612.21407938398,-991.52020115933,-277.55328745904
"insurance","least_squares",9,286.891141396811,316.162151497674,537.179626194497,-45.7927073864969,23310.4613623447,-998.69771024033,-1026.68775638491,-680.119214631477
"insurance","least_squares",10,253.289335135927,366.178091232897,579.317388456721,396.311985807759,23942.6037512097,-130.489027932549,-1365.70830465033,-1132.56151246153
"insurance","least_squares",11,236.730608536536,420.63021345144,448.034741605514,-31.0462349857049,23091.8267522753,-478.854575358336,-1411.00419534258,-1181.07776269644
"insurance","least_squares",12,254.210172055468,365.092011603673,308.954951178956,-747.114724741858,23669.1159518982,238.646596246857,-534.247760449364,-382.393241183959
"insurance","least_squares",13,245.855761483772,364.289017262161,377.958395641946,26.838734758886,22968.4601239032,515.532940803557,-462.625571736103,-647.357553643296
"insurance","least_squares",14,262.873391545331,312.435621165161,588.021240989421,-345.686615269708,22695.3023605451,-319.041770333962,-723.534092676658,-230.928552810593
"insurance","least_squares",15,263.442442166609,350.061796024716,537.641079934523,-462.3536039668,23531.7080040021,-909.849248240986,-1151.99905130141,-1261.60525397637
"insurance","least_squares",16,269.34125537801,318.235487808174,610.249328923266,-421.917084834238,22311.6119765174,-906.372834989741,-1386.47862311759,-724.979657501211
"insurance","least_squares",17,233.629437805102,375.186346820453,437.531087929315,158.898578344235,24103.0819343366,-549.268829476637,-1185.98648735958,-1563.7193048336
"insurance","least_squares",18,277.192790272115,312.601909037785,358.976377062341,290.501190125129,24761.8132215482,-64.5890393916056,-477.041707911967,-518.020135926007
"insurance","least_squares",19,258.076265525841,399.894173751788,422.403182345646,142.929523072934,24261.5885779552,-796.778396452654,-1877.00904107486,-1555.22095577401
"insurance","least_squares",20,264.163783904127,329.417645952012,413.668615016208,-696.875777516405,23802.1155579146,-568.340684877517,-684.08720521293,-779.634541471679
"insurance","least_squares",21,237.432638083939,381.284430876553,555.514363342067,153.066271483329,24726.9261873073,707.793964274786,-964.863085906227,-820.390035051389
"insurance","least_squares",22,251.743793583372,295.970170472362,331.502011004975,447.806149074584,24299.2875214138,81.8279554965259,-847.478797331102,-652.284151199786
"insurance","least_squares",23,265.067592773533,330.485739073785,457.990280376553,-260.15469901686,23298.8995250401,445.628145843919,-1233.4115705055,-1571.9677495071
"insurance","least_squares",24,239.448796276572,336.121657376968,700.29276459121,-420.319412172315,24697.8242096199,-1528.43937012357,-1508.47527357349,-1534.50468706364
"insurance","least_squares",25,270.587644815033,326.481638296004,449.508886202051,-80.4071634163876,24506.3480307648,-435.94234106816,-1425.67443558475,-1534.12491649079
"insurance","least_squares",26,248.03898272531,371.774931231789,776.25170425336,-526.11697733651,22869.6294233787,-253.329101120197,-1805.15561178784,-1490.43269696855
"insurance","least_squares",27,262.260565410919,336.99503054879,713.887989222416,150.79110064677,23507.3276646658,-533.786979355844,-1059.71409683788,-931.813167808114
"insurance","least_squares",28,223.831427849132,350.478051396536,398.269543228387,0.300315948794144,23631.1293430679,-189.349264839915,-1232.86781618493,-1458.31539001341
"insurance","least_squares",29,252.898873831013,353.593149084762,571.011473007866,-118.547978472314,23421.9689439239,-182.905681740788,-535.643985582762,-1051.3444936768
"insurance","least_squares",30,253.565973811306,356.828481209239,599.52232125435,36.2054122591884,23876.7255372162,331.90288740051,-209.224546714432,-110.426074607132
"insurance","least_squares",31,252.272476029586,371.637313098442,661.729276305685,-112.446429349095,23506.0916659459,-1490.5698262989,-1884.11069135007,-2051.72779072155
"insurance","least_squares",32,265.239017838726,385.654276168163,405.149526706015,213.005324013308,23486.3082135273,288.373251261044,-245.04360542914,-326.909653167703
"insurance","least_squares",33,266.803092287733,297.278467439484,116.60355296484,-652.639796621998,24388.9667223316,257.564325888887,-652.317958333486,-358.628160397916
"insurance","least_squares",34,260.107970682768,432.784505284482,466.199735131952,-82.4464271898684,23671.7793111115,-757.63327895046,-2087.39225063493,-809.083152382917
"insurance","least_squares",35,238.36707291825,371.856334145266,630.661965245633,-189.366872224334,23810.6102602976,-776.532180471607,-1516.90048615262,-1578.11637856442
"insurance","least_squares",36,232.332698757524,341.208930342235,375.079409609682,-135.720583075724,24484.6046792111,283.481468140839,-298.373101120633,-506.366361222887
"insurance","least_squares",37,243.743017235736,331.710793151895,479.966329148528,316.097767703678,24083.1407724037,-949.239632465454,-2057.25315289998,-1709.35517372193
"insurance","least_squares",38,231.57978763851,339.157043934296,520.208855674214,-105.288912997037,23277.5810450178,-517.91403947522,-648.78793587033,-635.412929322407
"insurance","least_squares",39,246.460900737927,294.626754930781,554.124397523766,319.743824504813,24016.4912532021,115.327091491801,-468.926667163318,-1176.22865119252
"insurance","least_squares",40,250.673679241126,335.407753758271,430.551211870085,-69.4448005367046,24466.385472137,-148.503757459293,-1516.72051482587,-870.505639893415
"insurance","least_squares",41,260.352274502711,360.143022843511,370.220211151551,-535.589133440609,24732.9464865306,687.510170020433,-269.920572281167,257.187315654645
"insurance","least_squares",42,251.552912460047,363.858723419249,488.269614413484,-450.615352356709,23748.5691786938,-1174.72230412117,-1643.56240732609,-1131.38172828024
"insurance","least_squares",43,246.073222850827,322.61028343686,444.589130317493,-754.439712951473,24240.0182206783,-892.617633845703,-1166.60108975104,-1605.56728957732
"insurance","least_squares",44,230.524080469752,376.618900620968,672.112950082321,-204.753380115349,23885.6638345907,-1300.20126663968,-1823.26042421708,-1824.60223135249
"insurance","least_squares",45,258.422321367327,316.133622104226,621.624229383567,369.269084773493,23722.8089100642,-505.203642413602,-542.013451477225,-359.384905515218
"insurance","least_squares",46,264.917688686393,308.143858078581,475.705989756323,-564.82958723252,24124.5200547182,602.22049664991,-189.445242726371,-1308.63569435139
"insurance","least_squares",47,264.182432901879,340.212488699272,404.863022751071,-210.825750879531,24073.93974218,295.072901069222,-365.979528055184,-491.8877955948
"insurance","least_squares",48,238.580908900829,350.130348729134,338.086235625986,243.544699408734,23286.7750474918,-734.453743206684,-507.93159612249,-1174.20263165625
"insurance","least_squares",49,240.699910885285,302.754746177005,460.923293127277,-146.857453696721,23098.2289633875,-554.205210066465,-1181.00214171805,-862.880247412053
"insurance","least_squares",50,266.605249279773,323.576077908467,600.585776868979,198.598276829688,23951.7409864059,697.765371267934,-147.710053292709,-216.419447841467
"insurance","least_squares",51,256.010192801703,327.702732444341,378.782155518321,-482.769393358567,24600.1601025488,534.035001697079,-761.582621272011,2.06764013993336
"insurance","least_squares",52,274.816888197128,281.693335085401,428.752647363702,348.094975225805,24145.0797422303,-101.335116722018,-339.162090163969,-715.710381149197
"insurance","least_squares",53,277.035510162122,327.05590582978,453.841276550465,-416.87804565459,24819.2869650954,159.521709336605,-710.858029359051,-168.071235022317
"insurance","least_squares",54,248.169895453966,350.495969398987,445.768281081355,-244.542843540926,24230.3038162596,612.915553640535,-347.186768452469,-214.350239848986
"insurance","least_squares",55,283.241518651106,314.597675815007,489.650791313509,-218.386460098696,23487.8508724488,-1230.9103776908,-1231.02750087567,-1672.64988471272
"insurance","least_squares",56,274.229344383496,349.679982225059,565.173065248727,396.765525086214,23786.6738171153,151.517658146435,-779.820695137794,-374.173685226962
"insurance","least_squares",57,244.210628159237,389.405991587228,596.103026991413,135.521560678139,23692.1995992884,-487.493625904911,-1017.3289405379,-547.614896378319
"insurance","least_squares",58,261.640957726493,324.553344556749,501.869078339055,-742.722564761077,24684.882596342,-1015.06840897197,-842.521951884529,-1822.65583974204
"insurance","least_squares",59,239.900181764102,312.624215480989,524.618051917133,-708.242703005351,21967.4753518764,-713.026659203481,-812.304749738872,-1436.00558941534
"insurance","least_squares",60,260.849960423434,382.005561707277,567.708483792501,-233.067537328374,24037.847599662,-981.861044880857,-1431.72153174922,-1496.06529147082
"insurance","least_squares",61,237.183692934067,351.640914370463,452.324175719441,-214.443442391484,23950.1469925135,338.930778565353,-617.590992627263,-708.255831155104
"insurance","least_squares",62,257.993657294345,387.222798957788,266.889359014928,-215.334892966202,23119.2691705877,-78.0991459188651,-1351.95850233491,-995.964790149301
"insurance","least_squares",63,239.737515516762,348.913370099761,769.068278813914,-167.962142882383,23586.6739970741,228.729616750807,-622.033999907555,-1061.90044111991
"insurance","least_squares",64,258.776937427396,331.647969162619,542.014142259125,-184.057493576541,23316.2799679106,-616.013721551567,-1235.41003946452,-581.018091985807
"insurance","least_squares",65,263.946300874147,317.681923909762,610.729798643939,-766.525964951784,24536.0608196583,-258.083100681691,-1666.20662954705,-368.759392052936
"insurance","least_squares",66,274.496890483357,264.043516440342,380.644386844937,621.945160424188,24299.3940427375,-691.916634700789,-1207.53617720619,-1096.67787850221
"insurance","least_squares",67,264.453680853541,342.760817321536,445.784229314785,-1.33635907471501,24972.3646943687,-322.285443961635,-1687.92891490038,-1006.5175154828
"insurance","least_squares",68,239.186957571912,399.689602715698,531.587571697363,157.320453331652,24205.2304131788,-502.650430029676,-1767.29534114622,-1363.72567054924
"insurance","least_squares",69,260.083374284239,377.544793605371,436.688251820935,-270.843232849846,24400.3573355787,324.808781926436,-914.333795408652,-164.603146085378
"insurance","least_squares",70,245.036900092964,348.308588560763,389.118445240032,-380.34467974138,23143.2285341424,-211.983085083349,-735.127247698853,-545.957067071447
"insurance","least_squares",71,267.715842796567,290.720475750942,387.497765305302,418.964748233275,23767.9423875367,-82.5413675233498,-420.582868037175,-1000.68737683716
"insurance","least_squares",72,243.94460719695,314.474588319821,584.8988862868,-393.693587059043,24461.8073788081,95.6298120831229,-1168.63104970492,-8.64885665848116
"insurance","least_squares",73,266.966229868793,376.881001942907,152.138921500557,-11.246925589317,24285.582630433,-759.438707878653,-1501.35229596069,-754.998202697172
"insurance","least_squares",74,257.211689686182,356.586853035167,427.915901226397,313.825937282363,24291.3063388555,-311.657189932659,-677.586931687517,-425.115508502232
"insurance","least_squares",75,247.432858513477,360.649979563132,511.366935864694,-722.817611820192,23249.5310252538,-764.821819076717,-1265.61358458615,-812.259456933566
"insurance","least_squares",76,257.702888688104,370.36951112023,315.351747134534,-788.130473684475,23863.8060884987,-55.4590670619356,-891.283667139062,-665.592474844184
"insurance","least_squares",77,234.362569432471,311.751243899618,611.70438881374,-357.240086951226,22975.4922901657,-471.84227137451,-870.675381205281,-841.997601967625
"insurance","least_squares",78,251.478151158944,345.79283067892,733.73042236372,137.749358841648,23911.0143445981,-5.5757695413052,-839.772334740972,-551.992145193545
"insurance","least_squares",79,261.226074391814,346.392859103278,234.156564304178,-639.309578553696,24288.0150784297,-780.876810610131,-771.083485300432,-629.315686646983
"insurance","least_squares",80,255.555394859059,247.965926183442,823.606102105022,-57.6989050296935,24155.3669790291,-319.042130281989,-376.544480018681,-971.167474166237
"insurance","least_squares",81,259.9133888073,320.034200814602,515.005111422332,-155.534402551348,24380.5091480461,196.056512085547,-817.071392170495,-840.749429052588
"insurance","least_squares",82,263.216129926394,286.361887562453,416.03023984866,513.4350501862,24041.0931317729,436.925649267391,-135.057461476677,-225.187969085801
"insurance","least_squares",83,249.292522746089,333.283140143224,725.799107660893,-906.432769348055,23158.7122616141,-860.632785990969,-1680.32533603364,-952.929564566192
"insurance","least_squares",84,252.142191642788,311.743435717617,570.392723809434,-596.40893652892,23944.2934005365,-810.505627220721,-1413.72867139328,-1085.92103362179
"insurance","least_squares",85,283.746158705748,380.728783537998,506.073342955945,396.303082768897,24425.1098859566,-434.103228948014,-744.608762457891,-621.800769428789
"insurance","least_squares",86,243.363429549258,351.353037047274,530.567064893738,-174.461852485162,24206.5212459884,-517.339063094276,-1090.24253252536,-1071.25833290304
"insurance","least_squares",87,258.324999466628,321.818247709342,479.483086484765,-106.052754186132,23877.1290995487,-31.5852647392599,-991.132084688679,-635.770343561409
"insurance","least_squares",88,267.808178144694,314.59190165084,368.52310293653,109.6434602743,22820.6014678858,446.120736100238,168.803268959591,-838.38912489969
"insurance","least_squares",89,270.211644257567,331.555757333075,349.385288129069,-92.32099815904,23363.511467518,-565.378305178568,-1160.99553245425,-963.99485848222
"insurance","least_squares",90,250.441981037979,391.759843464585,761.722340513258,253.246937323493,23936.2010050912,-473.083595733463,-1175.2719584045,-1149.43424871356
"insurance","least_squares",91,251.183160690864,311.45674576383,386.639769612566,-278.764953991084,23552.6465031272,35.908825297085,-635.999349462117,-641.020165768676
"insurance","least_squares",92,261.800211780584,342.554161747009,583.37844450609,-84.0761119547321,23687.9858194791,-456.129055385038,-1488.94038120731,-824.768968965394
"insurance","least_squares",93,254.738875122283,328.394527432046,548.893350093068,5.10281628371009,23943.6441559091,580.424897251821,-343.589320994447,-513.298826191625
"insurance","least_squares",94,254.609217542919,355.220233276521,338.167860061207,-489.921438813039,23684.0651047701,-703.67755234532,-1446.94920598258,-1309.98965163682
"insurance","least_squares",95,255.140187735813,306.125784098362,387.060301626959,-17.9471030211034,23412.8166266275,-254.794687225158,335.774070809287,148.142188682408
"insurance","least_squares",96,247.682459829252,356.379015091124,761.059922684034,-44.341316145001,23432.8166190161,-898.417229318397,-1150.95074988912,-1175.1187811495
"insurance","least_squares",97,253.52983698154,399.878963433388,603.218731279591,-27.8869253038235,24176.6235798,-1104.52113093934,-2158.7290449168,-1380.45224361292
"insurance","least_squares",98,254.796249799789,327.739655240071,502.889516738146,-110.135771278522,24540.3609782811,-83.7117249401585,-760.073592271261,-910.427280062494
"insurance","least_squares",99,267.494745422729,379.289013165026,332.616303968374,-62.6651922429058,24899.8598451354,-385.606077611333,-1587.89649795718,-1276.51419309824
"insurance","least_squares",100,257.018973336324,316.813805347477,510.441282915376,-468.526224256781,23858.9833087014,-849.458045033638,-1519.23658082601,-1354.1998962215
